SSDT @ 0x0000000000000000
    0000: 53 53 44 54 D8 0A 00 00 01 4B 50 6D 52 65 66 00  SSDT.....KPmRef.
    0010: 43 70 75 50 6D 00 00 00 00 30 00 00 49 4E 54 4C  CpuPm....0..INTL
    0020: 11 07 12 20 10 4C 0B 5C 00 08 53 53 44 54 12 43  ... .L.\..SSDT.C
    0030: 05 0C 0D 43 50 55 30 49 53 54 20 00 0C 98 9A DB  ...CPU0IST .....
    0040: C2 0C 1F 05 00 00 0D 41 50 49 53 54 20 20 20 00  .......APIST   .
    0050: 0C 18 D6 D9 CB 0C AA 05 00 00 0D 43 50 55 30 43  ...........CPU0C
    0060: 53 54 20 00 0C 18 DC D9 CB 0C D3 03 00 00 0D 41  ST ............A
    0070: 50 43 53 54 20 20 20 00 0C 98 CD D9 CB 0C 19 01  PCST   .........
    0080: 00 00 08 5C 50 44 43 30 0C 00 00 00 80 08 5C 50  ...\PDC0......\P
    0090: 44 43 31 0C 00 00 00 80 08 5C 50 44 43 32 0C 00  DC1......\PDC2..
    00A0: 00 00 80 08 5C 50 44 43 33 0C 00 00 00 80 08 5C  ....\PDC3......\
    00B0: 50 44 43 34 0C 00 00 00 80 08 5C 50 44 43 35 0C  PDC4......\PDC5.
    00C0: 00 00 00 80 08 5C 50 44 43 36 0C 00 00 00 80 08  .....\PDC6......
    00D0: 5C 50 44 43 37 0C 00 00 00 80 08 5C 53 44 54 4C  \PDC7......\SDTL
    00E0: 00 10 44 0E 5C 5F 50 52 5F 5B 80 50 50 4D 54 00  ..D.\_PR_[.PPMT.
    00F0: 0C 18 FE 7F CA 0B 3A 00 5B 81 4C 0C 50 50 4D 54  ......:.[.L.PPMT
    0100: 10 50 47 52 56 08 43 46 47 44 20 00 08 41 43 52  .PGRV.CFGD ..ACR
    0110: 54 08 41 50 53 56 08 41 41 43 30 08 43 50 49 44  T.APSV.AAC0.CPID
    0120: 20 43 50 50 43 08 43 43 54 50 08 43 4C 56 4C 08   CPPC.CCTP.CLVL.
    0130: 43 42 4D 49 08 50 4C 31 30 10 50 4C 32 30 10 50  CBMI.PL10.PL20.P
    0140: 4C 57 30 08 43 54 43 30 08 54 41 52 30 08 50 50  LW0.CTC0.TAR0.PP
    0150: 43 30 08 50 4C 31 31 10 50 4C 32 31 10 50 4C 57  C0.PL11.PL21.PLW
    0160: 31 08 43 54 43 31 08 54 41 52 31 08 50 50 43 31  1.CTC1.TAR1.PPC1
    0170: 08 50 4C 31 32 10 50 4C 32 32 10 50 4C 57 32 08  .PL12.PL22.PLW2.
    0180: 43 54 43 32 08 54 41 52 32 08 50 50 43 32 08 43  CTC2.TAR2.PPC2.C
    0190: 33 4D 57 08 43 36 4D 57 08 43 37 4D 57 08 43 44  3MW.C6MW.C7MW.CD
    01A0: 4D 57 08 43 33 4C 54 10 43 36 4C 54 10 43 37 4C  MW.C3LT.C6LT.C7L
    01B0: 54 10 43 44 4C 54 10 43 44 4C 56 10 43 44 50 57  T.CDLT.CDLV.CDPW
    01C0: 10 4D 50 4D 46 08 10 43 24 5C 2E 5F 50 52 5F 43  .MPMF..C$\._PR_C
    01D0: 50 55 30 08 48 49 30 5F 00 08 48 43 30 5F 00 14  PU0.HI0_..HC0_..
    01E0: 3C 5F 50 44 43 01 A0 27 5B 12 5C 2F 03 5F 50 52  <_PDC..'[.\/._PR
    01F0: 5F 43 50 55 30 5F 50 50 43 00 70 43 50 50 43 5C  _CPU0_PPC.pCPPC\
    0200: 2F 03 5F 50 52 5F 43 50 55 30 5F 50 50 43 70 43  /._PR_CPU0_PPCpC
    0210: 50 44 43 68 60 47 43 41 50 60 A4 60 14 17 5F 4F  PDCh`GCAP`.`.._O
    0220: 53 43 04 70 43 4F 53 43 68 69 6A 6B 60 47 43 41  SC.pCOSChijk`GCA
    0230: 50 60 A4 60 14 48 06 43 50 44 43 01 8A 68 00 52  P`.`.H.CPDC..h.R
    0240: 45 56 53 8A 68 0A 04 53 49 5A 45 70 87 68 60 70  EVS.h..SIZEp.h`p
    0250: 74 60 0A 08 00 61 5B 13 68 0A 40 77 61 0A 08 00  t`...a[.h.@wa...
    0260: 54 45 4D 50 08 53 54 53 30 11 07 0A 04 00 00 00  TEMP.STS0.......
    0270: 00 73 53 54 53 30 54 45 4D 50 62 A4 43 4F 53 43  .sSTS0TEMPb.COSC
    0280: 11 13 0A 10 16 A6 77 40 0C 29 BE 47 9E BD D8 70  ......w@.).G...p
    0290: 58 71 39 53 52 45 56 53 53 49 5A 45 62 14 4D 0B  Xq9SREVSSIZEb.M.
    02A0: 43 4F 53 43 04 8A 6B 00 53 54 53 30 8A 6B 0A 04  COSC..k.STS0.k..
    02B0: 43 41 50 30 8A 68 00 49 49 44 30 8A 68 0A 04 49  CAP0.h.IID0.h..I
    02C0: 49 44 31 8A 68 0A 08 49 49 44 32 8A 68 0A 0C 49  ID1.h..IID2.h..I
    02D0: 49 44 33 08 55 49 44 30 11 13 0A 10 16 A6 77 40  ID3.UID0......w@
    02E0: 0C 29 BE 47 9E BD D8 70 58 71 39 53 8A 55 49 44  .).G...pXq9S.UID
    02F0: 30 00 45 49 44 30 8A 55 49 44 30 0A 04 45 49 44  0.EID0.UID0..EID
    0300: 31 8A 55 49 44 30 0A 08 45 49 44 32 8A 55 49 44  1.UID0..EID2.UID
    0310: 30 0A 0C 45 49 44 33 A0 32 92 90 90 93 49 49 44  0..EID3.2....IID
    0320: 30 45 49 44 30 93 49 49 44 31 45 49 44 31 90 93  0EID0.IID1EID1..
    0330: 49 49 44 32 45 49 44 32 93 49 49 44 33 45 49 44  IID2EID2.IID3EID
    0340: 33 70 0A 06 53 54 53 30 A4 6B A0 0E 92 93 69 01  3p..STS0.k....i.
    0350: 70 0A 0A 53 54 53 30 A4 6B A4 6B 14 4E 0A 47 43  p..STS0.k.k.N.GC
    0360: 41 50 01 8A 68 00 53 54 53 30 8A 68 0A 04 43 41  AP..h.STS0.h..CA
    0370: 50 30 A0 12 91 93 53 54 53 30 0A 06 93 53 54 53  P0....STS0...STS
    0380: 30 0A 0A A4 00 A0 16 7B 53 54 53 30 01 00 7B 43  0......{STS0..{C
    0390: 41 50 30 0B FF 0B 43 41 50 30 A4 00 7D 7B 50 44  AP0...CAP0..}{PD
    03A0: 43 30 0C FF FF FF 7F 00 43 41 50 30 50 44 43 30  C0......CAP0PDC0
    03B0: A0 47 05 7B 43 46 47 44 0A 7A 00 A0 4C 04 90 90  .G.{CFGD.z..L...
    03C0: 7B 43 46 47 44 0B 00 02 00 7B 50 44 43 30 0A 18  {CFGD....{PDC0..
    03D0: 00 92 7B 53 44 54 4C 0A 02 00 7D 53 44 54 4C 0A  ..{SDTL...}SDTL.
    03E0: 02 53 44 54 4C 5B 80 43 53 54 30 00 83 88 53 53  .SDTL[.CST0...SS
    03F0: 44 54 0A 07 00 83 88 53 53 44 54 0A 08 00 5B 20  DT.....SSDT...[ 
    0400: 43 53 54 30 48 43 30 5F A4 00 10 4F 16 5C 2E 5F  CST0HC0_...O.\._
    0410: 50 52 5F 43 50 55 31 08 48 49 31 5F 00 08 48 43  PR_CPU1.HI1_..HC
    0420: 31 5F 00 14 1F 5F 50 44 43 01 70 5C 2F 03 5F 50  1_..._PDC.p\/._P
    0430: 52 5F 43 50 55 30 43 50 44 43 68 60 47 43 41 50  R_CPU0CPDCh`GCAP
    0440: 60 A4 60 14 22 5F 4F 53 43 04 70 5C 2F 03 5F 50  `.`."_OSC.p\/._P
    0450: 52 5F 43 50 55 30 43 4F 53 43 68 69 6A 6B 60 47  R_CPU0COSChijk`G
    0460: 43 41 50 60 A4 60 14 4E 07 47 43 41 50 01 8A 68  CAP`.`.N.GCAP..h
    0470: 00 53 54 53 31 8A 68 0A 04 43 41 50 31 A0 12 91  .STS1.h..CAP1...
    0480: 93 53 54 53 31 0A 06 93 53 54 53 31 0A 0A A4 00  .STS1...STS1....
    0490: A0 16 7B 53 54 53 31 01 00 7B 43 41 50 31 0B FF  ..{STS1..{CAP1..
    04A0: 0B 43 41 50 31 A4 00 7D 7B 50 44 43 31 0C FF FF  .CAP1..}{PDC1...
    04B0: FF 7F 00 43 41 50 31 50 44 43 31 A0 10 93 7B 50  ...CAP1PDC1...{P
    04C0: 44 43 31 0A 09 00 0A 09 41 50 50 54 A0 0D 7B 50  DC1.....APPT..{P
    04D0: 44 43 31 0A 18 00 41 50 43 54 70 50 44 43 31 50  DC1...APCTpPDC1P
    04E0: 44 43 30 A4 00 14 4A 04 41 50 43 54 00 A0 42 04  DC0...J.APCT..B.
    04F0: 90 7B 43 46 47 44 0A 7A 00 92 7B 53 44 54 4C 0A  .{CFGD.z..{SDTL.
    0500: 20 00 7D 53 44 54 4C 0A 20 53 44 54 4C 5B 80 43   .}SDTL. SDTL[.C
    0510: 53 54 31 00 83 88 53 53 44 54 0A 0A 00 83 88 53  ST1...SSDT.....S
    0520: 53 44 54 0A 0B 00 5B 20 43 53 54 31 48 43 31 5F  SDT...[ CST1HC1_
    0530: 14 49 04 41 50 50 54 00 A0 41 04 90 7B 43 46 47  .I.APPT..A..{CFG
    0540: 44 01 00 92 7B 53 44 54 4C 0A 10 00 7D 53 44 54  D...{SDTL...}SDT
    0550: 4C 0A 10 53 44 54 4C 5B 80 49 53 54 31 00 83 88  L..SDTL[.IST1...
    0560: 53 53 44 54 0A 04 00 83 88 53 53 44 54 0A 05 00  SSDT.....SSDT...
    0570: 5B 20 49 53 54 31 48 49 31 5F 10 44 0E 5C 2E 5F  [ IST1HI1_.D.\._
    0580: 50 52 5F 43 50 55 32 14 1F 5F 50 44 43 01 70 5C  PR_CPU2.._PDC.p\
    0590: 2F 03 5F 50 52 5F 43 50 55 30 43 50 44 43 68 60  /._PR_CPU0CPDCh`
    05A0: 47 43 41 50 60 A4 60 14 22 5F 4F 53 43 04 70 5C  GCAP`.`."_OSC.p\
    05B0: 2F 03 5F 50 52 5F 43 50 55 30 43 4F 53 43 68 69  /._PR_CPU0COSChi
    05C0: 6A 6B 60 47 43 41 50 60 A4 60 14 44 09 47 43 41  jk`GCAP`.`.D.GCA
    05D0: 50 01 8A 68 00 53 54 53 32 8A 68 0A 04 43 41 50  P..h.STS2.h..CAP
    05E0: 32 A0 12 91 93 53 54 53 32 0A 06 93 53 54 53 32  2....STS2...STS2
    05F0: 0A 0A A4 00 A0 16 7B 53 54 53 32 01 00 7B 43 41  ......{STS2..{CA
    0600: 50 32 0B FF 0B 43 41 50 32 A4 00 7D 7B 50 44 43  P2...CAP2..}{PDC
    0610: 32 0C FF FF FF 7F 00 43 41 50 32 50 44 43 32 A0  2......CAP2PDC2.
    0620: 1B 93 7B 50 44 43 32 0A 09 00 0A 09 5C 2F 03 5F  ..{PDC2.....\/._
    0630: 50 52 5F 43 50 55 31 41 50 50 54 A0 18 7B 50 44  PR_CPU1APPT..{PD
    0640: 43 32 0A 18 00 5C 2F 03 5F 50 52 5F 43 50 55 31  C2...\/._PR_CPU1
    0650: 41 50 43 54 70 50 44 43 32 50 44 43 30 A4 00 10  APCTpPDC2PDC0...
    0660: 44 0E 5C 2E 5F 50 52 5F 43 50 55 33 14 1F 5F 50  D.\._PR_CPU3.._P
    0670: 44 43 01 70 5C 2F 03 5F 50 52 5F 43 50 55 30 43  DC.p\/._PR_CPU0C
    0680: 50 44 43 68 60 47 43 41 50 60 A4 60 14 22 5F 4F  PDCh`GCAP`.`."_O
    0690: 53 43 04 70 5C 2F 03 5F 50 52 5F 43 50 55 30 43  SC.p\/._PR_CPU0C
    06A0: 4F 53 43 68 69 6A 6B 60 47 43 41 50 60 A4 60 14  OSChijk`GCAP`.`.
    06B0: 44 09 47 43 41 50 01 8A 68 00 53 54 53 33 8A 68  D.GCAP..h.STS3.h
    06C0: 0A 04 43 41 50 33 A0 12 91 93 53 54 53 33 0A 06  ..CAP3....STS3..
    06D0: 93 53 54 53 33 0A 0A A4 00 A0 16 7B 53 54 53 33  .STS3......{STS3
    06E0: 01 00 7B 43 41 50 33 0B FF 0B 43 41 50 33 A4 00  ..{CAP3...CAP3..
    06F0: 7D 7B 50 44 43 33 0C FF FF FF 7F 00 43 41 50 33  }{PDC3......CAP3
    0700: 50 44 43 33 A0 1B 93 7B 50 44 43 33 0A 09 00 0A  PDC3...{PDC3....
    0710: 09 5C 2F 03 5F 50 52 5F 43 50 55 31 41 50 50 54  .\/._PR_CPU1APPT
    0720: A0 18 7B 50 44 43 33 0A 18 00 5C 2F 03 5F 50 52  ..{PDC3...\/._PR
    0730: 5F 43 50 55 31 41 50 43 54 70 50 44 43 33 50 44  _CPU1APCTpPDC3PD
    0740: 43 30 A4 00 10 44 0E 5C 2E 5F 50 52 5F 43 50 55  C0...D.\._PR_CPU
    0750: 34 14 1F 5F 50 44 43 01 70 5C 2F 03 5F 50 52 5F  4.._PDC.p\/._PR_
    0760: 43 50 55 30 43 50 44 43 68 60 47 43 41 50 60 A4  CPU0CPDCh`GCAP`.
    0770: 60 14 22 5F 4F 53 43 04 70 5C 2F 03 5F 50 52 5F  `."_OSC.p\/._PR_
    0780: 43 50 55 30 43 4F 53 43 68 69 6A 6B 60 47 43 41  CPU0COSChijk`GCA
    0790: 50 60 A4 60 14 44 09 47 43 41 50 01 8A 68 00 53  P`.`.D.GCAP..h.S
    07A0: 54 53 34 8A 68 0A 04 43 41 50 34 A0 12 91 93 53  TS4.h..CAP4....S
    07B0: 54 53 34 0A 06 93 53 54 53 34 0A 0A A4 00 A0 16  TS4...STS4......
    07C0: 7B 53 54 53 34 01 00 7B 43 41 50 34 0B FF 0B 43  {STS4..{CAP4...C
    07D0: 41 50 34 A4 00 7D 7B 50 44 43 34 0C FF FF FF 7F  AP4..}{PDC4.....
    07E0: 00 43 41 50 34 50 44 43 34 A0 1B 93 7B 50 44 43  .CAP4PDC4...{PDC
    07F0: 34 0A 09 00 0A 09 5C 2F 03 5F 50 52 5F 43 50 55  4.....\/._PR_CPU
    0800: 31 41 50 50 54 A0 18 7B 50 44 43 34 0A 18 00 5C  1APPT..{PDC4...\
    0810: 2F 03 5F 50 52 5F 43 50 55 31 41 50 43 54 70 50  /._PR_CPU1APCTpP
    0820: 44 43 34 50 44 43 30 A4 00 10 44 0E 5C 2E 5F 50  DC4PDC0...D.\._P
    0830: 52 5F 43 50 55 35 14 1F 5F 50 44 43 01 70 5C 2F  R_CPU5.._PDC.p\/
    0840: 03 5F 50 52 5F 43 50 55 30 43 50 44 43 68 60 47  ._PR_CPU0CPDCh`G
    0850: 43 41 50 60 A4 60 14 22 5F 4F 53 43 04 70 5C 2F  CAP`.`."_OSC.p\/
    0860: 03 5F 50 52 5F 43 50 55 30 43 4F 53 43 68 69 6A  ._PR_CPU0COSChij
    0870: 6B 60 47 43 41 50 60 A4 60 14 44 09 47 43 41 50  k`GCAP`.`.D.GCAP
    0880: 01 8A 68 00 53 54 53 35 8A 68 0A 04 43 41 50 35  ..h.STS5.h..CAP5
    0890: A0 12 91 93 53 54 53 35 0A 06 93 53 54 53 35 0A  ....STS5...STS5.
    08A0: 0A A4 00 A0 16 7B 53 54 53 35 01 00 7B 43 41 50  .....{STS5..{CAP
    08B0: 35 0B FF 0B 43 41 50 35 A4 00 7D 7B 50 44 43 35  5...CAP5..}{PDC5
    08C0: 0C FF FF FF 7F 00 43 41 50 35 50 44 43 35 A0 1B  ......CAP5PDC5..
    08D0: 93 7B 50 44 43 35 0A 09 00 0A 09 5C 2F 03 5F 50  .{PDC5.....\/._P
    08E0: 52 5F 43 50 55 31 41 50 50 54 A0 18 7B 50 44 43  R_CPU1APPT..{PDC
    08F0: 35 0A 18 00 5C 2F 03 5F 50 52 5F 43 50 55 31 41  5...\/._PR_CPU1A
    0900: 50 43 54 70 50 44 43 35 50 44 43 30 A4 00 10 44  PCTpPDC5PDC0...D
    0910: 0E 5C 2E 5F 50 52 5F 43 50 55 36 14 1F 5F 50 44  .\._PR_CPU6.._PD
    0920: 43 01 70 5C 2F 03 5F 50 52 5F 43 50 55 30 43 50  C.p\/._PR_CPU0CP
    0930: 44 43 68 60 47 43 41 50 60 A4 60 14 22 5F 4F 53  DCh`GCAP`.`."_OS
    0940: 43 04 70 5C 2F 03 5F 50 52 5F 43 50 55 30 43 4F  C.p\/._PR_CPU0CO
    0950: 53 43 68 69 6A 6B 60 47 43 41 50 60 A4 60 14 44  SChijk`GCAP`.`.D
    0960: 09 47 43 41 50 01 8A 68 00 53 54 53 36 8A 68 0A  .GCAP..h.STS6.h.
    0970: 04 43 41 50 36 A0 12 91 93 53 54 53 36 0A 06 93  .CAP6....STS6...
    0980: 53 54 53 36 0A 0A A4 00 A0 16 7B 53 54 53 36 01  STS6......{STS6.
    0990: 00 7B 43 41 50 36 0B FF 0B 43 41 50 36 A4 00 7D  .{CAP6...CAP6..}
    09A0: 7B 50 44 43 36 0C FF FF FF 7F 00 43 41 50 36 50  {PDC6......CAP6P
    09B0: 44 43 36 A0 1B 93 7B 50 44 43 36 0A 09 00 0A 09  DC6...{PDC6.....
    09C0: 5C 2F 03 5F 50 52 5F 43 50 55 31 41 50 50 54 A0  \/._PR_CPU1APPT.
    09D0: 18 7B 50 44 43 36 0A 18 00 5C 2F 03 5F 50 52 5F  .{PDC6...\/._PR_
    09E0: 43 50 55 31 41 50 43 54 70 50 44 43 36 50 44 43  CPU1APCTpPDC6PDC
    09F0: 30 A4 00 10 44 0E 5C 2E 5F 50 52 5F 43 50 55 37  0...D.\._PR_CPU7
    0A00: 14 1F 5F 50 44 43 01 70 5C 2F 03 5F 50 52 5F 43  .._PDC.p\/._PR_C
    0A10: 50 55 30 43 50 44 43 68 60 47 43 41 50 60 A4 60  PU0CPDCh`GCAP`.`
    0A20: 14 22 5F 4F 53 43 04 70 5C 2F 03 5F 50 52 5F 43  ."_OSC.p\/._PR_C
    0A30: 50 55 30 43 4F 53 43 68 69 6A 6B 60 47 43 41 50  PU0COSChijk`GCAP
    0A40: 60 A4 60 14 44 09 47 43 41 50 01 8A 68 00 53 54  `.`.D.GCAP..h.ST
    0A50: 53 37 8A 68 0A 04 43 41 50 37 A0 12 91 93 53 54  S7.h..CAP7....ST
    0A60: 53 37 0A 06 93 53 54 53 37 0A 0A A4 00 A0 16 7B  S7...STS7......{
    0A70: 53 54 53 37 01 00 7B 43 41 50 37 0B FF 0B 43 41  STS7..{CAP7...CA
    0A80: 50 37 A4 00 7D 7B 50 44 43 37 0C FF FF FF 7F 00  P7..}{PDC7......
    0A90: 43 41 50 37 50 44 43 37 A0 1B 93 7B 50 44 43 37  CAP7PDC7...{PDC7
    0AA0: 0A 09 00 0A 09 5C 2F 03 5F 50 52 5F 43 50 55 31  .....\/._PR_CPU1
    0AB0: 41 50 50 54 A0 18 7B 50 44 43 37 0A 18 00 5C 2F  APPT..{PDC7...\/
    0AC0: 03 5F 50 52 5F 43 50 55 31 41 50 43 54 70 50 44  ._PR_CPU1APCTpPD
    0AD0: 43 37 50 44 43 30 A4 00                          C7PDC0..

MCFG @ 0x0000000000000000
    0000: 4D 43 46 47 3C 00 00 00 01 9C 44 45 4C 4C 20 20  MCFG<.....DELL  
    0010: 43 42 58 33 20 20 20 00 09 20 07 01 4D 53 46 54  CBX3   .. ..MSFT
    0020: 97 00 00 00 00 00 00 00 00 00 00 00 00 00 00 F8  ................
    0030: 00 00 00 00 00 00 00 3F 00 00 00 00              .......?....

ASF! @ 0x0000000000000000
    0000: 41 53 46 21 A5 00 00 00 20 B9 49 4E 54 45 4C 20  ASF!.... .INTEL 
    0010: 20 48 43 47 00 00 00 00 01 00 00 00 54 46 53 4D   HCG........TFSM
    0020: 40 42 0F 00 00 00 10 00 FF FF 01 00 00 00 02 A2  @B..............
    0030: 00 00 00 00 01 00 2C 00 00 00 03 0C 89 04 01 01  ......,.........
    0040: 05 6F 00 68 08 88 17 00 89 04 04 04 07 6F 00 68  .o.h.........o.h
    0050: 20 88 03 00 89 05 01 01 19 6F 00 68 20 88 22 00   ........o.h .".
    0060: 02 00 18 00 04 04 00 00 00 88 00 03 01 88 00 02  ................
    0070: 02 88 00 01 03 88 00 04 03 00 17 00 22 18 00 00  ............"...
    0080: 00 1B F0 00 00 00 01 57 00 00 00 00 01 00 00 84  .......W........
    0090: 00 16 00 00 10 5C 68 88 C2 D2 DC A0 A2 A4 A6 C8  .....\h.........
    00A0: 00 00 00 00 00                                   .....

APIC @ 0x0000000000000000
    0000: 41 50 49 43 92 00 00 00 03 BF 44 45 4C 4C 20 20  APIC......DELL  
    0010: 43 42 58 33 20 20 20 00 09 20 07 01 41 4D 49 20  CBX3   .. ..AMI 
    0020: 13 00 01 00 00 00 E0 FE 01 00 00 00 00 08 01 00  ................
    0030: 01 00 00 00 00 08 02 02 01 00 00 00 00 08 03 04  ................
    0040: 01 00 00 00 00 08 04 06 01 00 00 00 00 08 05 01  ................
    0050: 01 00 00 00 00 08 06 03 01 00 00 00 00 08 07 05  ................
    0060: 01 00 00 00 00 08 08 07 01 00 00 00 01 0C 08 00  ................
    0070: 00 00 C0 FE 00 00 00 00 02 0A 00 00 02 00 00 00  ................
    0080: 00 00 02 0A 00 09 09 00 00 00 0D 00 04 06 FF 05  ................
    0090: 00 01                                            ..

SLIC @ 0x0000000000000000
    0000: 53 4C 49 43 76 01 00 00 03 6A 44 45 4C 4C 20 20  SLICv....jDELL  
    0010: 43 42 58 33 20 20 20 00 09 20 07 01 4D 53 46 54  CBX3   .. ..MSFT
    0020: 13 00 01 00 00 00 00 00 9C 00 00 00 06 02 00 00  ................
    0030: 00 24 00 00 52 53 41 31 00 04 00 00 01 00 01 00  .$..RSA1........
    0040: 7F F6 C1 05 BE 5C 57 63 A5 8A 68 F3 6E 8F 06 FA  .....\Wc..h.n...
    0050: AF B4 9F 68 82 23 EC 50 40 5A 73 7F EC E4 07 CB  ...h.#.P@Zs.....
    0060: DC 25 1A 9C E3 E3 66 11 E0 A5 98 06 C5 80 0A FA  .%....f.........
    0070: 42 93 86 98 E7 D5 1B D4 D7 3A A4 0B EE E2 7D BE  B........:....}.
    0080: 5F 5B 15 0C AB D0 21 DE BF E9 B5 6E A4 57 B9 8C  _[....!....n.W..
    0090: 0C D2 BA 3A 69 30 76 94 71 A2 64 D7 4C D8 85 BF  ...:i0v.q.d.L...
    00A0: DF A5 6A C8 DC 45 D5 4D 8C B8 8C 05 2F FC 2E 23  ..j..E.M..../..#
    00B0: C4 29 C5 6F 3F 29 6C 6D 57 79 0E B6 75 ED 21 95  .).o?)lmWy..u.!.
    00C0: 01 00 00 00 B6 00 00 00 00 00 02 00 44 45 4C 4C  ............DELL
    00D0: 20 20 43 42 58 33 20 20 20 00 57 49 4E 44 4F 57    CBX3   .WINDOW
    00E0: 53 20 01 00 02 00 00 00 00 00 00 00 00 00 00 00  S ..............
    00F0: 00 00 00 00 00 00 7A AB 2D D4 C8 27 C3 2F CB 4C  ......z.-..'./.L
    0100: 40 7E 26 1A 0B EE 49 FC 48 09 7F F8 12 CC 64 18  @~&...I.H.....d.
    0110: 35 B3 63 EC 48 C2 25 47 53 92 31 30 E1 18 0C 55  5.c.H.%GS.10...U
    0120: ED 57 6A F5 E7 79 01 34 2D 7C FA 3C 30 A1 41 C8  .Wj..y.4-|.<0.A.
    0130: 84 31 6F 45 FB B4 CC ED 13 E0 9D 25 78 7C 37 45  .1oE.......%x|7E
    0140: CE 29 A2 CC 65 84 2E 5F B6 65 F7 EE 27 EE E6 2C  .)..e.._.e..'..,
    0150: B7 41 1D 20 16 AC 9C 7C 95 E3 36 92 19 30 7B B6  .A. ...|..6..0{.
    0160: A1 75 EA A2 40 4F EA BE 71 92 E5 20 FE C4 70 10  .u..@O..q.. ..p.
    0170: 1A 9D DF 78 BA C3                                ...x..

SSDT @ 0x0000000000000000
    0000: 53 53 44 54 60 01 00 00 01 78 49 6E 74 65 6C 00  SSDT`....xIntel.
    0010: 7A 70 6F 64 64 00 00 00 00 10 00 00 49 4E 54 4C  zpodd.......INTL
    0020: 11 07 12 20 5B 80 45 43 42 58 01 0A B2 0A 02 5B  ... [.ECBX.....[
    0030: 81 10 45 43 42 58 01 45 43 53 49 08 45 43 53 44  ..ECBX.ECSI.ECSD
    0040: 08 A0 4E 11 93 52 54 44 33 00 10 42 0D 5C 2F 04  ..N..RTD3..B.\/.
    0050: 5F 53 42 5F 50 43 49 30 53 41 54 30 50 52 54 31  _SB_PCI0SAT0PRT1
    0060: 14 4C 0B 5F 44 53 4D 0C 08 5F 54 5F 31 00 08 5F  .L._DSM.._T_1.._
    0070: 54 5F 30 00 A0 44 0A 93 68 11 13 0A 10 30 EF FA  T_0..D..h....0..
    0080: BD BB AE DE 11 8A 39 08 00 20 0C 9A 66 A2 4B 08  ......9.. ..f.K.
    0090: 01 70 99 6A 00 5F 54 5F 30 A0 37 93 5F 54 5F 30  .p.j._T_0.7._T_0
    00A0: 00 A2 2F 01 70 99 69 00 5F 54 5F 31 A0 1C 93 5F  ../.p.i._T_1..._
    00B0: 54 5F 31 01 A0 0F 93 50 46 4C 56 46 44 54 50 A4  T_1....PFLVFDTP.
    00C0: 11 03 01 00 A4 11 03 01 0F A1 06 A4 11 03 01 00  ................
    00D0: A5 A1 46 04 A0 09 93 5F 54 5F 30 01 A4 01 A1 39  ..F...._T_0....9
    00E0: A0 18 93 5F 54 5F 30 0A 02 70 0A 55 45 43 53 44  ..._T_0..p.UECSD
    00F0: 70 0A E2 45 43 53 49 A4 01 A1 1E A0 18 93 5F 54  p..ECSI......._T
    0100: 5F 30 0A 03 70 0A AA 45 43 53 44 70 0A E2 45 43  _0..p..ECSDp..EC
    0110: 53 49 A4 01 A1 03 A4 00 A5 A1 03 A4 00 10 42 04  SI............B.
    0120: 5C 5F 47 50 45 14 3A 5F 4C 31 33 00 A0 0C 93 50  \_GPE.:_L13....P
    0130: 46 4C 56 46 44 54 50 A4 00 70 00 47 50 45 33 7D  FLVFDTP..p.GPE3}
    0140: 5C 47 4C 30 38 0A 10 5C 47 4C 30 38 86 5C 2F 03  \GL08..\GL08.\/.
    0150: 5F 53 42 5F 50 43 49 30 53 41 54 30 0A 82 A4 00  _SB_PCI0SAT0....

DSDT @ 0x0000000000000000
    0000: 44 53 44 54 B1 1E 01 00 02 4F 44 45 4C 4C 20 20  DSDT.....ODELL  
    0010: 43 42 58 33 20 20 20 00 14 00 00 00 49 4E 54 4C  CBX3   .....INTL
    0020: 11 07 12 20 08 53 4D 42 53 0B 80 05 08 53 4D 42  ... .SMBS....SMB
    0030: 4C 0A 20 08 50 4D 42 53 0B 00 18 08 47 50 42 53  L. .PMBS....GPBS
    0040: 0B 00 1C 08 53 4D 49 50 0A B2 08 41 50 43 42 0C  ....SMIP...APCB.
    0050: 00 00 C0 FE 08 41 50 43 4C 0B 00 10 08 53 4D 43  .....APCL....SMC
    0060: 52 0B 30 18 08 48 50 54 42 0C 00 00 D0 FE 08 48  R.0..HPTB......H
    0070: 50 54 43 0C 04 F4 D1 FE 08 46 4C 53 5A 0C 00 00  PTC......FLSZ...
    0080: 60 00 08 53 52 43 42 0C 00 C0 D1 FE 08 52 43 4C  `..SRCB......RCL
    0090: 4E 0B 00 40 08 50 45 42 53 0C 00 00 00 F8 08 50  N..@.PEBS......P
    00A0: 45 4C 4E 0C 00 00 00 04 08 4C 41 50 42 0C 00 00  ELN......LAPB...
    00B0: E0 FE 08 45 47 50 42 0C 00 90 D1 FE 08 4D 43 48  ...EGPB......MCH
    00C0: 42 0C 00 00 D1 FE 08 56 54 42 53 0C 00 00 D9 FE  B......VTBS.....
    00D0: 08 56 54 4C 4E 0B 00 40 08 41 43 50 48 0A DE 08  .VTLN..@.ACPH...
    00E0: 41 53 53 42 00 08 41 4F 54 42 00 08 41 41 58 42  ASSB..AOTB..AAXB
    00F0: 00 08 50 45 48 50 01 08 53 48 50 43 01 08 50 45  ..PEHP..SHPC..PE
    0100: 50 4D 01 08 50 45 45 52 01 08 50 45 43 53 01 08  PM..PEER..PECS..
    0110: 49 54 4B 45 00 08 46 4D 42 4C 01 08 46 44 54 50  ITKE..FMBL..FDTP
    0120: 0A 02 08 46 55 50 53 0A 03 08 46 55 57 53 0A 04  ...FUPS...FUWS..
    0130: 08 42 47 52 5F 01 08 42 46 52 5F 0A 02 08 42 42  .BGR_..BFR_...BB
    0140: 52 5F 0A 03 08 42 57 43 5F 0A 04 08 42 57 54 31  R_...BWC_...BWT1
    0150: 0A 20 08 42 46 48 43 0B 00 01 08 54 52 54 50 01  . .BFHC....TRTP.
    0160: 08 57 44 54 45 01 08 54 52 54 44 0A 02 08 54 52  .WDTE..TRTD...TR
    0170: 54 49 0A 03 08 50 46 54 49 0A 04 08 47 43 44 44  TI...PFTI...GCDD
    0180: 01 08 44 53 54 41 0A 0A 08 44 53 4C 4F 0A 0C 08  ..DSTA...DSLO...
    0190: 44 53 4C 43 0A 0E 08 50 49 54 53 0A 10 08 53 42  DSLC...PITS...SB
    01A0: 43 53 0A 12 08 53 41 4C 53 0A 13 08 4C 53 53 53  CS...SALS...LSSS
    01B0: 0A 2A 08 53 4F 4F 54 0A 35 08 50 44 42 52 0A 4D  .*.SOOT.5.PDBR.M
    01C0: 08 42 57 31 50 0A 21 08 42 57 32 43 0A 22 08 42  .BW1P.!.BW2C.".B
    01D0: 57 32 50 0A 23 08 42 53 50 43 0A 24 08 42 53 50  W2P.#.BSPC.$.BSP
    01E0: 50 0A 25 08 42 49 43 4F 0A 27 08 42 49 43 43 0A  P.%.BICO.'.BICC.
    01F0: 28 08 42 48 42 5F 0A 30 08 42 46 53 32 0A 31 08  (.BHB_.0.BFS2.1.
    0200: 42 46 53 33 0A 32 08 42 46 53 34 0A 33 08 42 52  BFS3.2.BFS4.3.BR
    0210: 48 5F 0A 35 08 53 4D 49 54 0A B2 08 4F 46 53 54  H_.5.SMIT...OFST
    0220: 0A BC 08 54 50 4D 46 00 08 54 43 4D 46 00 08 54  ...TPMF..TCMF..T
    0230: 4D 46 31 00 08 54 4D 46 32 00 08 54 4D 46 33 00  MF1..TMF2..TMF3.
    0240: 08 54 52 53 54 0A 02 08 48 49 44 4B 0D 4D 53 46  .TRST...HIDK.MSF
    0250: 54 30 30 30 31 00 08 48 49 44 4D 0D 4D 53 46 54  T0001..HIDM.MSFT
    0260: 30 30 30 33 00 08 43 49 44 4B 0C 41 D0 03 03 08  0003..CIDK.A....
    0270: 43 49 44 4D 0C 41 D0 0F 03 08 4D 42 45 43 00 08  CIDM.A....MBEC..
    0280: 50 4D 4C 4E 0B 00 01 08 47 50 4C 4E 0B 00 04 08  PMLN....GPLN....
    0290: 53 50 31 4F 0B 4E 09 08 49 4F 50 42 0B 4E 09 08  SP1O.N..IOPB.N..
    02A0: 49 46 53 43 0A B5 08 44 53 53 50 00 08 46 48 50  IFSC...DSSP..FHP
    02B0: 50 00 08 53 53 31 5F 00 08 53 53 32 5F 00 08 53  P..SS1_..SS2_..S
    02C0: 53 33 5F 01 08 53 53 34 5F 01 08 49 4F 53 54 0B  S3_..SS4_..IOST.
    02D0: 00 44 08 54 4F 50 4D 0C 00 00 00 00 08 52 4F 4D  .D.TOPM......ROM
    02E0: 53 0C 00 00 E0 FF 08 56 47 41 46 01 5B 80 47 4E  S......VGAF.[.GN
    02F0: 56 53 00 0C 18 CC 7F CA 0B B4 02 5B 81 41 60 47  VS.........[.A`G
    0300: 4E 56 53 10 4F 53 59 53 10 53 4D 49 46 08 50 52  NVS.OSYS.SMIF.PR
    0310: 4D 30 08 50 52 4D 31 08 53 43 49 46 08 50 52 4D  M0.PRM1.SCIF.PRM
    0320: 32 08 50 52 4D 33 08 4C 43 4B 46 08 50 52 4D 34  2.PRM3.LCKF.PRM4
    0330: 08 50 52 4D 35 08 50 38 30 44 20 50 57 52 53 08  .PRM5.P80D PWRS.
    0340: 44 42 47 53 08 54 48 4F 46 08 41 43 54 31 08 41  DBGS.THOF.ACT1.A
    0350: 43 54 54 08 50 53 56 54 08 54 43 31 56 08 54 43  CTT.PSVT.TC1V.TC
    0360: 32 56 08 54 53 50 56 08 43 52 54 54 08 44 54 53  2V.TSPV.CRTT.DTS
    0370: 45 08 44 54 53 31 08 44 54 53 32 08 44 54 53 46  E.DTS1.DTS2.DTSF
    0380: 08 00 08 00 38 52 45 56 4E 08 00 10 41 50 49 43  ....8REVN...APIC
    0390: 08 54 43 4E 54 08 50 43 50 30 08 50 43 50 31 08  .TCNT.PCP0.PCP1.
    03A0: 50 50 43 4D 08 50 50 4D 46 20 43 36 37 4C 08 4E  PPCM.PPMF C67L.N
    03B0: 41 54 50 08 43 4D 41 50 08 43 4D 42 50 08 4C 50  ATP.CMAP.CMBP.LP
    03C0: 54 50 08 46 44 43 50 08 43 4D 43 50 08 43 49 52  TP.FDCP.CMCP.CIR
    03D0: 50 08 53 4D 53 43 08 57 33 38 31 08 53 4D 43 31  P.SMSC.W381.SMC1
    03E0: 08 45 4D 41 45 08 45 4D 41 50 10 45 4D 41 4C 10  .EMAE.EMAP.EMAL.
    03F0: 00 08 4D 45 46 45 08 44 53 54 53 08 00 20 4D 4F  ..MEFE.DSTS.. MO
    0400: 52 44 08 54 43 47 50 08 50 50 52 50 20 50 50 52  RD.TCGP.PPRP PPR
    0410: 51 08 4C 50 50 52 08 47 54 46 30 38 47 54 46 32  Q.LPPR.GTF08GTF2
    0420: 38 49 44 45 4D 08 47 54 46 31 38 42 49 44 5F 10  8IDEM.GTF18BID_.
    0430: 50 4C 49 44 08 45 43 54 47 08 00 30 4F 53 43 43  PLID.ECTG..0OSCC
    0440: 08 4E 45 58 50 08 53 42 56 31 08 53 42 56 32 08  .NEXP.SBV1.SBV2.
    0450: 00 30 44 53 45 4E 08 45 43 4F 4E 08 47 50 49 43  .0DSEN.ECON.GPIC
    0460: 08 43 54 59 50 08 4C 30 31 43 08 56 46 4E 30 08  .CTYP.L01C.VFN0.
    0470: 56 46 4E 31 08 56 46 4E 32 08 56 46 4E 33 08 56  VFN1.VFN2.VFN3.V
    0480: 46 4E 34 08 56 46 4E 35 08 56 46 4E 36 08 56 46  FN4.VFN5.VFN6.VF
    0490: 4E 37 08 56 46 4E 38 08 56 46 4E 39 08 00 30 41  N7.VFN8.VFN9..0A
    04A0: 54 4D 43 08 50 54 4D 43 08 41 54 52 41 08 50 54  TMC.PTMC.ATRA.PT
    04B0: 52 41 08 50 4E 48 4D 20 54 42 41 42 20 54 42 41  RA.PNHM TBAB TBA
    04C0: 48 20 52 54 49 50 08 54 53 4F 44 08 41 54 50 43  H RTIP.TSOD.ATPC
    04D0: 08 50 54 50 43 08 50 46 4C 56 08 42 52 45 56 08  .PTPC.PFLV.BREV.
    04E0: 50 44 54 53 08 50 4B 47 41 08 50 41 4D 54 08 41  PDTS.PKGA.PAMT.A
    04F0: 43 30 46 08 41 43 31 46 08 44 54 53 33 08 44 54  C0F.AC1F.DTS3.DT
    0500: 53 34 08 00 20 4C 54 52 31 08 4C 54 52 32 08 4C  S4.. LTR1.LTR2.L
    0510: 54 52 33 08 4C 54 52 34 08 4C 54 52 35 08 4C 54  TR3.LTR4.LTR5.LT
    0520: 52 36 08 4C 54 52 37 08 4C 54 52 38 08 4F 42 46  R6.LTR7.LTR8.OBF
    0530: 31 08 4F 42 46 32 08 4F 42 46 33 08 4F 42 46 34  1.OBF2.OBF3.OBF4
    0540: 08 4F 42 46 35 08 4F 42 46 36 08 4F 42 46 37 08  .OBF5.OBF6.OBF7.
    0550: 4F 42 46 38 08 58 48 43 49 08 58 54 55 42 20 58  OBF8.XHCI.XTUB X
    0560: 54 55 53 20 58 4D 50 42 20 44 44 52 46 08 52 54  TUS XMPB DDRF.RT
    0570: 44 33 08 50 45 50 30 08 50 45 50 33 08 44 50 54  D3.PEP0.PEP3.DPT
    0580: 46 08 53 41 44 45 08 53 41 43 52 08 53 41 48 54  F.SADE.SACR.SAHT
    0590: 08 50 43 48 44 08 50 43 48 43 08 50 43 48 48 08  .PCHD.PCHC.PCHH.
    05A0: 43 54 44 50 08 4C 50 4D 50 08 4C 50 4D 56 08 45  CTDP.LPMP.LPMV.E
    05B0: 43 45 55 08 54 47 46 47 10 4D 45 4D 44 08 4D 45  CEU.TGFG.MEMD.ME
    05C0: 4D 43 08 4D 45 4D 48 08 46 4E 44 31 08 46 4E 44  MC.MEMH.FND1.FND
    05D0: 32 08 41 4D 42 44 08 41 4D 41 54 08 41 4D 50 54  2.AMBD.AMAT.AMPT
    05E0: 08 41 4D 43 54 08 41 4D 48 54 08 53 4B 44 45 08  .AMCT.AMHT.SKDE.
    05F0: 53 4B 41 54 08 53 4B 50 54 08 53 4B 43 54 08 53  SKAT.SKPT.SKCT.S
    0600: 4B 48 54 08 45 46 44 45 08 45 46 41 54 08 45 46  KHT.EFDE.EFAT.EF
    0610: 50 54 08 45 46 43 54 08 45 46 48 54 08 56 52 44  PT.EFCT.EFHT.VRD
    0620: 45 08 56 52 41 54 08 56 52 50 54 08 56 52 43 54  E.VRAT.VRPT.VRCT
    0630: 08 56 52 48 54 08 44 50 41 50 08 44 50 50 50 08  .VRHT.DPAP.DPPP.
    0640: 44 50 43 50 08 44 43 4D 50 08 54 52 54 56 08 4C  DPCP.DCMP.TRTV.L
    0650: 50 4F 45 08 4C 50 4F 50 08 4C 50 4F 53 08 4C 50  POE.LPOP.LPOS.LP
    0660: 4F 57 08 4C 50 45 52 08 50 50 53 5A 20 44 49 53  OW.LPER.PPSZ DIS
    0670: 45 08 50 46 4D 41 40 04 50 46 4D 53 08 50 46 49  E.PFMA@.PFMS.PFI
    0680: 41 10 49 43 4E 46 08 44 53 50 30 20 44 53 50 31  A.ICNF.DSP0 DSP1
    0690: 20 4E 46 43 45 08 43 4F 44 53 08 53 4E 48 45 08   NFCE.CODS.SNHE.
    06A0: 53 30 49 44 08 43 54 44 42 08 00 48 73 53 54 4D  S0ID.CTDB..HsSTM
    06B0: 45 08 50 57 52 45 08 50 57 52 50 08 58 48 50 52  E.PWRE.PWRP.XHPR
    06C0: 08 53 44 53 30 08 53 44 53 31 10 53 44 53 32 08  .SDS0.SDS1.SDS2.
    06D0: 53 44 53 33 08 53 44 53 34 08 53 44 53 35 08 00  SDS3.SDS4.SDS5..
    06E0: 08 52 49 43 30 08 50 45 50 59 08 44 56 53 30 08  .RIC0.PEPY.DVS0.
    06F0: 44 56 53 31 08 44 56 53 32 08 44 56 53 33 08 47  DVS1.DVS2.DVS3.G
    0700: 42 53 58 08 49 55 42 45 08 49 55 43 45 08 49 55  BSX.IUBE.IUCE.IU
    0710: 44 45 08 45 43 4E 4F 08 41 55 44 44 10 44 53 50  DE.ECNO.AUDD.DSP
    0720: 44 10 49 43 30 44 10 49 43 31 44 10 49 43 31 53  D.IC0D.IC1D.IC1S
    0730: 10 56 52 52 44 10 50 53 43 50 08 52 57 41 47 08  .VRRD.PSCP.RWAG.
    0740: 49 32 30 44 10 49 32 31 44 10 00 10 52 43 47 30  I20D.I21D...RCG0
    0750: 08 45 43 44 42 08 50 32 4D 45 08 53 53 48 30 10  .ECDB.P2ME.SSH0.
    0760: 53 53 4C 30 10 53 53 44 30 10 46 4D 48 30 10 46  SSL0.SSD0.FMH0.F
    0770: 4D 4C 30 10 46 4D 44 30 10 46 50 48 30 10 46 50  ML0.FMD0.FPH0.FP
    0780: 4C 30 10 46 50 44 30 10 53 53 48 31 10 53 53 4C  L0.FPD0.SSH1.SSL
    0790: 31 10 53 53 44 31 10 46 4D 48 31 10 46 4D 4C 31  1.SSD1.FMH1.FML1
    07A0: 10 46 4D 44 31 10 46 50 48 31 10 46 50 4C 31 10  .FMD1.FPH1.FPL1.
    07B0: 46 50 44 31 10 4D 30 43 30 10 4D 31 43 30 10 4D  FPD1.M0C0.M1C0.M
    07C0: 32 43 30 10 4D 30 43 31 10 4D 31 43 31 10 4D 32  2C0.M0C1.M1C1.M2
    07D0: 43 31 10 4D 30 43 32 10 4D 31 43 32 10 4D 30 43  C1.M0C2.M1C2.M0C
    07E0: 33 10 4D 31 43 33 10 4D 30 43 34 10 4D 31 43 34  3.M1C3.M0C4.M1C4
    07F0: 10 4D 30 43 35 10 4D 31 43 35 10 54 42 53 46 08  .M0C5.M1C5.TBSF.
    0800: 47 49 52 51 20 44 4D 54 50 08 44 4D 54 44 08 44  GIRQ DMTP.DMTD.D
    0810: 4D 53 48 08 4C 41 4E 50 08 00 08 53 48 53 42 08  MSH.LANP...SHSB.
    0820: 50 4C 43 53 08 50 4C 56 4C 10 47 4E 31 45 08 47  PLCS.PLVL.GN1E.G
    0830: 31 41 54 08 47 31 50 54 08 47 31 43 54 08 47 31  1AT.G1PT.G1CT.G1
    0840: 48 54 08 47 4E 32 45 08 47 32 41 54 08 47 32 50  HT.GN2E.G2AT.G2P
    0850: 54 08 47 32 43 54 08 47 32 48 54 08 57 57 53 44  T.G2CT.G2HT.WWSD
    0860: 08 43 56 53 44 08 53 53 44 44 08 49 4E 4C 44 08  .CVSD.SSDD.INLD.
    0870: 49 46 41 54 08 49 46 50 54 08 49 46 43 54 08 49  IFAT.IFPT.IFCT.I
    0880: 46 48 54 08 44 4F 53 44 08 55 53 42 48 08 42 43  FHT.DOSD.USBH.BC
    0890: 56 34 08 57 54 56 30 08 57 54 56 31 08 41 50 46  V4.WTV0.WTV1.APF
    08A0: 55 08 53 4F 48 50 08 4E 4F 48 50 08 54 42 53 45  U.SOHP.NOHP.TBSE
    08B0: 08 57 4B 46 4E 08 50 45 50 43 10 56 52 53 44 10  .WKFN.PEPC.VRSD.
    08C0: 50 42 31 45 08 57 41 4E 44 08 57 57 41 54 08 57  PB1E.WAND.WWAT.W
    08D0: 57 50 54 08 57 57 43 54 08 57 57 48 54 08 00 28  WPT.WWCT.WWHT..(
    08E0: 4D 50 4C 54 10 47 52 31 33 08 53 50 53 54 08 45  MPLT.GR13.SPST.E
    08F0: 43 4C 50 08 45 34 47 4D 08 48 46 53 45 08 5B 80  CLP.E4GM.HFSE.[.
    0900: 53 41 4E 56 00 0C 18 DC 7F CA 0B 6D 01 5B 81 4F  SANV.......m.[.O
    0910: 23 53 41 4E 56 10 53 41 52 56 20 41 53 4C 42 20  #SANV.SARV ASLB 
    0920: 49 4D 4F 4E 08 49 47 44 53 08 43 41 44 4C 08 50  IMON.IGDS.CADL.P
    0930: 41 44 4C 08 43 53 54 45 10 4E 53 54 45 10 44 49  ADL.CSTE.NSTE.DI
    0940: 44 39 20 44 49 44 41 20 44 49 44 42 20 49 42 54  D9 DIDA DIDB IBT
    0950: 54 08 49 50 41 54 08 49 50 53 43 08 49 42 4C 43  T.IPAT.IPSC.IBLC
    0960: 08 49 42 49 41 08 49 53 53 43 08 49 50 43 46 08  .IBIA.ISSC.IPCF.
    0970: 49 44 4D 53 08 49 46 31 45 08 48 56 43 4F 08 4E  IDMS.IF1E.HVCO.N
    0980: 58 44 31 20 4E 58 44 32 20 4E 58 44 33 20 4E 58  XD1 NXD2 NXD3 NX
    0990: 44 34 20 4E 58 44 35 20 4E 58 44 36 20 4E 58 44  D4 NXD5 NXD6 NXD
    09A0: 37 20 4E 58 44 38 20 47 53 4D 49 08 50 41 56 50  7 NXD8 GSMI.PAVP
    09B0: 08 4C 49 44 53 08 4B 53 56 30 20 4B 53 56 31 08  .LIDS.KSV0 KSV1.
    09C0: 42 42 41 52 20 42 4C 43 53 08 42 52 54 4C 08 41  BBAR BLCS.BRTL.A
    09D0: 4C 53 45 08 41 4C 41 46 08 4C 4C 4F 57 08 4C 48  LSE.ALAF.LLOW.LH
    09E0: 49 48 08 41 4C 46 50 08 41 55 44 41 20 41 55 44  IH.ALFP.AUDA AUD
    09F0: 42 20 41 55 44 43 20 44 49 44 43 20 44 49 44 44  B AUDC DIDC DIDD
    0A00: 20 44 49 44 45 20 44 49 44 46 20 43 43 53 41 20   DIDE DIDF CCSA 
    0A10: 43 43 4E 54 20 00 48 25 53 47 4D 44 08 53 47 46  CCNT .H%SGMD.SGF
    0A20: 4C 08 50 57 4F 4B 08 48 4C 52 53 08 50 57 45 4E  L.PWOK.HLRS.PWEN
    0A30: 08 50 52 53 54 08 43 50 53 50 20 45 45 43 50 08  .PRST.CPSP EECP.
    0A40: 45 56 43 50 10 58 42 41 53 20 47 42 41 53 10 53  EVCP.XBAS GBAS.S
    0A50: 47 47 50 08 4E 56 47 41 20 4E 56 48 41 20 41 4D  GGP.NVGA NVHA AM
    0A60: 44 41 20 4E 44 49 44 08 44 49 44 31 20 44 49 44  DA NDID.DID1 DID
    0A70: 32 20 44 49 44 33 20 44 49 44 34 20 44 49 44 35  2 DID3 DID4 DID5
    0A80: 20 44 49 44 36 20 44 49 44 37 20 44 49 44 38 20   DID6 DID7 DID8 
    0A90: 4F 42 53 31 20 4F 42 53 32 20 4F 42 53 33 20 4F  OBS1 OBS2 OBS3 O
    0AA0: 42 53 34 20 4F 42 53 35 20 4F 42 53 36 20 4F 42  BS4 OBS5 OBS6 OB
    0AB0: 53 37 20 4F 42 53 38 20 4C 54 52 41 08 4F 42 46  S7 OBS8 LTRA.OBF
    0AC0: 41 08 4C 54 52 42 08 4F 42 46 42 08 4C 54 52 43  A.LTRB.OBFB.LTRC
    0AD0: 08 4F 42 46 43 08 53 4D 53 4C 10 53 4E 53 4C 10  .OBFC.SMSL.SNSL.
    0AE0: 50 30 55 42 08 50 31 55 42 08 50 32 55 42 08 45  P0UB.P1UB.P2UB.E
    0AF0: 44 50 56 08 4E 58 44 58 20 44 49 44 58 20 50 43  DPV.NXDX DIDX PC
    0B00: 53 4C 08 53 43 37 41 08 44 53 45 4C 08 45 53 45  SL.SC7A.DSEL.ESE
    0B10: 4C 08 50 53 45 4C 08 4D 58 44 31 20 4D 58 44 32  L.PSEL.MXD1 MXD2
    0B20: 20 4D 58 44 33 20 4D 58 44 34 20 4D 58 44 35 20   MXD3 MXD4 MXD5 
    0B30: 4D 58 44 36 20 4D 58 44 37 20 4D 58 44 38 20 50  MXD6 MXD7 MXD8 P
    0B40: 58 46 44 08 45 42 41 53 20 48 59 53 53 20 5B 80  XFD.EBAS HYSS [.
    0B50: 45 58 42 55 00 0C 18 FF 7F CA 0B 0E 00 5B 81 2E  EXBU.........[..
    0B60: 45 58 42 55 10 44 41 54 30 08 44 54 50 4D 08 44  EXBU.DAT0.DTPM.D
    0B70: 54 43 4D 08 49 44 4D 4E 10 49 44 50 43 10 44 4C  TCM.IDMN.IDPC.DL
    0B80: 50 4E 28 50 4D 46 47 08 43 41 4D 44 08 10 83 6F  PN(PMFG.CAMD...o
    0B90: 03 5F 53 42 5F 08 50 52 30 30 12 4F 1C 20 12 0D  ._SB_.PR00.O. ..
    0BA0: 04 0C FF FF 1F 00 00 4C 4E 4B 46 00 12 0D 04 0C  .......LNKF.....
    0BB0: FF FF 1F 00 01 4C 4E 4B 44 00 12 0E 04 0C FF FF  .....LNKD.......
    0BC0: 1F 00 0A 02 4C 4E 4B 43 00 12 0E 04 0C FF FF 1F  ....LNKC........
    0BD0: 00 0A 03 4C 4E 4B 41 00 12 0D 04 0C FF FF 14 00  ...LNKA.........
    0BE0: 00 4C 4E 4B 41 00 12 0D 04 0C FF FF 1A 00 00 4C  .LNKA..........L
    0BF0: 4E 4B 41 00 12 0D 04 0C FF FF 1B 00 00 4C 4E 4B  NKA..........LNK
    0C00: 47 00 12 0D 04 0C FF FF 1C 00 00 4C 4E 4B 41 00  G..........LNKA.
    0C10: 12 0D 04 0C FF FF 1C 00 01 4C 4E 4B 42 00 12 0E  .........LNKB...
    0C20: 04 0C FF FF 1C 00 0A 02 4C 4E 4B 43 00 12 0E 04  ........LNKC....
    0C30: 0C FF FF 1C 00 0A 03 4C 4E 4B 44 00 12 0D 04 0C  .......LNKD.....
    0C40: FF FF 15 00 01 4C 4E 4B 45 00 12 0E 04 0C FF FF  .....LNKE.......
    0C50: 15 00 0A 02 4C 4E 4B 46 00 12 0E 04 0C FF FF 15  ....LNKF........
    0C60: 00 0A 03 4C 4E 4B 46 00 12 0D 04 0C FF FF 17 00  ...LNKF.........
    0C70: 00 4C 4E 4B 47 00 12 0D 04 0C FF FF 13 00 00 4C  .LNKG..........L
    0C80: 4E 4B 48 00 12 0D 04 0C FF FF 01 00 00 4C 4E 4B  NKH..........LNK
    0C90: 41 00 12 0D 04 0C FF FF 01 00 01 4C 4E 4B 42 00  A..........LNKB.
    0CA0: 12 0E 04 0C FF FF 01 00 0A 02 4C 4E 4B 43 00 12  ..........LNKC..
    0CB0: 0E 04 0C FF FF 01 00 0A 03 4C 4E 4B 44 00 12 0D  .........LNKD...
    0CC0: 04 0C FF FF 02 00 00 4C 4E 4B 41 00 12 0D 04 0C  .......LNKA.....
    0CD0: FF FF 03 00 00 4C 4E 4B 41 00 12 0D 04 0C FF FF  .....LNKA.......
    0CE0: 04 00 00 4C 4E 4B 41 00 12 0D 04 0C FF FF 04 00  ...LNKA.........
    0CF0: 01 4C 4E 4B 42 00 12 0E 04 0C FF FF 04 00 0A 02  .LNKB...........
    0D00: 4C 4E 4B 43 00 12 0E 04 0C FF FF 04 00 0A 03 4C  LNKC...........L
    0D10: 4E 4B 44 00 12 0D 04 0C FF FF 19 00 00 4C 4E 4B  NKD..........LNK
    0D20: 45 00 12 0D 04 0C FF FF 1D 00 00 4C 4E 4B 46 00  E..........LNKF.
    0D30: 12 0D 04 0C FF FF 16 00 00 4C 4E 4B 41 00 12 0D  .........LNKA...
    0D40: 04 0C FF FF 16 00 01 4C 4E 4B 44 00 12 0E 04 0C  .......LNKD.....
    0D50: FF FF 16 00 0A 02 4C 4E 4B 44 00 12 0E 04 0C FF  ......LNKD......
    0D60: FF 16 00 0A 03 4C 4E 4B 42 00 08 41 52 30 30 12  .....LNKB..AR00.
    0D70: 4F 18 20 12 0B 04 0C FF FF 1F 00 00 00 0A 15 12  O. .............
    0D80: 0B 04 0C FF FF 1F 00 01 00 0A 13 12 0C 04 0C FF  ................
    0D90: FF 1F 00 0A 02 00 0A 12 12 0C 04 0C FF FF 1F 00  ................
    0DA0: 0A 03 00 0A 10 12 0B 04 0C FF FF 14 00 00 00 0A  ................
    0DB0: 10 12 0B 04 0C FF FF 1A 00 00 00 0A 10 12 0B 04  ................
    0DC0: 0C FF FF 1B 00 00 00 0A 16 12 0B 04 0C FF FF 1C  ................
    0DD0: 00 00 00 0A 10 12 0B 04 0C FF FF 1C 00 01 00 0A  ................
    0DE0: 11 12 0C 04 0C FF FF 1C 00 0A 02 00 0A 12 12 0C  ................
    0DF0: 04 0C FF FF 1C 00 0A 03 00 0A 13 12 0B 04 0C FF  ................
    0E00: FF 15 00 01 00 0A 14 12 0C 04 0C FF FF 15 00 0A  ................
    0E10: 02 00 0A 15 12 0C 04 0C FF FF 15 00 0A 03 00 0A  ................
    0E20: 15 12 0B 04 0C FF FF 17 00 00 00 0A 16 12 0B 04  ................
    0E30: 0C FF FF 13 00 00 00 0A 17 12 0B 04 0C FF FF 01  ................
    0E40: 00 00 00 0A 10 12 0B 04 0C FF FF 01 00 01 00 0A  ................
    0E50: 11 12 0C 04 0C FF FF 01 00 0A 02 00 0A 12 12 0C  ................
    0E60: 04 0C FF FF 01 00 0A 03 00 0A 13 12 0B 04 0C FF  ................
    0E70: FF 02 00 00 00 0A 10 12 0B 04 0C FF FF 03 00 00  ................
    0E80: 00 0A 10 12 0B 04 0C FF FF 04 00 00 00 0A 10 12  ................
    0E90: 0B 04 0C FF FF 04 00 01 00 0A 11 12 0C 04 0C FF  ................
    0EA0: FF 04 00 0A 02 00 0A 12 12 0C 04 0C FF FF 04 00  ................
    0EB0: 0A 03 00 0A 13 12 0B 04 0C FF FF 19 00 00 00 0A  ................
    0EC0: 14 12 0B 04 0C FF FF 1D 00 00 00 0A 15 12 0B 04  ................
    0ED0: 0C FF FF 16 00 00 00 0A 10 12 0B 04 0C FF FF 16  ................
    0EE0: 00 01 00 0A 13 12 0C 04 0C FF FF 16 00 0A 02 00  ................
    0EF0: 0A 13 12 0C 04 0C FF FF 16 00 0A 03 00 0A 11 08  ................
    0F00: 50 52 30 34 12 34 04 12 0B 04 0B FF FF 00 4C 4E  PR04.4........LN
    0F10: 4B 41 00 12 0B 04 0B FF FF 01 4C 4E 4B 42 00 12  KA........LNKB..
    0F20: 0C 04 0B FF FF 0A 02 4C 4E 4B 43 00 12 0C 04 0B  .......LNKC.....
    0F30: FF FF 0A 03 4C 4E 4B 44 00 08 41 52 30 34 12 2C  ....LNKD..AR04.,
    0F40: 04 12 09 04 0B FF FF 00 00 0A 10 12 09 04 0B FF  ................
    0F50: FF 01 00 0A 11 12 0A 04 0B FF FF 0A 02 00 0A 12  ................
    0F60: 12 0A 04 0B FF FF 0A 03 00 0A 13 08 50 52 30 35  ............PR05
    0F70: 12 34 04 12 0B 04 0B FF FF 00 4C 4E 4B 42 00 12  .4........LNKB..
    0F80: 0B 04 0B FF FF 01 4C 4E 4B 43 00 12 0C 04 0B FF  ......LNKC......
    0F90: FF 0A 02 4C 4E 4B 44 00 12 0C 04 0B FF FF 0A 03  ...LNKD.........
    0FA0: 4C 4E 4B 41 00 08 41 52 30 35 12 2C 04 12 09 04  LNKA..AR05.,....
    0FB0: 0B FF FF 00 00 0A 11 12 09 04 0B FF FF 01 00 0A  ................
    0FC0: 12 12 0A 04 0B FF FF 0A 02 00 0A 13 12 0A 04 0B  ................
    0FD0: FF FF 0A 03 00 0A 10 08 50 52 30 36 12 34 04 12  ........PR06.4..
    0FE0: 0B 04 0B FF FF 00 4C 4E 4B 43 00 12 0B 04 0B FF  ......LNKC......
    0FF0: FF 01 4C 4E 4B 44 00 12 0C 04 0B FF FF 0A 02 4C  ..LNKD.........L
    1000: 4E 4B 41 00 12 0C 04 0B FF FF 0A 03 4C 4E 4B 42  NKA.........LNKB
    1010: 00 08 41 52 30 36 12 2C 04 12 09 04 0B FF FF 00  ..AR06.,........
    1020: 00 0A 12 12 09 04 0B FF FF 01 00 0A 13 12 0A 04  ................
    1030: 0B FF FF 0A 02 00 0A 10 12 0A 04 0B FF FF 0A 03  ................
    1040: 00 0A 11 08 50 52 30 37 12 34 04 12 0B 04 0B FF  ....PR07.4......
    1050: FF 00 4C 4E 4B 44 00 12 0B 04 0B FF FF 01 4C 4E  ..LNKD........LN
    1060: 4B 41 00 12 0C 04 0B FF FF 0A 02 4C 4E 4B 42 00  KA.........LNKB.
    1070: 12 0C 04 0B FF FF 0A 03 4C 4E 4B 43 00 08 41 52  ........LNKC..AR
    1080: 30 37 12 2C 04 12 09 04 0B FF FF 00 00 0A 13 12  07.,............
    1090: 09 04 0B FF FF 01 00 0A 10 12 0A 04 0B FF FF 0A  ................
    10A0: 02 00 0A 11 12 0A 04 0B FF FF 0A 03 00 0A 12 08  ................
    10B0: 50 52 30 38 12 34 04 12 0B 04 0B FF FF 00 4C 4E  PR08.4........LN
    10C0: 4B 41 00 12 0B 04 0B FF FF 01 4C 4E 4B 42 00 12  KA........LNKB..
    10D0: 0C 04 0B FF FF 0A 02 4C 4E 4B 43 00 12 0C 04 0B  .......LNKC.....
    10E0: FF FF 0A 03 4C 4E 4B 44 00 08 41 52 30 38 12 2C  ....LNKD..AR08.,
    10F0: 04 12 09 04 0B FF FF 00 00 0A 10 12 09 04 0B FF  ................
    1100: FF 01 00 0A 11 12 0A 04 0B FF FF 0A 02 00 0A 12  ................
    1110: 12 0A 04 0B FF FF 0A 03 00 0A 13 08 50 52 30 39  ............PR09
    1120: 12 34 04 12 0B 04 0B FF FF 00 4C 4E 4B 42 00 12  .4........LNKB..
    1130: 0B 04 0B FF FF 01 4C 4E 4B 43 00 12 0C 04 0B FF  ......LNKC......
    1140: FF 0A 02 4C 4E 4B 44 00 12 0C 04 0B FF FF 0A 03  ...LNKD.........
    1150: 4C 4E 4B 41 00 08 41 52 30 39 12 2C 04 12 09 04  LNKA..AR09.,....
    1160: 0B FF FF 00 00 0A 11 12 09 04 0B FF FF 01 00 0A  ................
    1170: 12 12 0A 04 0B FF FF 0A 02 00 0A 13 12 0A 04 0B  ................
    1180: FF FF 0A 03 00 0A 10 08 50 52 30 45 12 34 04 12  ........PR0E.4..
    1190: 0B 04 0B FF FF 00 4C 4E 4B 43 00 12 0B 04 0B FF  ......LNKC......
    11A0: FF 01 4C 4E 4B 44 00 12 0C 04 0B FF FF 0A 02 4C  ..LNKD.........L
    11B0: 4E 4B 41 00 12 0C 04 0B FF FF 0A 03 4C 4E 4B 42  NKA.........LNKB
    11C0: 00 08 41 52 30 45 12 2C 04 12 09 04 0B FF FF 00  ..AR0E.,........
    11D0: 00 0A 12 12 09 04 0B FF FF 01 00 0A 13 12 0A 04  ................
    11E0: 0B FF FF 0A 02 00 0A 10 12 0A 04 0B FF FF 0A 03  ................
    11F0: 00 0A 11 08 50 52 30 46 12 34 04 12 0B 04 0B FF  ....PR0F.4......
    1200: FF 00 4C 4E 4B 44 00 12 0B 04 0B FF FF 01 4C 4E  ..LNKD........LN
    1210: 4B 41 00 12 0C 04 0B FF FF 0A 02 4C 4E 4B 42 00  KA.........LNKB.
    1220: 12 0C 04 0B FF FF 0A 03 4C 4E 4B 43 00 08 41 52  ........LNKC..AR
    1230: 30 46 12 2C 04 12 09 04 0B FF FF 00 00 0A 13 12  0F.,............
    1240: 09 04 0B FF FF 01 00 0A 10 12 0A 04 0B FF FF 0A  ................
    1250: 02 00 0A 11 12 0A 04 0B FF FF 0A 03 00 0A 12 08  ................
    1260: 50 52 30 32 12 34 04 12 0B 04 0B FF FF 00 4C 4E  PR02.4........LN
    1270: 4B 41 00 12 0B 04 0B FF FF 01 4C 4E 4B 42 00 12  KA........LNKB..
    1280: 0C 04 0B FF FF 0A 02 4C 4E 4B 43 00 12 0C 04 0B  .......LNKC.....
    1290: FF FF 0A 03 4C 4E 4B 44 00 08 41 52 30 32 12 2C  ....LNKD..AR02.,
    12A0: 04 12 09 04 0B FF FF 00 00 0A 10 12 09 04 0B FF  ................
    12B0: FF 01 00 0A 11 12 0A 04 0B FF FF 0A 02 00 0A 12  ................
    12C0: 12 0A 04 0B FF FF 0A 03 00 0A 13 08 50 52 30 41  ............PR0A
    12D0: 12 34 04 12 0B 04 0B FF FF 00 4C 4E 4B 42 00 12  .4........LNKB..
    12E0: 0B 04 0B FF FF 01 4C 4E 4B 43 00 12 0C 04 0B FF  ......LNKC......
    12F0: FF 0A 02 4C 4E 4B 44 00 12 0C 04 0B FF FF 0A 03  ...LNKD.........
    1300: 4C 4E 4B 41 00 08 41 52 30 41 12 2C 04 12 09 04  LNKA..AR0A.,....
    1310: 0B FF FF 00 00 0A 11 12 09 04 0B FF FF 01 00 0A  ................
    1320: 12 12 0A 04 0B FF FF 0A 02 00 0A 13 12 0A 04 0B  ................
    1330: FF FF 0A 03 00 0A 10 08 50 52 30 42 12 34 04 12  ........PR0B.4..
    1340: 0B 04 0B FF FF 00 4C 4E 4B 43 00 12 0B 04 0B FF  ......LNKC......
    1350: FF 01 4C 4E 4B 44 00 12 0C 04 0B FF FF 0A 02 4C  ..LNKD.........L
    1360: 4E 4B 41 00 12 0C 04 0B FF FF 0A 03 4C 4E 4B 42  NKA.........LNKB
    1370: 00 08 41 52 30 42 12 2C 04 12 09 04 0B FF FF 00  ..AR0B.,........
    1380: 00 0A 12 12 09 04 0B FF FF 01 00 0A 13 12 0A 04  ................
    1390: 0B FF FF 0A 02 00 0A 10 12 0A 04 0B FF FF 0A 03  ................
    13A0: 00 0A 11 08 50 52 53 41 11 09 0A 06 23 78 DC 18  ....PRSA....#x..
    13B0: 79 00 06 50 52 53 41 50 52 53 42 06 50 52 53 41  y..PRSAPRSB.PRSA
    13C0: 50 52 53 43 06 50 52 53 41 50 52 53 44 06 50 52  PRSC.PRSAPRSD.PR
    13D0: 53 41 50 52 53 45 06 50 52 53 41 50 52 53 46 06  SAPRSE.PRSAPRSF.
    13E0: 50 52 53 41 50 52 53 47 06 50 52 53 41 50 52 53  PRSAPRSG.PRSAPRS
    13F0: 48 5B 82 8E E8 02 50 43 49 30 08 5F 48 49 44 0C  H[....PCI0._HID.
    1400: 41 D0 0A 08 08 5F 43 49 44 0C 41 D0 0A 03 08 5F  A...._CID.A...._
    1410: 41 44 52 00 14 09 5E 42 4E 30 30 00 A4 00 14 0B  ADR...^BN00.....
    1420: 5F 42 42 4E 00 A4 42 4E 30 30 08 5F 55 49 44 00  _BBN..BN00._UID.
    1430: 14 16 5F 50 52 54 00 A0 0A 50 49 43 4D A4 41 52  .._PRT...PICM.AR
    1440: 30 30 A4 50 52 30 30 5B 80 48 42 55 53 02 00 0B  00.PR00[.HBUS...
    1450: 00 01 5B 81 4A 0E 48 42 55 53 03 00 40 20 45 50  ..[.J.HBUS..@ EP
    1460: 45 4E 01 00 0B 45 50 42 52 14 00 20 4D 48 45 4E  EN...EPBR.. MHEN
    1470: 01 00 0E 4D 48 42 52 11 00 20 47 43 4C 4B 01 00  ...MHBR.. GCLK..
    1480: 1F 44 30 45 4E 01 44 31 46 32 01 44 31 46 31 01  .D0EN.D1F2.D1F1.
    1490: 44 31 46 30 01 00 4C 05 50 58 45 4E 01 50 58 53  D1F0..L.PXEN.PXS
    14A0: 5A 02 00 17 50 58 42 52 06 00 20 44 49 45 4E 01  Z...PXBR.. DIEN.
    14B0: 00 0B 44 49 42 52 14 00 20 00 14 4D 45 42 52 0C  ..DIBR.. ..MEBR.
    14C0: 00 40 06 00 04 50 4D 30 48 02 00 02 50 4D 31 4C  .@...PM0H...PM1L
    14D0: 02 00 02 50 4D 31 48 02 00 02 50 4D 32 4C 02 00  ...PM1H...PM2L..
    14E0: 02 50 4D 32 48 02 00 02 50 4D 33 4C 02 00 02 50  .PM2H...PM3L...P
    14F0: 4D 33 48 02 00 02 50 4D 34 4C 02 00 02 50 4D 34  M3H...PM4L...PM4
    1500: 48 02 00 02 50 4D 35 4C 02 00 02 50 4D 35 48 02  H...PM5L...PM5H.
    1510: 00 02 50 4D 36 4C 02 00 02 50 4D 36 48 02 00 02  ..PM6L...PM6H...
    1520: 00 48 10 00 14 54 55 55 44 13 00 49 07 00 14 54  .H...TUUD..I...T
    1530: 4C 55 44 0C 00 40 04 00 07 48 54 53 45 01 5B 80  LUD..@...HTSE.[.
    1540: 4D 43 48 54 00 0C 00 00 D1 FE 0B 00 11 08 42 55  MCHT..........BU
    1550: 46 30 11 49 1D 0B D4 01 88 0D 00 02 0C 00 00 00  F0.I............
    1560: 00 00 FF 00 00 00 00 01 87 17 00 01 0C 03 00 00  ................
    1570: 00 00 00 00 00 00 F7 0C 00 00 00 00 00 00 F8 0C  ................
    1580: 00 00 47 01 F8 0C F8 0C 01 08 87 17 00 01 0C 03  ..G.............
    1590: 00 00 00 00 00 0D 00 00 FF FF 00 00 00 00 00 00  ................
    15A0: 00 F3 00 00 87 17 00 00 0C 03 00 00 00 00 00 00  ................
    15B0: 0A 00 FF FF 0B 00 00 00 00 00 00 00 02 00 87 17  ................
    15C0: 00 00 0C 03 00 00 00 00 00 00 0C 00 FF 3F 0C 00  .............?..
    15D0: 00 00 00 00 00 40 00 00 87 17 00 00 0C 03 00 00  .....@..........
    15E0: 00 00 00 40 0C 00 FF 7F 0C 00 00 00 00 00 00 40  ...@...........@
    15F0: 00 00 87 17 00 00 0C 03 00 00 00 00 00 80 0C 00  ................
    1600: FF BF 0C 00 00 00 00 00 00 40 00 00 87 17 00 00  .........@......
    1610: 0C 03 00 00 00 00 00 C0 0C 00 FF FF 0C 00 00 00  ................
    1620: 00 00 00 40 00 00 87 17 00 00 0C 03 00 00 00 00  ...@............
    1630: 00 00 0D 00 FF 3F 0D 00 00 00 00 00 00 40 00 00  .....?.......@..
    1640: 87 17 00 00 0C 03 00 00 00 00 00 40 0D 00 FF 7F  ...........@....
    1650: 0D 00 00 00 00 00 00 40 00 00 87 17 00 00 0C 03  .......@........
    1660: 00 00 00 00 00 80 0D 00 FF BF 0D 00 00 00 00 00  ................
    1670: 00 40 00 00 87 17 00 00 0C 03 00 00 00 00 00 C0  .@..............
    1680: 0D 00 FF FF 0D 00 00 00 00 00 00 40 00 00 87 17  ...........@....
    1690: 00 00 0C 03 00 00 00 00 00 00 0E 00 FF 3F 0E 00  .............?..
    16A0: 00 00 00 00 00 40 00 00 87 17 00 00 0C 03 00 00  .....@..........
    16B0: 00 00 00 40 0E 00 FF 7F 0E 00 00 00 00 00 00 40  ...@...........@
    16C0: 00 00 87 17 00 00 0C 03 00 00 00 00 00 80 0E 00  ................
    16D0: FF BF 0E 00 00 00 00 00 00 40 00 00 87 17 00 00  .........@......
    16E0: 0C 03 00 00 00 00 00 C0 0E 00 FF FF 0E 00 00 00  ................
    16F0: 00 00 00 40 00 00 87 17 00 00 0C 03 00 00 00 00  ...@............
    1700: 00 00 0F 00 FF FF 0F 00 00 00 00 00 00 00 01 00  ................
    1710: 87 17 00 00 0C 03 00 00 00 00 00 00 00 00 FF FF  ................
    1720: AF FE 00 00 00 00 00 00 B0 FE 79 00 14 46 30 5F  ..........y..F0_
    1730: 43 52 53 08 8B 42 55 46 30 0A 0A 50 42 4D 58 70  CRS..BUF0..PBMXp
    1740: 74 7A 50 45 4C 4E 0A 14 00 0A 02 00 50 42 4D 58  tzPELN......PBMX
    1750: 8B 42 55 46 30 0A 0E 50 42 4C 4E 70 74 7A 50 45  .BUF0..PBLNptzPE
    1760: 4C 4E 0A 14 00 01 00 50 42 4C 4E A0 16 50 4D 31  LN.....PBLN..PM1
    1770: 4C 8A 42 55 46 30 0A 7C 43 30 4C 4E 70 00 43 30  L.BUF0.|C0LNp.C0
    1780: 4C 4E A0 19 93 50 4D 31 4C 01 8D 42 55 46 30 0B  LN...PM1L..BUF0.
    1790: 58 03 43 30 52 57 70 00 43 30 52 57 A0 16 50 4D  X.C0RWp.C0RW..PM
    17A0: 31 48 8A 42 55 46 30 0A 96 43 34 4C 4E 70 00 43  1H.BUF0..C4LNp.C
    17B0: 34 4C 4E A0 19 93 50 4D 31 48 01 8D 42 55 46 30  4LN...PM1H..BUF0
    17C0: 0B 28 04 43 34 52 57 70 00 43 34 52 57 A0 16 50  .(.C4RWp.C4RW..P
    17D0: 4D 32 4C 8A 42 55 46 30 0A B0 43 38 4C 4E 70 00  M2L.BUF0..C8LNp.
    17E0: 43 38 4C 4E A0 19 93 50 4D 32 4C 01 8D 42 55 46  C8LN...PM2L..BUF
    17F0: 30 0B F8 04 43 38 52 57 70 00 43 38 52 57 A0 16  0...C8RWp.C8RW..
    1800: 50 4D 32 48 8A 42 55 46 30 0A CA 43 43 4C 4E 70  PM2H.BUF0..CCLNp
    1810: 00 43 43 4C 4E A0 19 93 50 4D 32 48 01 8D 42 55  .CCLN...PM2H..BU
    1820: 46 30 0B C8 05 43 43 52 57 70 00 43 43 52 57 A0  F0...CCRWp.CCRW.
    1830: 16 50 4D 33 4C 8A 42 55 46 30 0A E4 44 30 4C 4E  .PM3L.BUF0..D0LN
    1840: 70 00 44 30 4C 4E A0 19 93 50 4D 33 4C 01 8D 42  p.D0LN...PM3L..B
    1850: 55 46 30 0B 98 06 44 30 52 57 70 00 44 30 52 57  UF0...D0RWp.D0RW
    1860: A0 16 50 4D 33 48 8A 42 55 46 30 0A FE 44 34 4C  ..PM3H.BUF0..D4L
    1870: 4E 70 00 44 34 4C 4E A0 19 93 50 4D 33 48 01 8D  Np.D4LN...PM3H..
    1880: 42 55 46 30 0B 68 07 44 34 52 57 70 00 44 34 52  BUF0.h.D4RWp.D4R
    1890: 57 A0 17 50 4D 34 4C 8A 42 55 46 30 0B 18 01 44  W..PM4L.BUF0...D
    18A0: 38 4C 4E 70 00 44 38 4C 4E A0 19 93 50 4D 34 4C  8LNp.D8LN...PM4L
    18B0: 01 8D 42 55 46 30 0B 38 08 44 38 52 57 70 00 44  ..BUF0.8.D8RWp.D
    18C0: 38 52 57 A0 17 50 4D 34 48 8A 42 55 46 30 0B 32  8RW..PM4H.BUF0.2
    18D0: 01 44 43 4C 4E 70 00 44 43 4C 4E A0 19 93 50 4D  .DCLNp.DCLN...PM
    18E0: 34 48 01 8D 42 55 46 30 0B 08 09 44 43 52 57 70  4H..BUF0...DCRWp
    18F0: 00 44 43 52 57 A0 17 50 4D 35 4C 8A 42 55 46 30  .DCRW..PM5L.BUF0
    1900: 0B 4C 01 45 30 4C 4E 70 00 45 30 4C 4E A0 19 93  .L.E0LNp.E0LN...
    1910: 50 4D 35 4C 01 8D 42 55 46 30 0B D8 09 45 30 52  PM5L..BUF0...E0R
    1920: 57 70 00 45 30 52 57 A0 17 50 4D 35 48 8A 42 55  Wp.E0RW..PM5H.BU
    1930: 46 30 0B 66 01 45 34 4C 4E 70 00 45 34 4C 4E A0  F0.f.E4LNp.E4LN.
    1940: 19 93 50 4D 35 48 01 8D 42 55 46 30 0B A8 0A 45  ..PM5H..BUF0...E
    1950: 34 52 57 70 00 45 34 52 57 A0 17 50 4D 36 4C 8A  4RWp.E4RW..PM6L.
    1960: 42 55 46 30 0B 80 01 45 38 4C 4E 70 00 45 38 4C  BUF0...E8LNp.E8L
    1970: 4E A0 19 93 50 4D 36 4C 01 8D 42 55 46 30 0B 78  N...PM6L..BUF0.x
    1980: 0B 45 38 52 57 70 00 45 38 52 57 A0 17 50 4D 36  .E8RWp.E8RW..PM6
    1990: 48 8A 42 55 46 30 0B 9A 01 45 43 4C 4E 70 00 45  H.BUF0...ECLNp.E
    19A0: 43 4C 4E A0 19 93 50 4D 36 48 01 8D 42 55 46 30  CLN...PM6H..BUF0
    19B0: 0B 48 0C 45 43 52 57 70 00 45 43 52 57 A0 17 50  .H.ECRWp.ECRW..P
    19C0: 4D 30 48 8A 42 55 46 30 0B B4 01 46 30 4C 4E 70  M0H.BUF0...F0LNp
    19D0: 00 46 30 4C 4E A0 19 93 50 4D 30 48 01 8D 42 55  .F0LN...PM0H..BU
    19E0: 46 30 0B 18 0D 46 30 52 57 70 00 46 30 52 57 8A  F0...F0RWp.F0RW.
    19F0: 42 55 46 30 0B C2 01 4D 31 4D 4E 8A 42 55 46 30  BUF0...M1MN.BUF0
    1A00: 0B C6 01 4D 31 4D 58 8A 42 55 46 30 0B CE 01 4D  ...M1MX.BUF0...M
    1A10: 31 4C 4E 79 54 4C 55 44 0A 14 4D 31 4D 4E 72 74  1LNyTLUD..M1MNrt
    1A20: 4D 31 4D 58 4D 31 4D 4E 00 01 4D 31 4C 4E A4 42  M1MXM1MN..M1LN.B
    1A30: 55 46 30 08 47 55 49 44 11 13 0A 10 5B 4D DB 33  UF0.GUID....[M.3
    1A40: F7 1F 1C 40 96 57 74 41 C0 3D D7 66 08 53 55 50  ...@.WtA.=.f.SUP
    1A50: 50 00 08 43 54 52 4C 00 08 58 43 4E 54 00 14 48  P..CTRL..XCNT..H
    1A60: 10 5F 4F 53 43 0C 70 6B 60 8A 60 00 43 44 57 31  ._OSC.pk`.`.CDW1
    1A70: 8A 60 0A 04 43 44 57 32 8A 60 0A 08 43 44 57 33  .`..CDW2.`..CDW3
    1A80: A0 1A 5E 2E 58 48 43 5F 43 55 49 44 68 A4 5E 2E  ..^.XHC_CUIDh.^.
    1A90: 58 48 43 5F 50 4F 53 43 69 6A 6B A1 23 A0 21 92  XHC_POSCijk.#.!.
    1AA0: 95 4F 53 59 53 0B DC 07 A0 16 93 58 43 4E 54 00  .OSYS......XCNT.
    1AB0: 5E 2E 58 48 43 5F 58 53 45 4C 75 58 43 4E 54 A0  ^.XHC_XSELuXCNT.
    1AC0: 48 09 93 68 47 55 49 44 70 43 44 57 32 53 55 50  H..hGUIDpCDW2SUP
    1AD0: 50 70 43 44 57 33 43 54 52 4C A0 15 93 4E 45 58  PpCDW3CTRL...NEX
    1AE0: 50 00 7B 43 54 52 4C 0C F8 FF FF FF 43 54 52 4C  P.{CTRL.....CTRL
    1AF0: A0 2B 4E 45 58 50 A0 25 80 7B 43 44 57 31 01 00  .+NEXP.%.{CDW1..
    1B00: 00 A0 0C 7B 43 54 52 4C 01 00 4E 48 50 47 A0 0D  ...{CTRL..NHPG..
    1B10: 7B 43 54 52 4C 0A 04 00 4E 50 4D 45 A0 10 92 93  {CTRL...NPME....
    1B20: 69 01 7D 43 44 57 31 0A 08 43 44 57 31 A0 16 92  i.}CDW1..CDW1...
    1B30: 93 43 44 57 33 43 54 52 4C 7D 43 44 57 31 0A 10  .CDW3CTRL}CDW1..
    1B40: 43 44 57 31 70 43 54 52 4C 43 44 57 33 70 43 54  CDW1pCTRLCDW3pCT
    1B50: 52 4C 4F 53 43 43 A4 60 A1 0E 7D 43 44 57 31 0A  RLOSCC.`..}CDW1.
    1B60: 04 43 44 57 31 A4 60 10 4C 15 5C 2E 5F 53 42 5F  .CDW1.`.L.\._SB_
    1B70: 50 43 49 30 14 0D 41 52 30 30 00 A4 5E 5E 41 52  PCI0..AR00..^^AR
    1B80: 30 30 14 0D 50 52 30 30 00 A4 5E 5E 50 52 30 30  00..PR00..^^PR00
    1B90: 14 0D 41 52 30 32 00 A4 5E 5E 41 52 30 32 14 0D  ..AR02..^^AR02..
    1BA0: 50 52 30 32 00 A4 5E 5E 50 52 30 32 14 0D 41 52  PR02..^^PR02..AR
    1BB0: 30 34 00 A4 5E 5E 41 52 30 34 14 0D 50 52 30 34  04..^^AR04..PR04
    1BC0: 00 A4 5E 5E 50 52 30 34 14 0D 41 52 30 35 00 A4  ..^^PR04..AR05..
    1BD0: 5E 5E 41 52 30 35 14 0D 50 52 30 35 00 A4 5E 5E  ^^AR05..PR05..^^
    1BE0: 50 52 30 35 14 0D 41 52 30 36 00 A4 5E 5E 41 52  PR05..AR06..^^AR
    1BF0: 30 36 14 0D 50 52 30 36 00 A4 5E 5E 50 52 30 36  06..PR06..^^PR06
    1C00: 14 0D 41 52 30 37 00 A4 5E 5E 41 52 30 37 14 0D  ..AR07..^^AR07..
    1C10: 50 52 30 37 00 A4 5E 5E 50 52 30 37 14 0D 41 52  PR07..^^PR07..AR
    1C20: 30 38 00 A4 5E 5E 41 52 30 38 14 0D 50 52 30 38  08..^^AR08..PR08
    1C30: 00 A4 5E 5E 50 52 30 38 14 0D 41 52 30 39 00 A4  ..^^PR08..AR09..
    1C40: 5E 5E 41 52 30 39 14 0D 50 52 30 39 00 A4 5E 5E  ^^AR09..PR09..^^
    1C50: 50 52 30 39 14 0D 41 52 30 45 00 A4 5E 5E 41 52  PR09..AR0E..^^AR
    1C60: 30 45 14 0D 50 52 30 45 00 A4 5E 5E 50 52 30 45  0E..PR0E..^^PR0E
    1C70: 14 0D 41 52 30 46 00 A4 5E 5E 41 52 30 46 14 0D  ..AR0F..^^AR0F..
    1C80: 50 52 30 46 00 A4 5E 5E 50 52 30 46 14 0D 41 52  PR0F..^^PR0F..AR
    1C90: 30 41 00 A4 5E 5E 41 52 30 41 14 0D 50 52 30 41  0A..^^AR0A..PR0A
    1CA0: 00 A4 5E 5E 50 52 30 41 14 0D 41 52 30 42 00 A4  ..^^PR0A..AR0B..
    1CB0: 5E 5E 41 52 30 42 14 0D 50 52 30 42 00 A4 5E 5E  ^^AR0B..PR0B..^^
    1CC0: 50 52 30 42 5B 82 4B 04 54 50 4D 58 08 5F 48 49  PR0B[.K.TPMX._HI
    1CD0: 44 0C 41 D0 0C 01 08 5F 55 49 44 01 08 43 52 53  D.A...._UID..CRS
    1CE0: 5F 11 11 0A 0E 86 09 00 00 00 00 D4 FE 00 50 00  _.............P.
    1CF0: 00 79 00 14 0B 5F 43 52 53 00 A4 43 52 53 5F 14  .y..._CRS..CRS_.
    1D00: 11 5F 53 54 41 00 A0 07 54 50 4D 46 A4 00 A4 0A  ._STA...TPMF....
    1D10: 0F 5B 82 40 B6 4C 50 43 42 08 5F 41 44 52 0C 00  .[.@.LPCB._ADR..
    1D20: 00 1F 00 10 4D 59 5C 5F 53 42 5F 5B 80 2F 03 50  ....MY\_SB_[./.P
    1D30: 43 49 30 4C 50 43 42 4C 50 43 31 02 00 0B 00 01  CI0LPCBLPC1.....
    1D40: 5B 81 48 05 2F 03 50 43 49 30 4C 50 43 42 4C 50  [.H./.PCI0LPCBLP
    1D50: 43 31 00 00 10 43 44 49 44 10 00 20 43 52 49 44  C1...CDID.. CRID
    1D60: 08 00 48 2B 50 41 52 43 08 50 42 52 43 08 50 43  ..H+PARC.PBRC.PC
    1D70: 52 43 08 50 44 52 43 08 00 20 50 45 52 43 08 50  RC.PDRC.. PERC.P
    1D80: 46 52 43 08 50 47 52 43 08 50 48 52 43 08 00 40  FRC.PGRC.PHRC..@
    1D90: 20 00 08 00 08 58 55 53 42 01 5B 82 42 0A 4C 4E   ....XUSB.[.B.LN
    1DA0: 4B 41 08 5F 48 49 44 0C 41 D0 0C 0F 08 5F 55 49  KA._HID.A...._UI
    1DB0: 44 01 14 11 5F 44 49 53 08 7D 50 41 52 43 0A 80  D..._DIS.}PARC..
    1DC0: 50 41 52 43 14 0B 5F 50 52 53 08 A4 50 52 53 41  PARC.._PRS..PRSA
    1DD0: 14 38 5F 43 52 53 08 08 52 54 4C 41 11 09 0A 06  .8_CRS..RTLA....
    1DE0: 23 00 00 18 79 00 8B 52 54 4C 41 01 49 52 51 30  #...y..RTLA.IRQ0
    1DF0: 70 00 49 52 51 30 79 01 7B 50 41 52 43 0A 0F 00  p.IRQ0y.{PARC...
    1E00: 49 52 51 30 A4 52 54 4C 41 14 1B 5F 53 52 53 09  IRQ0.RTLA.._SRS.
    1E10: 8B 68 01 49 52 51 30 82 49 52 51 30 60 76 60 70  .h.IRQ0.IRQ0`v`p
    1E20: 60 50 41 52 43 14 18 5F 53 54 41 08 A0 0C 7B 50  `PARC.._STA...{P
    1E30: 41 52 43 0A 80 00 A4 0A 09 A1 04 A4 0A 0B 5B 82  ARC...........[.
    1E40: 43 0A 4C 4E 4B 42 08 5F 48 49 44 0C 41 D0 0C 0F  C.LNKB._HID.A...
    1E50: 08 5F 55 49 44 0A 02 14 11 5F 44 49 53 08 7D 50  ._UID...._DIS.}P
    1E60: 42 52 43 0A 80 50 42 52 43 14 0B 5F 50 52 53 08  BRC..PBRC.._PRS.
    1E70: A4 50 52 53 42 14 38 5F 43 52 53 08 08 52 54 4C  .PRSB.8_CRS..RTL
    1E80: 42 11 09 0A 06 23 00 00 18 79 00 8B 52 54 4C 42  B....#...y..RTLB
    1E90: 01 49 52 51 30 70 00 49 52 51 30 79 01 7B 50 42  .IRQ0p.IRQ0y.{PB
    1EA0: 52 43 0A 0F 00 49 52 51 30 A4 52 54 4C 42 14 1B  RC...IRQ0.RTLB..
    1EB0: 5F 53 52 53 09 8B 68 01 49 52 51 30 82 49 52 51  _SRS..h.IRQ0.IRQ
    1EC0: 30 60 76 60 70 60 50 42 52 43 14 18 5F 53 54 41  0`v`p`PBRC.._STA
    1ED0: 08 A0 0C 7B 50 42 52 43 0A 80 00 A4 0A 09 A1 04  ...{PBRC........
    1EE0: A4 0A 0B 5B 82 43 0A 4C 4E 4B 43 08 5F 48 49 44  ...[.C.LNKC._HID
    1EF0: 0C 41 D0 0C 0F 08 5F 55 49 44 0A 03 14 11 5F 44  .A...._UID...._D
    1F00: 49 53 08 7D 50 43 52 43 0A 80 50 43 52 43 14 0B  IS.}PCRC..PCRC..
    1F10: 5F 50 52 53 08 A4 50 52 53 43 14 38 5F 43 52 53  _PRS..PRSC.8_CRS
    1F20: 08 08 52 54 4C 43 11 09 0A 06 23 00 00 18 79 00  ..RTLC....#...y.
    1F30: 8B 52 54 4C 43 01 49 52 51 30 70 00 49 52 51 30  .RTLC.IRQ0p.IRQ0
    1F40: 79 01 7B 50 43 52 43 0A 0F 00 49 52 51 30 A4 52  y.{PCRC...IRQ0.R
    1F50: 54 4C 43 14 1B 5F 53 52 53 09 8B 68 01 49 52 51  TLC.._SRS..h.IRQ
    1F60: 30 82 49 52 51 30 60 76 60 70 60 50 43 52 43 14  0.IRQ0`v`p`PCRC.
    1F70: 18 5F 53 54 41 08 A0 0C 7B 50 43 52 43 0A 80 00  ._STA...{PCRC...
    1F80: A4 0A 09 A1 04 A4 0A 0B 5B 82 43 0A 4C 4E 4B 44  ........[.C.LNKD
    1F90: 08 5F 48 49 44 0C 41 D0 0C 0F 08 5F 55 49 44 0A  ._HID.A...._UID.
    1FA0: 04 14 11 5F 44 49 53 08 7D 50 44 52 43 0A 80 50  ..._DIS.}PDRC..P
    1FB0: 44 52 43 14 0B 5F 50 52 53 08 A4 50 52 53 44 14  DRC.._PRS..PRSD.
    1FC0: 38 5F 43 52 53 08 08 52 54 4C 44 11 09 0A 06 23  8_CRS..RTLD....#
    1FD0: 00 00 18 79 00 8B 52 54 4C 44 01 49 52 51 30 70  ...y..RTLD.IRQ0p
    1FE0: 00 49 52 51 30 79 01 7B 50 44 52 43 0A 0F 00 49  .IRQ0y.{PDRC...I
    1FF0: 52 51 30 A4 52 54 4C 44 14 1B 5F 53 52 53 09 8B  RQ0.RTLD.._SRS..
    2000: 68 01 49 52 51 30 82 49 52 51 30 60 76 60 70 60  h.IRQ0.IRQ0`v`p`
    2010: 50 44 52 43 14 18 5F 53 54 41 08 A0 0C 7B 50 44  PDRC.._STA...{PD
    2020: 52 43 0A 80 00 A4 0A 09 A1 04 A4 0A 0B 5B 82 43  RC...........[.C
    2030: 0A 4C 4E 4B 45 08 5F 48 49 44 0C 41 D0 0C 0F 08  .LNKE._HID.A....
    2040: 5F 55 49 44 0A 05 14 11 5F 44 49 53 08 7D 50 45  _UID...._DIS.}PE
    2050: 52 43 0A 80 50 45 52 43 14 0B 5F 50 52 53 08 A4  RC..PERC.._PRS..
    2060: 50 52 53 45 14 38 5F 43 52 53 08 08 52 54 4C 45  PRSE.8_CRS..RTLE
    2070: 11 09 0A 06 23 00 00 18 79 00 8B 52 54 4C 45 01  ....#...y..RTLE.
    2080: 49 52 51 30 70 00 49 52 51 30 79 01 7B 50 45 52  IRQ0p.IRQ0y.{PER
    2090: 43 0A 0F 00 49 52 51 30 A4 52 54 4C 45 14 1B 5F  C...IRQ0.RTLE.._
    20A0: 53 52 53 09 8B 68 01 49 52 51 30 82 49 52 51 30  SRS..h.IRQ0.IRQ0
    20B0: 60 76 60 70 60 50 45 52 43 14 18 5F 53 54 41 08  `v`p`PERC.._STA.
    20C0: A0 0C 7B 50 45 52 43 0A 80 00 A4 0A 09 A1 04 A4  ..{PERC.........
    20D0: 0A 0B 5B 82 43 0A 4C 4E 4B 46 08 5F 48 49 44 0C  ..[.C.LNKF._HID.
    20E0: 41 D0 0C 0F 08 5F 55 49 44 0A 06 14 11 5F 44 49  A...._UID...._DI
    20F0: 53 08 7D 50 46 52 43 0A 80 50 46 52 43 14 0B 5F  S.}PFRC..PFRC.._
    2100: 50 52 53 08 A4 50 52 53 46 14 38 5F 43 52 53 08  PRS..PRSF.8_CRS.
    2110: 08 52 54 4C 46 11 09 0A 06 23 00 00 18 79 00 8B  .RTLF....#...y..
    2120: 52 54 4C 46 01 49 52 51 30 70 00 49 52 51 30 79  RTLF.IRQ0p.IRQ0y
    2130: 01 7B 50 46 52 43 0A 0F 00 49 52 51 30 A4 52 54  .{PFRC...IRQ0.RT
    2140: 4C 46 14 1B 5F 53 52 53 09 8B 68 01 49 52 51 30  LF.._SRS..h.IRQ0
    2150: 82 49 52 51 30 60 76 60 70 60 50 46 52 43 14 18  .IRQ0`v`p`PFRC..
    2160: 5F 53 54 41 08 A0 0C 7B 50 46 52 43 0A 80 00 A4  _STA...{PFRC....
    2170: 0A 09 A1 04 A4 0A 0B 5B 82 43 0A 4C 4E 4B 47 08  .......[.C.LNKG.
    2180: 5F 48 49 44 0C 41 D0 0C 0F 08 5F 55 49 44 0A 07  _HID.A...._UID..
    2190: 14 11 5F 44 49 53 08 7D 50 47 52 43 0A 80 50 47  .._DIS.}PGRC..PG
    21A0: 52 43 14 0B 5F 50 52 53 08 A4 50 52 53 47 14 38  RC.._PRS..PRSG.8
    21B0: 5F 43 52 53 08 08 52 54 4C 47 11 09 0A 06 23 00  _CRS..RTLG....#.
    21C0: 00 18 79 00 8B 52 54 4C 47 01 49 52 51 30 70 00  ..y..RTLG.IRQ0p.
    21D0: 49 52 51 30 79 01 7B 50 47 52 43 0A 0F 00 49 52  IRQ0y.{PGRC...IR
    21E0: 51 30 A4 52 54 4C 47 14 1B 5F 53 52 53 09 8B 68  Q0.RTLG.._SRS..h
    21F0: 01 49 52 51 30 82 49 52 51 30 60 76 60 70 60 50  .IRQ0.IRQ0`v`p`P
    2200: 47 52 43 14 18 5F 53 54 41 08 A0 0C 7B 50 47 52  GRC.._STA...{PGR
    2210: 43 0A 80 00 A4 0A 09 A1 04 A4 0A 0B 5B 82 43 0A  C...........[.C.
    2220: 4C 4E 4B 48 08 5F 48 49 44 0C 41 D0 0C 0F 08 5F  LNKH._HID.A...._
    2230: 55 49 44 0A 08 14 11 5F 44 49 53 08 7D 50 48 52  UID...._DIS.}PHR
    2240: 43 0A 80 50 48 52 43 14 0B 5F 50 52 53 08 A4 50  C..PHRC.._PRS..P
    2250: 52 53 48 14 38 5F 43 52 53 08 08 52 54 4C 48 11  RSH.8_CRS..RTLH.
    2260: 09 0A 06 23 00 00 18 79 00 8B 52 54 4C 48 01 49  ...#...y..RTLH.I
    2270: 52 51 30 70 00 49 52 51 30 79 01 7B 50 48 52 43  RQ0p.IRQ0y.{PHRC
    2280: 0A 0F 00 49 52 51 30 A4 52 54 4C 48 14 1B 5F 53  ...IRQ0.RTLH.._S
    2290: 52 53 09 8B 68 01 49 52 51 30 82 49 52 51 30 60  RS..h.IRQ0.IRQ0`
    22A0: 76 60 70 60 50 48 52 43 14 18 5F 53 54 41 08 A0  v`p`PHRC.._STA..
    22B0: 0C 7B 50 48 52 43 0A 80 00 A4 0A 09 A1 04 A4 0A  .{PHRC..........
    22C0: 0B 5B 80 4C 50 43 30 02 0A 40 0A C0 5B 81 4E 04  .[.LPC0..@..[.N.
    22D0: 4C 50 43 30 00 00 40 20 49 4F 44 30 08 49 4F 44  LPC0..@ IOD0.IOD
    22E0: 31 08 00 40 1B 00 06 47 52 30 33 02 00 08 47 52  1..@...GR03...GR
    22F0: 30 38 02 47 52 30 39 02 47 52 30 41 02 47 52 30  08.GR09.GR0A.GR0
    2300: 42 02 00 08 00 02 47 52 31 39 02 00 1C 00 40 18  B.....GR19....@.
    2310: 52 41 45 4E 01 00 0D 52 43 42 41 12 5B 82 3D 44  RAEN...RCBA.[.=D
    2320: 4D 41 43 08 5F 48 49 44 0C 41 D0 02 00 08 5F 43  MAC._HID.A...._C
    2330: 52 53 11 28 0A 25 47 01 00 00 00 00 01 20 47 01  RS.(.%G...... G.
    2340: 81 00 81 00 01 11 47 01 93 00 93 00 01 0D 47 01  ......G.......G.
    2350: C0 00 C0 00 01 20 2A 10 01 79 00 5B 82 26 46 57  ..... *..y.[.&FW
    2360: 48 44 08 5F 48 49 44 0C 25 D4 08 00 08 5F 43 52  HD._HID.%...._CR
    2370: 53 11 11 0A 0E 86 09 00 00 00 00 00 FF 00 00 00  S...............
    2380: 01 79 00 5B 82 4C 0A 48 50 45 54 08 5F 48 49 44  .y.[.L.HPET._HID
    2390: 0C 41 D0 01 03 08 5F 55 49 44 00 08 42 55 46 30  .A...._UID..BUF0
    23A0: 11 11 0A 0E 86 09 00 01 00 00 D0 FE 00 04 00 00  ................
    23B0: 79 00 14 27 5F 53 54 41 00 A0 13 92 95 4F 53 59  y..'_STA.....OSY
    23C0: 53 0B D1 07 A0 08 48 50 41 45 A4 0A 0F A1 0A A0  S.....HPAE......
    23D0: 08 48 50 41 45 A4 0A 0B A4 00 14 46 05 5F 43 52  .HPAE......F._CR
    23E0: 53 08 A0 49 04 48 50 41 45 8A 42 55 46 30 0A 04  S..I.HPAE.BUF0..
    23F0: 48 50 54 30 A0 11 93 48 50 41 53 01 70 0C 00 10  HPT0...HPAS.p...
    2400: D0 FE 48 50 54 30 A0 12 93 48 50 41 53 0A 02 70  ..HPT0...HPAS..p
    2410: 0C 00 20 D0 FE 48 50 54 30 A0 12 93 48 50 41 53  .. ..HPT0...HPAS
    2420: 0A 03 70 0C 00 30 D0 FE 48 50 54 30 A4 42 55 46  ..p..0..HPT0.BUF
    2430: 30 5B 82 45 0A 49 50 49 43 08 5F 48 49 44 0B 41  0[.E.IPIC._HID.A
    2440: D0 08 5F 43 52 53 11 41 09 0A 8D 47 01 20 00 20  .._CRS.A...G. . 
    2450: 00 01 02 47 01 24 00 24 00 01 02 47 01 28 00 28  ...G.$.$...G.(.(
    2460: 00 01 02 47 01 2C 00 2C 00 01 02 47 01 30 00 30  ...G.,.,...G.0.0
    2470: 00 01 02 47 01 34 00 34 00 01 02 47 01 38 00 38  ...G.4.4...G.8.8
    2480: 00 01 02 47 01 3C 00 3C 00 01 02 47 01 A0 00 A0  ...G.<.<...G....
    2490: 00 01 02 47 01 A4 00 A4 00 01 02 47 01 A8 00 A8  ...G.......G....
    24A0: 00 01 02 47 01 AC 00 AC 00 01 02 47 01 B0 00 B0  ...G.......G....
    24B0: 00 01 02 47 01 B4 00 B4 00 01 02 47 01 B8 00 B8  ...G.......G....
    24C0: 00 01 02 47 01 BC 00 BC 00 01 02 47 01 D0 04 D0  ...G.......G....
    24D0: 04 01 02 22 04 00 79 00 5B 82 43 04 4D 41 54 48  ..."..y.[.C.MATH
    24E0: 08 5F 48 49 44 0C 41 D0 0C 04 08 5F 43 52 53 11  ._HID.A...._CRS.
    24F0: 10 0A 0D 47 01 F0 00 F0 00 01 01 22 00 20 79 00  ...G.......". y.
    2500: 14 1C 5F 53 54 41 00 A0 11 93 7B 43 44 49 44 0B  .._STA....{CDID.
    2510: 00 F0 00 0B 00 80 A4 0A 1F A1 03 A4 00 5B 82 4E  .............[.N
    2520: 18 4C 44 52 43 08 5F 48 49 44 0C 41 D0 0C 02 08  .LDRC._HID.A....
    2530: 5F 55 49 44 0A 02 08 42 55 46 30 11 46 0A 0A A2  _UID...BUF0.F...
    2540: 47 01 2E 00 2E 00 01 02 47 01 4E 00 4E 00 01 02  G.......G.N.N...
    2550: 47 01 61 00 61 00 01 01 47 01 63 00 63 00 01 01  G.a.a...G.c.c...
    2560: 47 01 65 00 65 00 01 01 47 01 67 00 67 00 01 01  G.e.e...G.g.g...
    2570: 47 01 70 00 70 00 01 01 47 01 80 00 80 00 01 01  G.p.p...G.......
    2580: 47 01 92 00 92 00 01 01 47 01 B2 00 B2 00 01 02  G.......G.......
    2590: 47 01 80 06 80 06 01 20 47 01 FF FF FF FF 01 01  G...... G.......
    25A0: 47 01 FF FF FF FF 01 01 47 01 FF FF FF FF 01 01  G.......G.......
    25B0: 47 01 00 08 00 08 01 FF 47 01 00 09 00 09 01 FF  G.......G.......
    25C0: 47 01 00 0A 00 0A 01 FF 47 01 00 0B 00 0B 01 FF  G.......G.......
    25D0: 47 01 00 18 00 18 01 FF 47 01 4E 16 4E 16 01 02  G.......G.N.N...
    25E0: 79 00 14 4A 0C 5F 43 52 53 00 8B 42 55 46 30 0A  y..J._CRS..BUF0.
    25F0: 72 49 4F 30 4D 8B 42 55 46 30 0A 74 49 4F 30 58  rIO0M.BUF0.tIO0X
    2600: 70 47 50 42 53 49 4F 30 4D 70 47 50 42 53 49 4F  pGPBSIO0MpGPBSIO
    2610: 30 58 8B 42 55 46 30 0A 7A 49 4F 31 4D 8B 42 55  0X.BUF0.zIO1M.BU
    2620: 46 30 0A 7C 49 4F 31 58 70 72 47 50 42 53 0B 00  F0.|IO1XprGPBS..
    2630: 01 00 49 4F 31 4D 70 72 47 50 42 53 0B 00 01 00  ..IO1MprGPBS....
    2640: 49 4F 31 58 8B 42 55 46 30 0A 82 49 4F 32 4D 8B  IO1X.BUF0..IO2M.
    2650: 42 55 46 30 0A 84 49 4F 32 58 70 72 47 50 42 53  BUF0..IO2XprGPBS
    2660: 0B 00 02 00 49 4F 32 4D 70 72 47 50 42 53 0B 00  ....IO2MprGPBS..
    2670: 02 00 49 4F 32 58 8B 42 55 46 30 0A 8A 49 4F 33  ..IO2X.BUF0..IO3
    2680: 4D 8B 42 55 46 30 0A 8C 49 4F 33 58 70 72 47 50  M.BUF0..IO3XprGP
    2690: 42 53 0B 00 03 00 49 4F 33 4D 70 72 47 50 42 53  BS....IO3MprGPBS
    26A0: 0B 00 03 00 49 4F 33 58 A4 42 55 46 30 5B 82 25  ....IO3X.BUF0[.%
    26B0: 52 54 43 5F 08 5F 48 49 44 0C 41 D0 0B 00 08 5F  RTC_._HID.A...._
    26C0: 43 52 53 11 10 0A 0D 47 01 70 00 70 00 01 08 22  CRS....G.p.p..."
    26D0: 00 01 79 00 5B 82 2D 54 49 4D 52 08 5F 48 49 44  ..y.[.-TIMR._HID
    26E0: 0C 41 D0 01 00 08 5F 43 52 53 11 18 0A 15 47 01  .A...._CRS....G.
    26F0: 40 00 40 00 01 04 47 01 50 00 50 00 10 04 22 01  @.@...G.P.P...".
    2700: 00 79 00 5B 82 4F 04 43 57 44 54 08 5F 48 49 44  .y.[.O.CWDT._HID
    2710: 0C 25 D4 3F 0D 08 5F 43 49 44 0C 41 D0 0C 02 08  .%.?.._CID.A....
    2720: 42 55 46 30 11 0D 0A 0A 47 01 54 18 54 18 04 04  BUF0....G.T.T...
    2730: 79 00 14 15 5F 53 54 41 08 A0 0A 93 57 44 54 45  y..._STA....WDTE
    2740: 01 A4 0A 0F A1 03 A4 00 14 0B 5F 43 52 53 08 A4  .........._CRS..
    2750: 42 55 46 30 5B 82 4D 11 52 4D 53 43 08 5F 48 49  BUF0[.M.RMSC._HI
    2760: 44 0C 41 D0 0C 02 08 5F 55 49 44 0A 10 08 43 52  D.A...._UID...CR
    2770: 53 31 11 46 07 0A 72 47 01 10 00 10 00 00 10 47  S1.F..rG.......G
    2780: 01 22 00 22 00 00 1E 47 01 44 00 44 00 00 1C 47  ."."...G.D.D...G
    2790: 01 62 00 62 00 00 02 47 01 65 00 65 00 00 0B 47  .b.b...G.e.e...G
    27A0: 01 72 00 72 00 00 0E 47 01 80 00 80 00 00 01 47  .r.r...G.......G
    27B0: 01 84 00 84 00 00 03 47 01 88 00 88 00 00 01 47  .......G.......G
    27C0: 01 8C 00 8C 00 00 03 47 01 90 00 90 00 00 10 47  .......G.......G
    27D0: 01 A2 00 A2 00 00 1E 47 01 E0 00 E0 00 00 10 47  .......G.......G
    27E0: 01 D0 04 D0 04 00 02 79 00 08 43 52 53 32 11 46  .......y..CRS2.F
    27F0: 06 0A 62 47 01 10 00 10 00 00 10 47 01 22 00 22  ..bG.......G."."
    2800: 00 00 1E 47 01 44 00 44 00 00 1C 47 01 72 00 72  ...G.D.D...G.r.r
    2810: 00 00 0E 47 01 80 00 80 00 00 01 47 01 84 00 84  ...G.......G....
    2820: 00 00 03 47 01 88 00 88 00 00 01 47 01 8C 00 8C  ...G.......G....
    2830: 00 00 03 47 01 90 00 90 00 00 10 47 01 A2 00 A2  ...G.......G....
    2840: 00 00 1E 47 01 E0 00 E0 00 00 10 47 01 D0 04 D0  ...G.......G....
    2850: 04 00 02 79 00 14 1D 5F 43 52 53 00 A0 0F 7B 4D  ...y..._CRS...{M
    2860: 42 45 43 0B FF FF 00 A4 43 52 53 31 A1 06 A4 43  BEC.....CRS1...C
    2870: 52 53 32 5B 82 4D 32 52 50 30 31 08 5F 41 44 52  RS2[.M2RP01._ADR
    2880: 0C 00 00 1C 00 5B 80 50 58 43 53 02 00 0B 80 03  .....[.PXCS.....
    2890: 5B 81 44 08 50 58 43 53 00 56 44 49 44 20 00 40  [.D.PXCS.VDID .@
    28A0: 26 4C 30 53 45 01 00 03 4C 44 49 53 01 00 03 00  &L0SE...LDIS....
    28B0: 08 00 0D 4C 41 53 58 01 00 02 00 06 48 50 43 45  ...LASX.....HPCE
    28C0: 01 00 29 41 42 50 58 01 00 02 50 44 43 58 01 00  ..)ABPX...PDCX..
    28D0: 02 50 44 53 58 01 00 01 00 28 00 10 50 53 50 58  .PDSX....(..PSPX
    28E0: 01 50 4D 45 50 01 00 4E 20 44 33 48 54 02 00 4E  .PMEP..N D3HT..N
    28F0: 19 00 1E 48 50 45 58 01 50 4D 45 58 01 00 30 00  ...HPEX.PMEX..0.
    2900: 02 4C 32 33 45 01 4C 32 33 52 01 00 8C 20 01 00  .L23E.L23R... ..
    2910: 03 4C 45 44 4D 01 5B 81 15 50 58 43 53 40 00 40  .LEDM.[..PXCS@.@
    2920: 6E 00 1E 48 50 53 58 01 50 4D 53 58 01 14 19 5F  n..HPSX.PMSX..._
    2930: 53 54 41 00 A0 0D 93 56 44 49 44 0C FF FF FF FF  STA....VDID.....
    2940: A4 00 A1 04 A4 0A 0F 08 4C 54 52 56 12 06 04 00  ........LTRV....
    2950: 00 00 00 08 4F 50 54 53 00 08 52 50 41 56 00 14  ....OPTS..RPAV..
    2960: 4D 18 5F 44 53 4D 0C 08 5F 54 5F 31 00 08 5F 54  M._DSM.._T_1.._T
    2970: 5F 30 00 A2 44 17 01 70 99 68 00 5F 54 5F 30 A0  _0..D..p.h._T_0.
    2980: 47 16 93 5F 54 5F 30 11 13 0A 10 D0 37 C9 E5 53  G.._T_0.....7..S
    2990: 35 7A 4D 91 17 EA 4D 19 C3 43 4D A2 4B 14 01 70  5zM...M..CM.K..p
    29A0: 99 6A 00 5F 54 5F 31 A0 3E 93 5F 54 5F 31 00 A0  .j._T_1.>._T_1..
    29B0: 32 93 69 0A 02 70 01 4F 50 54 53 A0 10 4C 54 52  2.i..p.OPTS..LTR
    29C0: 45 7D 4F 50 54 53 0A 40 4F 50 54 53 A0 10 4F 42  E}OPTS.@OPTS..OB
    29D0: 46 46 7D 4F 50 54 53 0A 10 4F 50 54 53 A4 4F 50  FF}OPTS..OPTS.OP
    29E0: 54 53 A1 03 A4 00 A1 4F 0F A0 41 04 93 5F 54 5F  TS.....O..A.._T_
    29F0: 31 0A 04 A0 37 93 69 0A 02 A0 1A 4F 42 46 46 A4  1...7.i....OBFF.
    2A00: 11 13 0A 10 00 00 00 00 00 00 00 00 00 00 00 08  ................
    2A10: 00 00 00 00 A1 16 A4 11 13 0A 10 00 00 00 00 00  ................
    2A20: 00 00 00 00 00 00 00 00 00 00 00 A1 4A 0B A0 47  ............J..G
    2A30: 0B 93 5F 54 5F 31 0A 06 A0 4D 0A 93 69 0A 02 A0  .._T_1...M..i...
    2A40: 42 0A 4C 54 52 45 A0 4A 04 91 93 4C 4D 53 4C 0C  B.LTRE.J...LMSL.
    2A50: FF FF FF FF 93 4C 4E 53 4C 0C FF FF FF FF A0 17  .....LNSL.......
    2A60: 93 50 43 48 53 01 70 0B 46 08 4C 4D 53 4C 70 0B  .PCHS.p.F.LMSLp.
    2A70: 46 08 4C 4E 53 4C A1 1A A0 18 93 50 43 48 53 0A  F.LNSL.....PCHS.
    2A80: 02 70 0B 03 10 4C 4D 53 4C 70 0B 03 10 4C 4E 53  .p...LMSLp...LNS
    2A90: 4C 70 7B 7A 4C 4D 53 4C 0A 0A 00 0A 07 00 88 4C  Lp{zLMSL.......L
    2AA0: 54 52 56 00 00 70 7B 4C 4D 53 4C 0B FF 03 00 88  TRV..p{LMSL.....
    2AB0: 4C 54 52 56 01 00 70 7B 7A 4C 4E 53 4C 0A 0A 00  LTRV..p{zLNSL...
    2AC0: 0A 07 00 88 4C 54 52 56 0A 02 00 70 7B 4C 4E 53  ....LTRV...p{LNS
    2AD0: 4C 0B FF 03 00 88 4C 54 52 56 0A 03 00 A4 4C 54  L.....LTRV....LT
    2AE0: 52 56 A1 03 A4 00 A5 A5 A4 11 03 01 00 5B 82 1B  RV...........[..
    2AF0: 50 58 53 58 08 5F 41 44 52 00 14 0F 5F 50 52 57  PXSX._ADR..._PRW
    2B00: 00 A4 47 50 52 57 0A 09 0A 04 14 16 5F 52 45 47  ..GPRW......_REG
    2B10: 02 A0 0F 90 93 68 0A 02 93 69 01 70 01 52 50 41  .....h...i.p.RPA
    2B20: 56 14 49 06 48 50 4D 45 08 A0 3A 91 50 53 50 58  V.I.HPME..:.PSPX
    2B30: 50 4D 45 50 70 50 4D 45 58 61 70 00 50 4D 45 58  PMEPpPMEXap.PMEX
    2B40: 5B 22 0A 32 70 01 50 53 50 58 5B 22 0A 32 A0 0F  [".2p.PSPX[".2..
    2B50: 50 53 50 58 70 01 50 53 50 58 5B 22 0A 32 70 61  PSPXp.PSPX[".2pa
    2B60: 50 4D 45 58 A0 26 50 4D 53 58 70 0A C8 60 A2 15  PMEX.&PMSXp..`..
    2B70: 60 70 01 50 4D 53 58 A0 07 50 4D 53 58 76 60 A1  `p.PMSX..PMSXv`.
    2B80: 04 70 00 60 86 50 58 53 58 0A 02 14 16 5F 50 52  .p.`.PXSX...._PR
    2B90: 54 00 A0 0A 50 49 43 4D A4 41 52 30 34 A4 50 52  T...PICM.AR04.PR
    2BA0: 30 34 5B 82 4D 32 52 50 30 32 08 5F 41 44 52 0C  04[.M2RP02._ADR.
    2BB0: 01 00 1C 00 5B 80 50 58 43 53 02 00 0B 80 03 5B  ....[.PXCS.....[
    2BC0: 81 44 08 50 58 43 53 00 56 44 49 44 20 00 40 26  .D.PXCS.VDID .@&
    2BD0: 4C 30 53 45 01 00 03 4C 44 49 53 01 00 03 00 08  L0SE...LDIS.....
    2BE0: 00 0D 4C 41 53 58 01 00 02 00 06 48 50 43 45 01  ..LASX.....HPCE.
    2BF0: 00 29 41 42 50 58 01 00 02 50 44 43 58 01 00 02  .)ABPX...PDCX...
    2C00: 50 44 53 58 01 00 01 00 28 00 10 50 53 50 58 01  PDSX....(..PSPX.
    2C10: 50 4D 45 50 01 00 4E 20 44 33 48 54 02 00 4E 19  PMEP..N D3HT..N.
    2C20: 00 1E 48 50 45 58 01 50 4D 45 58 01 00 30 00 02  ..HPEX.PMEX..0..
    2C30: 4C 32 33 45 01 4C 32 33 52 01 00 8C 20 01 00 03  L23E.L23R... ...
    2C40: 4C 45 44 4D 01 5B 81 15 50 58 43 53 40 00 40 6E  LEDM.[..PXCS@.@n
    2C50: 00 1E 48 50 53 58 01 50 4D 53 58 01 14 19 5F 53  ..HPSX.PMSX..._S
    2C60: 54 41 00 A0 0D 93 56 44 49 44 0C FF FF FF FF A4  TA....VDID......
    2C70: 00 A1 04 A4 0A 0F 08 4C 54 52 56 12 06 04 00 00  .......LTRV.....
    2C80: 00 00 08 4F 50 54 53 00 08 52 50 41 56 00 14 4D  ...OPTS..RPAV..M
    2C90: 18 5F 44 53 4D 0C 08 5F 54 5F 31 00 08 5F 54 5F  ._DSM.._T_1.._T_
    2CA0: 30 00 A2 44 17 01 70 99 68 00 5F 54 5F 30 A0 47  0..D..p.h._T_0.G
    2CB0: 16 93 5F 54 5F 30 11 13 0A 10 D0 37 C9 E5 53 35  .._T_0.....7..S5
    2CC0: 7A 4D 91 17 EA 4D 19 C3 43 4D A2 4B 14 01 70 99  zM...M..CM.K..p.
    2CD0: 6A 00 5F 54 5F 31 A0 3E 93 5F 54 5F 31 00 A0 32  j._T_1.>._T_1..2
    2CE0: 93 69 0A 02 70 01 4F 50 54 53 A0 10 4C 54 52 45  .i..p.OPTS..LTRE
    2CF0: 7D 4F 50 54 53 0A 40 4F 50 54 53 A0 10 4F 42 46  }OPTS.@OPTS..OBF
    2D00: 46 7D 4F 50 54 53 0A 10 4F 50 54 53 A4 4F 50 54  F}OPTS..OPTS.OPT
    2D10: 53 A1 03 A4 00 A1 4F 0F A0 41 04 93 5F 54 5F 31  S.....O..A.._T_1
    2D20: 0A 04 A0 37 93 69 0A 02 A0 1A 4F 42 46 46 A4 11  ...7.i....OBFF..
    2D30: 13 0A 10 00 00 00 00 00 00 00 00 00 00 00 08 00  ................
    2D40: 00 00 00 A1 16 A4 11 13 0A 10 00 00 00 00 00 00  ................
    2D50: 00 00 00 00 00 00 00 00 00 00 A1 4A 0B A0 47 0B  ...........J..G.
    2D60: 93 5F 54 5F 31 0A 06 A0 4D 0A 93 69 0A 02 A0 42  ._T_1...M..i...B
    2D70: 0A 4C 54 52 45 A0 4A 04 91 93 4C 4D 53 4C 0C FF  .LTRE.J...LMSL..
    2D80: FF FF FF 93 4C 4E 53 4C 0C FF FF FF FF A0 17 93  ....LNSL........
    2D90: 50 43 48 53 01 70 0B 46 08 4C 4D 53 4C 70 0B 46  PCHS.p.F.LMSLp.F
    2DA0: 08 4C 4E 53 4C A1 1A A0 18 93 50 43 48 53 0A 02  .LNSL.....PCHS..
    2DB0: 70 0B 03 10 4C 4D 53 4C 70 0B 03 10 4C 4E 53 4C  p...LMSLp...LNSL
    2DC0: 70 7B 7A 4C 4D 53 4C 0A 0A 00 0A 07 00 88 4C 54  p{zLMSL.......LT
    2DD0: 52 56 00 00 70 7B 4C 4D 53 4C 0B FF 03 00 88 4C  RV..p{LMSL.....L
    2DE0: 54 52 56 01 00 70 7B 7A 4C 4E 53 4C 0A 0A 00 0A  TRV..p{zLNSL....
    2DF0: 07 00 88 4C 54 52 56 0A 02 00 70 7B 4C 4E 53 4C  ...LTRV...p{LNSL
    2E00: 0B FF 03 00 88 4C 54 52 56 0A 03 00 A4 4C 54 52  .....LTRV....LTR
    2E10: 56 A1 03 A4 00 A5 A5 A4 11 03 01 00 5B 82 1B 50  V...........[..P
    2E20: 58 53 58 08 5F 41 44 52 00 14 0F 5F 50 52 57 00  XSX._ADR..._PRW.
    2E30: A4 47 50 52 57 0A 09 0A 04 14 16 5F 52 45 47 02  .GPRW......_REG.
    2E40: A0 0F 90 93 68 0A 02 93 69 01 70 01 52 50 41 56  ....h...i.p.RPAV
    2E50: 14 49 06 48 50 4D 45 08 A0 3A 91 50 53 50 58 50  .I.HPME..:.PSPXP
    2E60: 4D 45 50 70 50 4D 45 58 61 70 00 50 4D 45 58 5B  MEPpPMEXap.PMEX[
    2E70: 22 0A 32 70 01 50 53 50 58 5B 22 0A 32 A0 0F 50  ".2p.PSPX[".2..P
    2E80: 53 50 58 70 01 50 53 50 58 5B 22 0A 32 70 61 50  SPXp.PSPX[".2paP
    2E90: 4D 45 58 A0 26 50 4D 53 58 70 0A C8 60 A2 15 60  MEX.&PMSXp..`..`
    2EA0: 70 01 50 4D 53 58 A0 07 50 4D 53 58 76 60 A1 04  p.PMSX..PMSXv`..
    2EB0: 70 00 60 86 50 58 53 58 0A 02 14 16 5F 50 52 54  p.`.PXSX...._PRT
    2EC0: 00 A0 0A 50 49 43 4D A4 41 52 30 35 A4 50 52 30  ...PICM.AR05.PR0
    2ED0: 35 5B 82 4D 32 52 50 30 33 08 5F 41 44 52 0C 02  5[.M2RP03._ADR..
    2EE0: 00 1C 00 5B 80 50 58 43 53 02 00 0B 80 03 5B 81  ...[.PXCS.....[.
    2EF0: 44 08 50 58 43 53 00 56 44 49 44 20 00 40 26 4C  D.PXCS.VDID .@&L
    2F00: 30 53 45 01 00 03 4C 44 49 53 01 00 03 00 08 00  0SE...LDIS......
    2F10: 0D 4C 41 53 58 01 00 02 00 06 48 50 43 45 01 00  .LASX.....HPCE..
    2F20: 29 41 42 50 58 01 00 02 50 44 43 58 01 00 02 50  )ABPX...PDCX...P
    2F30: 44 53 58 01 00 01 00 28 00 10 50 53 50 58 01 50  DSX....(..PSPX.P
    2F40: 4D 45 50 01 00 4E 20 44 33 48 54 02 00 4E 19 00  MEP..N D3HT..N..
    2F50: 1E 48 50 45 58 01 50 4D 45 58 01 00 30 00 02 4C  .HPEX.PMEX..0..L
    2F60: 32 33 45 01 4C 32 33 52 01 00 8C 20 01 00 03 4C  23E.L23R... ...L
    2F70: 45 44 4D 01 5B 81 15 50 58 43 53 40 00 40 6E 00  EDM.[..PXCS@.@n.
    2F80: 1E 48 50 53 58 01 50 4D 53 58 01 14 19 5F 53 54  .HPSX.PMSX..._ST
    2F90: 41 00 A0 0D 93 56 44 49 44 0C FF FF FF FF A4 00  A....VDID.......
    2FA0: A1 04 A4 0A 0F 08 4C 54 52 56 12 06 04 00 00 00  ......LTRV......
    2FB0: 00 08 4F 50 54 53 00 08 52 50 41 56 00 14 4D 18  ..OPTS..RPAV..M.
    2FC0: 5F 44 53 4D 0C 08 5F 54 5F 31 00 08 5F 54 5F 30  _DSM.._T_1.._T_0
    2FD0: 00 A2 44 17 01 70 99 68 00 5F 54 5F 30 A0 47 16  ..D..p.h._T_0.G.
    2FE0: 93 5F 54 5F 30 11 13 0A 10 D0 37 C9 E5 53 35 7A  ._T_0.....7..S5z
    2FF0: 4D 91 17 EA 4D 19 C3 43 4D A2 4B 14 01 70 99 6A  M...M..CM.K..p.j
    3000: 00 5F 54 5F 31 A0 3E 93 5F 54 5F 31 00 A0 32 93  ._T_1.>._T_1..2.
    3010: 69 0A 02 70 01 4F 50 54 53 A0 10 4C 54 52 45 7D  i..p.OPTS..LTRE}
    3020: 4F 50 54 53 0A 40 4F 50 54 53 A0 10 4F 42 46 46  OPTS.@OPTS..OBFF
    3030: 7D 4F 50 54 53 0A 10 4F 50 54 53 A4 4F 50 54 53  }OPTS..OPTS.OPTS
    3040: A1 03 A4 00 A1 4F 0F A0 41 04 93 5F 54 5F 31 0A  .....O..A.._T_1.
    3050: 04 A0 37 93 69 0A 02 A0 1A 4F 42 46 46 A4 11 13  ..7.i....OBFF...
    3060: 0A 10 00 00 00 00 00 00 00 00 00 00 00 08 00 00  ................
    3070: 00 00 A1 16 A4 11 13 0A 10 00 00 00 00 00 00 00  ................
    3080: 00 00 00 00 00 00 00 00 00 A1 4A 0B A0 47 0B 93  ..........J..G..
    3090: 5F 54 5F 31 0A 06 A0 4D 0A 93 69 0A 02 A0 42 0A  _T_1...M..i...B.
    30A0: 4C 54 52 45 A0 4A 04 91 93 4C 4D 53 4C 0C FF FF  LTRE.J...LMSL...
    30B0: FF FF 93 4C 4E 53 4C 0C FF FF FF FF A0 17 93 50  ...LNSL........P
    30C0: 43 48 53 01 70 0B 46 08 4C 4D 53 4C 70 0B 46 08  CHS.p.F.LMSLp.F.
    30D0: 4C 4E 53 4C A1 1A A0 18 93 50 43 48 53 0A 02 70  LNSL.....PCHS..p
    30E0: 0B 03 10 4C 4D 53 4C 70 0B 03 10 4C 4E 53 4C 70  ...LMSLp...LNSLp
    30F0: 7B 7A 4C 4D 53 4C 0A 0A 00 0A 07 00 88 4C 54 52  {zLMSL.......LTR
    3100: 56 00 00 70 7B 4C 4D 53 4C 0B FF 03 00 88 4C 54  V..p{LMSL.....LT
    3110: 52 56 01 00 70 7B 7A 4C 4E 53 4C 0A 0A 00 0A 07  RV..p{zLNSL.....
    3120: 00 88 4C 54 52 56 0A 02 00 70 7B 4C 4E 53 4C 0B  ..LTRV...p{LNSL.
    3130: FF 03 00 88 4C 54 52 56 0A 03 00 A4 4C 54 52 56  ....LTRV....LTRV
    3140: A1 03 A4 00 A5 A5 A4 11 03 01 00 5B 82 1B 50 58  ...........[..PX
    3150: 53 58 08 5F 41 44 52 00 14 0F 5F 50 52 57 00 A4  SX._ADR..._PRW..
    3160: 47 50 52 57 0A 09 0A 04 14 16 5F 52 45 47 02 A0  GPRW......_REG..
    3170: 0F 90 93 68 0A 02 93 69 01 70 01 52 50 41 56 14  ...h...i.p.RPAV.
    3180: 49 06 48 50 4D 45 08 A0 3A 91 50 53 50 58 50 4D  I.HPME..:.PSPXPM
    3190: 45 50 70 50 4D 45 58 61 70 00 50 4D 45 58 5B 22  EPpPMEXap.PMEX["
    31A0: 0A 32 70 01 50 53 50 58 5B 22 0A 32 A0 0F 50 53  .2p.PSPX[".2..PS
    31B0: 50 58 70 01 50 53 50 58 5B 22 0A 32 70 61 50 4D  PXp.PSPX[".2paPM
    31C0: 45 58 A0 26 50 4D 53 58 70 0A C8 60 A2 15 60 70  EX.&PMSXp..`..`p
    31D0: 01 50 4D 53 58 A0 07 50 4D 53 58 76 60 A1 04 70  .PMSX..PMSXv`..p
    31E0: 00 60 86 50 58 53 58 0A 02 14 16 5F 50 52 54 00  .`.PXSX...._PRT.
    31F0: A0 0A 50 49 43 4D A4 41 52 30 36 A4 50 52 30 36  ..PICM.AR06.PR06
    3200: 5B 82 4D 32 52 50 30 34 08 5F 41 44 52 0C 03 00  [.M2RP04._ADR...
    3210: 1C 00 5B 80 50 58 43 53 02 00 0B 80 03 5B 81 44  ..[.PXCS.....[.D
    3220: 08 50 58 43 53 00 56 44 49 44 20 00 40 26 4C 30  .PXCS.VDID .@&L0
    3230: 53 45 01 00 03 4C 44 49 53 01 00 03 00 08 00 0D  SE...LDIS.......
    3240: 4C 41 53 58 01 00 02 00 06 48 50 43 45 01 00 29  LASX.....HPCE..)
    3250: 41 42 50 58 01 00 02 50 44 43 58 01 00 02 50 44  ABPX...PDCX...PD
    3260: 53 58 01 00 01 00 28 00 10 50 53 50 58 01 50 4D  SX....(..PSPX.PM
    3270: 45 50 01 00 4E 20 44 33 48 54 02 00 4E 19 00 1E  EP..N D3HT..N...
    3280: 48 50 45 58 01 50 4D 45 58 01 00 30 00 02 4C 32  HPEX.PMEX..0..L2
    3290: 33 45 01 4C 32 33 52 01 00 8C 20 01 00 03 4C 45  3E.L23R... ...LE
    32A0: 44 4D 01 5B 81 15 50 58 43 53 40 00 40 6E 00 1E  DM.[..PXCS@.@n..
    32B0: 48 50 53 58 01 50 4D 53 58 01 14 19 5F 53 54 41  HPSX.PMSX..._STA
    32C0: 00 A0 0D 93 56 44 49 44 0C FF FF FF FF A4 00 A1  ....VDID........
    32D0: 04 A4 0A 0F 08 4C 54 52 56 12 06 04 00 00 00 00  .....LTRV.......
    32E0: 08 4F 50 54 53 00 08 52 50 41 56 00 14 4D 18 5F  .OPTS..RPAV..M._
    32F0: 44 53 4D 0C 08 5F 54 5F 31 00 08 5F 54 5F 30 00  DSM.._T_1.._T_0.
    3300: A2 44 17 01 70 99 68 00 5F 54 5F 30 A0 47 16 93  .D..p.h._T_0.G..
    3310: 5F 54 5F 30 11 13 0A 10 D0 37 C9 E5 53 35 7A 4D  _T_0.....7..S5zM
    3320: 91 17 EA 4D 19 C3 43 4D A2 4B 14 01 70 99 6A 00  ...M..CM.K..p.j.
    3330: 5F 54 5F 31 A0 3E 93 5F 54 5F 31 00 A0 32 93 69  _T_1.>._T_1..2.i
    3340: 0A 02 70 01 4F 50 54 53 A0 10 4C 54 52 45 7D 4F  ..p.OPTS..LTRE}O
    3350: 50 54 53 0A 40 4F 50 54 53 A0 10 4F 42 46 46 7D  PTS.@OPTS..OBFF}
    3360: 4F 50 54 53 0A 10 4F 50 54 53 A4 4F 50 54 53 A1  OPTS..OPTS.OPTS.
    3370: 03 A4 00 A1 4F 0F A0 41 04 93 5F 54 5F 31 0A 04  ....O..A.._T_1..
    3380: A0 37 93 69 0A 02 A0 1A 4F 42 46 46 A4 11 13 0A  .7.i....OBFF....
    3390: 10 00 00 00 00 00 00 00 00 00 00 00 08 00 00 00  ................
    33A0: 00 A1 16 A4 11 13 0A 10 00 00 00 00 00 00 00 00  ................
    33B0: 00 00 00 00 00 00 00 00 A1 4A 0B A0 47 0B 93 5F  .........J..G.._
    33C0: 54 5F 31 0A 06 A0 4D 0A 93 69 0A 02 A0 42 0A 4C  T_1...M..i...B.L
    33D0: 54 52 45 A0 4A 04 91 93 4C 4D 53 4C 0C FF FF FF  TRE.J...LMSL....
    33E0: FF 93 4C 4E 53 4C 0C FF FF FF FF A0 17 93 50 43  ..LNSL........PC
    33F0: 48 53 01 70 0B 46 08 4C 4D 53 4C 70 0B 46 08 4C  HS.p.F.LMSLp.F.L
    3400: 4E 53 4C A1 1A A0 18 93 50 43 48 53 0A 02 70 0B  NSL.....PCHS..p.
    3410: 03 10 4C 4D 53 4C 70 0B 03 10 4C 4E 53 4C 70 7B  ..LMSLp...LNSLp{
    3420: 7A 4C 4D 53 4C 0A 0A 00 0A 07 00 88 4C 54 52 56  zLMSL.......LTRV
    3430: 00 00 70 7B 4C 4D 53 4C 0B FF 03 00 88 4C 54 52  ..p{LMSL.....LTR
    3440: 56 01 00 70 7B 7A 4C 4E 53 4C 0A 0A 00 0A 07 00  V..p{zLNSL......
    3450: 88 4C 54 52 56 0A 02 00 70 7B 4C 4E 53 4C 0B FF  .LTRV...p{LNSL..
    3460: 03 00 88 4C 54 52 56 0A 03 00 A4 4C 54 52 56 A1  ...LTRV....LTRV.
    3470: 03 A4 00 A5 A5 A4 11 03 01 00 5B 82 1B 50 58 53  ..........[..PXS
    3480: 58 08 5F 41 44 52 00 14 0F 5F 50 52 57 00 A4 47  X._ADR..._PRW..G
    3490: 50 52 57 0A 09 0A 04 14 16 5F 52 45 47 02 A0 0F  PRW......_REG...
    34A0: 90 93 68 0A 02 93 69 01 70 01 52 50 41 56 14 49  ..h...i.p.RPAV.I
    34B0: 06 48 50 4D 45 08 A0 3A 91 50 53 50 58 50 4D 45  .HPME..:.PSPXPME
    34C0: 50 70 50 4D 45 58 61 70 00 50 4D 45 58 5B 22 0A  PpPMEXap.PMEX[".
    34D0: 32 70 01 50 53 50 58 5B 22 0A 32 A0 0F 50 53 50  2p.PSPX[".2..PSP
    34E0: 58 70 01 50 53 50 58 5B 22 0A 32 70 61 50 4D 45  Xp.PSPX[".2paPME
    34F0: 58 A0 26 50 4D 53 58 70 0A C8 60 A2 15 60 70 01  X.&PMSXp..`..`p.
    3500: 50 4D 53 58 A0 07 50 4D 53 58 76 60 A1 04 70 00  PMSX..PMSXv`..p.
    3510: 60 86 50 58 53 58 0A 02 14 16 5F 50 52 54 00 A0  `.PXSX...._PRT..
    3520: 0A 50 49 43 4D A4 41 52 30 37 A4 50 52 30 37 5B  .PICM.AR07.PR07[
    3530: 82 4D 32 52 50 30 35 08 5F 41 44 52 0C 04 00 1C  .M2RP05._ADR....
    3540: 00 5B 80 50 58 43 53 02 00 0B 80 03 5B 81 44 08  .[.PXCS.....[.D.
    3550: 50 58 43 53 00 56 44 49 44 20 00 40 26 4C 30 53  PXCS.VDID .@&L0S
    3560: 45 01 00 03 4C 44 49 53 01 00 03 00 08 00 0D 4C  E...LDIS.......L
    3570: 41 53 58 01 00 02 00 06 48 50 43 45 01 00 29 41  ASX.....HPCE..)A
    3580: 42 50 58 01 00 02 50 44 43 58 01 00 02 50 44 53  BPX...PDCX...PDS
    3590: 58 01 00 01 00 28 00 10 50 53 50 58 01 50 4D 45  X....(..PSPX.PME
    35A0: 50 01 00 4E 20 44 33 48 54 02 00 4E 19 00 1E 48  P..N D3HT..N...H
    35B0: 50 45 58 01 50 4D 45 58 01 00 30 00 02 4C 32 33  PEX.PMEX..0..L23
    35C0: 45 01 4C 32 33 52 01 00 8C 20 01 00 03 4C 45 44  E.L23R... ...LED
    35D0: 4D 01 5B 81 15 50 58 43 53 40 00 40 6E 00 1E 48  M.[..PXCS@.@n..H
    35E0: 50 53 58 01 50 4D 53 58 01 14 19 5F 53 54 41 00  PSX.PMSX..._STA.
    35F0: A0 0D 93 56 44 49 44 0C FF FF FF FF A4 00 A1 04  ...VDID.........
    3600: A4 0A 0F 08 4C 54 52 56 12 06 04 00 00 00 00 08  ....LTRV........
    3610: 4F 50 54 53 00 08 52 50 41 56 00 14 4D 18 5F 44  OPTS..RPAV..M._D
    3620: 53 4D 0C 08 5F 54 5F 31 00 08 5F 54 5F 30 00 A2  SM.._T_1.._T_0..
    3630: 44 17 01 70 99 68 00 5F 54 5F 30 A0 47 16 93 5F  D..p.h._T_0.G.._
    3640: 54 5F 30 11 13 0A 10 D0 37 C9 E5 53 35 7A 4D 91  T_0.....7..S5zM.
    3650: 17 EA 4D 19 C3 43 4D A2 4B 14 01 70 99 6A 00 5F  ..M..CM.K..p.j._
    3660: 54 5F 31 A0 3E 93 5F 54 5F 31 00 A0 32 93 69 0A  T_1.>._T_1..2.i.
    3670: 02 70 01 4F 50 54 53 A0 10 4C 54 52 45 7D 4F 50  .p.OPTS..LTRE}OP
    3680: 54 53 0A 40 4F 50 54 53 A0 10 4F 42 46 46 7D 4F  TS.@OPTS..OBFF}O
    3690: 50 54 53 0A 10 4F 50 54 53 A4 4F 50 54 53 A1 03  PTS..OPTS.OPTS..
    36A0: A4 00 A1 4F 0F A0 41 04 93 5F 54 5F 31 0A 04 A0  ...O..A.._T_1...
    36B0: 37 93 69 0A 02 A0 1A 4F 42 46 46 A4 11 13 0A 10  7.i....OBFF.....
    36C0: 00 00 00 00 00 00 00 00 00 00 00 08 00 00 00 00  ................
    36D0: A1 16 A4 11 13 0A 10 00 00 00 00 00 00 00 00 00  ................
    36E0: 00 00 00 00 00 00 00 A1 4A 0B A0 47 0B 93 5F 54  ........J..G.._T
    36F0: 5F 31 0A 06 A0 4D 0A 93 69 0A 02 A0 42 0A 4C 54  _1...M..i...B.LT
    3700: 52 45 A0 4A 04 91 93 4C 4D 53 4C 0C FF FF FF FF  RE.J...LMSL.....
    3710: 93 4C 4E 53 4C 0C FF FF FF FF A0 17 93 50 43 48  .LNSL........PCH
    3720: 53 01 70 0B 46 08 4C 4D 53 4C 70 0B 46 08 4C 4E  S.p.F.LMSLp.F.LN
    3730: 53 4C A1 1A A0 18 93 50 43 48 53 0A 02 70 0B 03  SL.....PCHS..p..
    3740: 10 4C 4D 53 4C 70 0B 03 10 4C 4E 53 4C 70 7B 7A  .LMSLp...LNSLp{z
    3750: 4C 4D 53 4C 0A 0A 00 0A 07 00 88 4C 54 52 56 00  LMSL.......LTRV.
    3760: 00 70 7B 4C 4D 53 4C 0B FF 03 00 88 4C 54 52 56  .p{LMSL.....LTRV
    3770: 01 00 70 7B 7A 4C 4E 53 4C 0A 0A 00 0A 07 00 88  ..p{zLNSL.......
    3780: 4C 54 52 56 0A 02 00 70 7B 4C 4E 53 4C 0B FF 03  LTRV...p{LNSL...
    3790: 00 88 4C 54 52 56 0A 03 00 A4 4C 54 52 56 A1 03  ..LTRV....LTRV..
    37A0: A4 00 A5 A5 A4 11 03 01 00 5B 82 1B 50 58 53 58  .........[..PXSX
    37B0: 08 5F 41 44 52 00 14 0F 5F 50 52 57 00 A4 47 50  ._ADR..._PRW..GP
    37C0: 52 57 0A 09 0A 04 14 16 5F 52 45 47 02 A0 0F 90  RW......_REG....
    37D0: 93 68 0A 02 93 69 01 70 01 52 50 41 56 14 49 06  .h...i.p.RPAV.I.
    37E0: 48 50 4D 45 08 A0 3A 91 50 53 50 58 50 4D 45 50  HPME..:.PSPXPMEP
    37F0: 70 50 4D 45 58 61 70 00 50 4D 45 58 5B 22 0A 32  pPMEXap.PMEX[".2
    3800: 70 01 50 53 50 58 5B 22 0A 32 A0 0F 50 53 50 58  p.PSPX[".2..PSPX
    3810: 70 01 50 53 50 58 5B 22 0A 32 70 61 50 4D 45 58  p.PSPX[".2paPMEX
    3820: A0 26 50 4D 53 58 70 0A C8 60 A2 15 60 70 01 50  .&PMSXp..`..`p.P
    3830: 4D 53 58 A0 07 50 4D 53 58 76 60 A1 04 70 00 60  MSX..PMSXv`..p.`
    3840: 86 50 58 53 58 0A 02 14 16 5F 50 52 54 00 A0 0A  .PXSX...._PRT...
    3850: 50 49 43 4D A4 41 52 30 38 A4 50 52 30 38 5B 82  PICM.AR08.PR08[.
    3860: 4D 32 52 50 30 36 08 5F 41 44 52 0C 05 00 1C 00  M2RP06._ADR.....
    3870: 5B 80 50 58 43 53 02 00 0B 80 03 5B 81 44 08 50  [.PXCS.....[.D.P
    3880: 58 43 53 00 56 44 49 44 20 00 40 26 4C 30 53 45  XCS.VDID .@&L0SE
    3890: 01 00 03 4C 44 49 53 01 00 03 00 08 00 0D 4C 41  ...LDIS.......LA
    38A0: 53 58 01 00 02 00 06 48 50 43 45 01 00 29 41 42  SX.....HPCE..)AB
    38B0: 50 58 01 00 02 50 44 43 58 01 00 02 50 44 53 58  PX...PDCX...PDSX
    38C0: 01 00 01 00 28 00 10 50 53 50 58 01 50 4D 45 50  ....(..PSPX.PMEP
    38D0: 01 00 4E 20 44 33 48 54 02 00 4E 19 00 1E 48 50  ..N D3HT..N...HP
    38E0: 45 58 01 50 4D 45 58 01 00 30 00 02 4C 32 33 45  EX.PMEX..0..L23E
    38F0: 01 4C 32 33 52 01 00 8C 20 01 00 03 4C 45 44 4D  .L23R... ...LEDM
    3900: 01 5B 81 15 50 58 43 53 40 00 40 6E 00 1E 48 50  .[..PXCS@.@n..HP
    3910: 53 58 01 50 4D 53 58 01 14 19 5F 53 54 41 00 A0  SX.PMSX..._STA..
    3920: 0D 93 56 44 49 44 0C FF FF FF FF A4 00 A1 04 A4  ..VDID..........
    3930: 0A 0F 08 4C 54 52 56 12 06 04 00 00 00 00 08 4F  ...LTRV........O
    3940: 50 54 53 00 08 52 50 41 56 00 14 4D 18 5F 44 53  PTS..RPAV..M._DS
    3950: 4D 0C 08 5F 54 5F 31 00 08 5F 54 5F 30 00 A2 44  M.._T_1.._T_0..D
    3960: 17 01 70 99 68 00 5F 54 5F 30 A0 47 16 93 5F 54  ..p.h._T_0.G.._T
    3970: 5F 30 11 13 0A 10 D0 37 C9 E5 53 35 7A 4D 91 17  _0.....7..S5zM..
    3980: EA 4D 19 C3 43 4D A2 4B 14 01 70 99 6A 00 5F 54  .M..CM.K..p.j._T
    3990: 5F 31 A0 3E 93 5F 54 5F 31 00 A0 32 93 69 0A 02  _1.>._T_1..2.i..
    39A0: 70 01 4F 50 54 53 A0 10 4C 54 52 45 7D 4F 50 54  p.OPTS..LTRE}OPT
    39B0: 53 0A 40 4F 50 54 53 A0 10 4F 42 46 46 7D 4F 50  S.@OPTS..OBFF}OP
    39C0: 54 53 0A 10 4F 50 54 53 A4 4F 50 54 53 A1 03 A4  TS..OPTS.OPTS...
    39D0: 00 A1 4F 0F A0 41 04 93 5F 54 5F 31 0A 04 A0 37  ..O..A.._T_1...7
    39E0: 93 69 0A 02 A0 1A 4F 42 46 46 A4 11 13 0A 10 00  .i....OBFF......
    39F0: 00 00 00 00 00 00 00 00 00 00 08 00 00 00 00 A1  ................
    3A00: 16 A4 11 13 0A 10 00 00 00 00 00 00 00 00 00 00  ................
    3A10: 00 00 00 00 00 00 A1 4A 0B A0 47 0B 93 5F 54 5F  .......J..G.._T_
    3A20: 31 0A 06 A0 4D 0A 93 69 0A 02 A0 42 0A 4C 54 52  1...M..i...B.LTR
    3A30: 45 A0 4A 04 91 93 4C 4D 53 4C 0C FF FF FF FF 93  E.J...LMSL......
    3A40: 4C 4E 53 4C 0C FF FF FF FF A0 17 93 50 43 48 53  LNSL........PCHS
    3A50: 01 70 0B 46 08 4C 4D 53 4C 70 0B 46 08 4C 4E 53  .p.F.LMSLp.F.LNS
    3A60: 4C A1 1A A0 18 93 50 43 48 53 0A 02 70 0B 03 10  L.....PCHS..p...
    3A70: 4C 4D 53 4C 70 0B 03 10 4C 4E 53 4C 70 7B 7A 4C  LMSLp...LNSLp{zL
    3A80: 4D 53 4C 0A 0A 00 0A 07 00 88 4C 54 52 56 00 00  MSL.......LTRV..
    3A90: 70 7B 4C 4D 53 4C 0B FF 03 00 88 4C 54 52 56 01  p{LMSL.....LTRV.
    3AA0: 00 70 7B 7A 4C 4E 53 4C 0A 0A 00 0A 07 00 88 4C  .p{zLNSL.......L
    3AB0: 54 52 56 0A 02 00 70 7B 4C 4E 53 4C 0B FF 03 00  TRV...p{LNSL....
    3AC0: 88 4C 54 52 56 0A 03 00 A4 4C 54 52 56 A1 03 A4  .LTRV....LTRV...
    3AD0: 00 A5 A5 A4 11 03 01 00 5B 82 1B 50 58 53 58 08  ........[..PXSX.
    3AE0: 5F 41 44 52 00 14 0F 5F 50 52 57 00 A4 47 50 52  _ADR..._PRW..GPR
    3AF0: 57 0A 09 0A 04 14 16 5F 52 45 47 02 A0 0F 90 93  W......_REG.....
    3B00: 68 0A 02 93 69 01 70 01 52 50 41 56 14 49 06 48  h...i.p.RPAV.I.H
    3B10: 50 4D 45 08 A0 3A 91 50 53 50 58 50 4D 45 50 70  PME..:.PSPXPMEPp
    3B20: 50 4D 45 58 61 70 00 50 4D 45 58 5B 22 0A 32 70  PMEXap.PMEX[".2p
    3B30: 01 50 53 50 58 5B 22 0A 32 A0 0F 50 53 50 58 70  .PSPX[".2..PSPXp
    3B40: 01 50 53 50 58 5B 22 0A 32 70 61 50 4D 45 58 A0  .PSPX[".2paPMEX.
    3B50: 26 50 4D 53 58 70 0A C8 60 A2 15 60 70 01 50 4D  &PMSXp..`..`p.PM
    3B60: 53 58 A0 07 50 4D 53 58 76 60 A1 04 70 00 60 86  SX..PMSXv`..p.`.
    3B70: 50 58 53 58 0A 02 14 16 5F 50 52 54 00 A0 0A 50  PXSX...._PRT...P
    3B80: 49 43 4D A4 41 52 30 39 A4 50 52 30 39 5B 82 4D  ICM.AR09.PR09[.M
    3B90: 32 52 50 30 37 08 5F 41 44 52 0C 06 00 1C 00 5B  2RP07._ADR.....[
    3BA0: 80 50 58 43 53 02 00 0B 80 03 5B 81 44 08 50 58  .PXCS.....[.D.PX
    3BB0: 43 53 00 56 44 49 44 20 00 40 26 4C 30 53 45 01  CS.VDID .@&L0SE.
    3BC0: 00 03 4C 44 49 53 01 00 03 00 08 00 0D 4C 41 53  ..LDIS.......LAS
    3BD0: 58 01 00 02 00 06 48 50 43 45 01 00 29 41 42 50  X.....HPCE..)ABP
    3BE0: 58 01 00 02 50 44 43 58 01 00 02 50 44 53 58 01  X...PDCX...PDSX.
    3BF0: 00 01 00 28 00 10 50 53 50 58 01 50 4D 45 50 01  ...(..PSPX.PMEP.
    3C00: 00 4E 20 44 33 48 54 02 00 4E 19 00 1E 48 50 45  .N D3HT..N...HPE
    3C10: 58 01 50 4D 45 58 01 00 30 00 02 4C 32 33 45 01  X.PMEX..0..L23E.
    3C20: 4C 32 33 52 01 00 8C 20 01 00 03 4C 45 44 4D 01  L23R... ...LEDM.
    3C30: 5B 81 15 50 58 43 53 40 00 40 6E 00 1E 48 50 53  [..PXCS@.@n..HPS
    3C40: 58 01 50 4D 53 58 01 14 19 5F 53 54 41 00 A0 0D  X.PMSX..._STA...
    3C50: 93 56 44 49 44 0C FF FF FF FF A4 00 A1 04 A4 0A  .VDID...........
    3C60: 0F 08 4C 54 52 56 12 06 04 00 00 00 00 08 4F 50  ..LTRV........OP
    3C70: 54 53 00 08 52 50 41 56 00 14 4D 18 5F 44 53 4D  TS..RPAV..M._DSM
    3C80: 0C 08 5F 54 5F 31 00 08 5F 54 5F 30 00 A2 44 17  .._T_1.._T_0..D.
    3C90: 01 70 99 68 00 5F 54 5F 30 A0 47 16 93 5F 54 5F  .p.h._T_0.G.._T_
    3CA0: 30 11 13 0A 10 D0 37 C9 E5 53 35 7A 4D 91 17 EA  0.....7..S5zM...
    3CB0: 4D 19 C3 43 4D A2 4B 14 01 70 99 6A 00 5F 54 5F  M..CM.K..p.j._T_
    3CC0: 31 A0 3E 93 5F 54 5F 31 00 A0 32 93 69 0A 02 70  1.>._T_1..2.i..p
    3CD0: 01 4F 50 54 53 A0 10 4C 54 52 45 7D 4F 50 54 53  .OPTS..LTRE}OPTS
    3CE0: 0A 40 4F 50 54 53 A0 10 4F 42 46 46 7D 4F 50 54  .@OPTS..OBFF}OPT
    3CF0: 53 0A 10 4F 50 54 53 A4 4F 50 54 53 A1 03 A4 00  S..OPTS.OPTS....
    3D00: A1 4F 0F A0 41 04 93 5F 54 5F 31 0A 04 A0 37 93  .O..A.._T_1...7.
    3D10: 69 0A 02 A0 1A 4F 42 46 46 A4 11 13 0A 10 00 00  i....OBFF.......
    3D20: 00 00 00 00 00 00 00 00 00 08 00 00 00 00 A1 16  ................
    3D30: A4 11 13 0A 10 00 00 00 00 00 00 00 00 00 00 00  ................
    3D40: 00 00 00 00 00 A1 4A 0B A0 47 0B 93 5F 54 5F 31  ......J..G.._T_1
    3D50: 0A 06 A0 4D 0A 93 69 0A 02 A0 42 0A 4C 54 52 45  ...M..i...B.LTRE
    3D60: A0 4A 04 91 93 4C 4D 53 4C 0C FF FF FF FF 93 4C  .J...LMSL......L
    3D70: 4E 53 4C 0C FF FF FF FF A0 17 93 50 43 48 53 01  NSL........PCHS.
    3D80: 70 0B 46 08 4C 4D 53 4C 70 0B 46 08 4C 4E 53 4C  p.F.LMSLp.F.LNSL
    3D90: A1 1A A0 18 93 50 43 48 53 0A 02 70 0B 03 10 4C  .....PCHS..p...L
    3DA0: 4D 53 4C 70 0B 03 10 4C 4E 53 4C 70 7B 7A 4C 4D  MSLp...LNSLp{zLM
    3DB0: 53 4C 0A 0A 00 0A 07 00 88 4C 54 52 56 00 00 70  SL.......LTRV..p
    3DC0: 7B 4C 4D 53 4C 0B FF 03 00 88 4C 54 52 56 01 00  {LMSL.....LTRV..
    3DD0: 70 7B 7A 4C 4E 53 4C 0A 0A 00 0A 07 00 88 4C 54  p{zLNSL.......LT
    3DE0: 52 56 0A 02 00 70 7B 4C 4E 53 4C 0B FF 03 00 88  RV...p{LNSL.....
    3DF0: 4C 54 52 56 0A 03 00 A4 4C 54 52 56 A1 03 A4 00  LTRV....LTRV....
    3E00: A5 A5 A4 11 03 01 00 5B 82 1B 50 58 53 58 08 5F  .......[..PXSX._
    3E10: 41 44 52 00 14 0F 5F 50 52 57 00 A4 47 50 52 57  ADR..._PRW..GPRW
    3E20: 0A 09 0A 04 14 16 5F 52 45 47 02 A0 0F 90 93 68  ......_REG.....h
    3E30: 0A 02 93 69 01 70 01 52 50 41 56 14 49 06 48 50  ...i.p.RPAV.I.HP
    3E40: 4D 45 08 A0 3A 91 50 53 50 58 50 4D 45 50 70 50  ME..:.PSPXPMEPpP
    3E50: 4D 45 58 61 70 00 50 4D 45 58 5B 22 0A 32 70 01  MEXap.PMEX[".2p.
    3E60: 50 53 50 58 5B 22 0A 32 A0 0F 50 53 50 58 70 01  PSPX[".2..PSPXp.
    3E70: 50 53 50 58 5B 22 0A 32 70 61 50 4D 45 58 A0 26  PSPX[".2paPMEX.&
    3E80: 50 4D 53 58 70 0A C8 60 A2 15 60 70 01 50 4D 53  PMSXp..`..`p.PMS
    3E90: 58 A0 07 50 4D 53 58 76 60 A1 04 70 00 60 86 50  X..PMSXv`..p.`.P
    3EA0: 58 53 58 0A 02 14 16 5F 50 52 54 00 A0 0A 50 49  XSX...._PRT...PI
    3EB0: 43 4D A4 41 52 30 45 A4 50 52 30 45 5B 82 4D 32  CM.AR0E.PR0E[.M2
    3EC0: 52 50 30 38 08 5F 41 44 52 0C 07 00 1C 00 5B 80  RP08._ADR.....[.
    3ED0: 50 58 43 53 02 00 0B 80 03 5B 81 44 08 50 58 43  PXCS.....[.D.PXC
    3EE0: 53 00 56 44 49 44 20 00 40 26 4C 30 53 45 01 00  S.VDID .@&L0SE..
    3EF0: 03 4C 44 49 53 01 00 03 00 08 00 0D 4C 41 53 58  .LDIS.......LASX
    3F00: 01 00 02 00 06 48 50 43 45 01 00 29 41 42 50 58  .....HPCE..)ABPX
    3F10: 01 00 02 50 44 43 58 01 00 02 50 44 53 58 01 00  ...PDCX...PDSX..
    3F20: 01 00 28 00 10 50 53 50 58 01 50 4D 45 50 01 00  ..(..PSPX.PMEP..
    3F30: 4E 20 44 33 48 54 02 00 4E 19 00 1E 48 50 45 58  N D3HT..N...HPEX
    3F40: 01 50 4D 45 58 01 00 30 00 02 4C 32 33 45 01 4C  .PMEX..0..L23E.L
    3F50: 32 33 52 01 00 8C 20 01 00 03 4C 45 44 4D 01 5B  23R... ...LEDM.[
    3F60: 81 15 50 58 43 53 40 00 40 6E 00 1E 48 50 53 58  ..PXCS@.@n..HPSX
    3F70: 01 50 4D 53 58 01 14 19 5F 53 54 41 00 A0 0D 93  .PMSX..._STA....
    3F80: 56 44 49 44 0C FF FF FF FF A4 00 A1 04 A4 0A 0F  VDID............
    3F90: 08 4C 54 52 56 12 06 04 00 00 00 00 08 4F 50 54  .LTRV........OPT
    3FA0: 53 00 08 52 50 41 56 00 14 4D 18 5F 44 53 4D 0C  S..RPAV..M._DSM.
    3FB0: 08 5F 54 5F 31 00 08 5F 54 5F 30 00 A2 44 17 01  ._T_1.._T_0..D..
    3FC0: 70 99 68 00 5F 54 5F 30 A0 47 16 93 5F 54 5F 30  p.h._T_0.G.._T_0
    3FD0: 11 13 0A 10 D0 37 C9 E5 53 35 7A 4D 91 17 EA 4D  .....7..S5zM...M
    3FE0: 19 C3 43 4D A2 4B 14 01 70 99 6A 00 5F 54 5F 31  ..CM.K..p.j._T_1
    3FF0: A0 3E 93 5F 54 5F 31 00 A0 32 93 69 0A 02 70 01  .>._T_1..2.i..p.
    4000: 4F 50 54 53 A0 10 4C 54 52 45 7D 4F 50 54 53 0A  OPTS..LTRE}OPTS.
    4010: 40 4F 50 54 53 A0 10 4F 42 46 46 7D 4F 50 54 53  @OPTS..OBFF}OPTS
    4020: 0A 10 4F 50 54 53 A4 4F 50 54 53 A1 03 A4 00 A1  ..OPTS.OPTS.....
    4030: 4F 0F A0 41 04 93 5F 54 5F 31 0A 04 A0 37 93 69  O..A.._T_1...7.i
    4040: 0A 02 A0 1A 4F 42 46 46 A4 11 13 0A 10 00 00 00  ....OBFF........
    4050: 00 00 00 00 00 00 00 00 08 00 00 00 00 A1 16 A4  ................
    4060: 11 13 0A 10 00 00 00 00 00 00 00 00 00 00 00 00  ................
    4070: 00 00 00 00 A1 4A 0B A0 47 0B 93 5F 54 5F 31 0A  .....J..G.._T_1.
    4080: 06 A0 4D 0A 93 69 0A 02 A0 42 0A 4C 54 52 45 A0  ..M..i...B.LTRE.
    4090: 4A 04 91 93 4C 4D 53 4C 0C FF FF FF FF 93 4C 4E  J...LMSL......LN
    40A0: 53 4C 0C FF FF FF FF A0 17 93 50 43 48 53 01 70  SL........PCHS.p
    40B0: 0B 46 08 4C 4D 53 4C 70 0B 46 08 4C 4E 53 4C A1  .F.LMSLp.F.LNSL.
    40C0: 1A A0 18 93 50 43 48 53 0A 02 70 0B 03 10 4C 4D  ....PCHS..p...LM
    40D0: 53 4C 70 0B 03 10 4C 4E 53 4C 70 7B 7A 4C 4D 53  SLp...LNSLp{zLMS
    40E0: 4C 0A 0A 00 0A 07 00 88 4C 54 52 56 00 00 70 7B  L.......LTRV..p{
    40F0: 4C 4D 53 4C 0B FF 03 00 88 4C 54 52 56 01 00 70  LMSL.....LTRV..p
    4100: 7B 7A 4C 4E 53 4C 0A 0A 00 0A 07 00 88 4C 54 52  {zLNSL.......LTR
    4110: 56 0A 02 00 70 7B 4C 4E 53 4C 0B FF 03 00 88 4C  V...p{LNSL.....L
    4120: 54 52 56 0A 03 00 A4 4C 54 52 56 A1 03 A4 00 A5  TRV....LTRV.....
    4130: A5 A4 11 03 01 00 5B 82 1B 50 58 53 58 08 5F 41  ......[..PXSX._A
    4140: 44 52 00 14 0F 5F 50 52 57 00 A4 47 50 52 57 0A  DR..._PRW..GPRW.
    4150: 09 0A 04 14 16 5F 52 45 47 02 A0 0F 90 93 68 0A  ....._REG.....h.
    4160: 02 93 69 01 70 01 52 50 41 56 14 49 06 48 50 4D  ..i.p.RPAV.I.HPM
    4170: 45 08 A0 3A 91 50 53 50 58 50 4D 45 50 70 50 4D  E..:.PSPXPMEPpPM
    4180: 45 58 61 70 00 50 4D 45 58 5B 22 0A 32 70 01 50  EXap.PMEX[".2p.P
    4190: 53 50 58 5B 22 0A 32 A0 0F 50 53 50 58 70 01 50  SPX[".2..PSPXp.P
    41A0: 53 50 58 5B 22 0A 32 70 61 50 4D 45 58 A0 26 50  SPX[".2paPMEX.&P
    41B0: 4D 53 58 70 0A C8 60 A2 15 60 70 01 50 4D 53 58  MSXp..`..`p.PMSX
    41C0: A0 07 50 4D 53 58 76 60 A1 04 70 00 60 86 50 58  ..PMSXv`..p.`.PX
    41D0: 53 58 0A 02 14 16 5F 50 52 54 00 A0 0A 50 49 43  SX...._PRT...PIC
    41E0: 4D A4 41 52 30 46 A4 50 52 30 46 00 00 00 00 00  M.AR0F.PR0F.....
    41F0: 00 00 00 00 00 00 00 00 00 00 00 00 00 00 00 00  ................
    4200: 00 00 00 00 00 00 00 00 00 00 00 00 00 00 00 00  ................
    4210: 00 00 00 00 00 00 00 00 00 00 00 00 00 00 00 00  ................
    4220: 00 00 00 00 00 00 00 00 00 00 00 00 00 00 00 00  ................
    4230: 00 00 00 00 00 00 00 00 00 00 00 00 00 00 00 00  ................
    4240: 00 00 00 00 00 00 00 00 00 00 00 00 00 00 00 00  ................
    4250: 00 00 00 00 00 00 00 00 00 00 00 00 00 00 00 00  ................
    4260: 00 00 00 00 00 00 00 00 00 00 00 00 00 00 00 00  ................
    4270: 5B 82 0F 42 30 44 34 08 5F 41 44 52 0C 00 00 04  [..B0D4._ADR....
    4280: 00 08 52 50 41 30 0C 00 00 1C 00 08 52 50 41 31  ..RPA0......RPA1
    4290: 0C 01 00 1C 00 08 52 50 41 32 0C 02 00 1C 00 08  ......RPA2......
    42A0: 52 50 41 33 0C 03 00 1C 00 08 52 50 41 34 0C 04  RPA3......RPA4..
    42B0: 00 1C 00 08 52 50 41 35 0C 05 00 1C 00 08 52 50  ....RPA5......RP
    42C0: 41 36 0C 06 00 1C 00 08 52 50 41 37 0C 07 00 1C  A6......RPA7....
    42D0: 00 08 50 43 48 53 0C 01 00 00 00 08 53 52 4D 42  ..PCHS......SRMB
    42E0: 0C 00 00 FE F7 08 50 4D 4C 31 0C 46 08 00 00 08  ......PML1.F....
    42F0: 50 4D 4C 32 0C 46 08 00 00 08 50 4D 4C 33 0C 46  PML2.F....PML3.F
    4300: 08 00 00 08 50 4D 4C 34 0C 46 08 00 00 08 50 4D  ....PML4.F....PM
    4310: 4C 35 0C 46 08 00 00 08 50 4D 4C 36 0C 46 08 00  L5.F....PML6.F..
    4320: 00 08 50 4D 4C 37 0C 46 08 00 00 08 50 4D 4C 38  ..PML7.F....PML8
    4330: 0C 46 08 00 00 08 50 4E 4C 31 0C 46 08 00 00 08  .F....PNL1.F....
    4340: 50 4E 4C 32 0C 46 08 00 00 08 50 4E 4C 33 0C 46  PNL2.F....PNL3.F
    4350: 08 00 00 08 50 4E 4C 34 0C 46 08 00 00 08 50 4E  ....PNL4.F....PN
    4360: 4C 35 0C 46 08 00 00 08 50 4E 4C 36 0C 46 08 00  L5.F....PNL6.F..
    4370: 00 08 50 4E 4C 37 0C 46 08 00 00 08 50 4E 4C 38  ..PNL7.F....PNL8
    4380: 0C 46 08 00 00 10 4E 35 5C 00 5B 80 49 4F 5F 44  .F....N5\.[.IO_D
    4390: 01 0B 10 08 0A 04 5B 81 0B 49 4F 5F 44 01 54 52  ......[..IO_D.TR
    43A0: 50 44 08 5B 80 49 4F 5F 48 01 0B 00 10 0A 04 5B  PD.[.IO_H......[
    43B0: 81 0B 49 4F 5F 48 01 54 52 50 48 08 5B 80 50 4D  ..IO_H.TRPH.[.PM
    43C0: 49 4F 01 50 4D 42 53 0A 80 5B 81 2C 50 4D 49 4F  IO.PMBS..[.,PMIO
    43D0: 01 00 40 14 00 10 00 03 47 50 45 33 01 00 07 47  ..@.....GPE3...G
    43E0: 50 45 42 01 00 44 08 00 01 55 50 52 57 01 00 2E  PEB..D...UPRW...
    43F0: 00 01 47 50 45 43 01 5B 81 25 50 4D 49 4F 41 00  ..GPEC.[.%PMIOA.
    4400: 40 10 00 10 00 03 47 50 53 33 01 00 07 47 50 53  @.....GPS3...GPS
    4410: 42 01 00 44 20 00 09 53 43 49 53 01 00 06 5B 80  B..D ..SCIS...[.
    4420: 50 4D 4C 50 01 72 50 4D 42 53 0A 80 00 0A 20 5B  PMLP.rPMBS.... [
    4430: 81 28 50 4D 4C 50 01 00 40 08 00 08 47 45 30 38  .(PMLP..@...GE08
    4440: 01 00 08 47 45 31 37 01 00 1B 47 45 34 35 01 00  ...GE17...GE45..
    4450: 05 47 45 35 31 01 00 4C 04 5B 81 25 50 4D 4C 50  .GE51..L.[.%PMLP
    4460: 41 00 08 47 53 30 38 01 00 08 47 53 31 37 01 00  A..GS08...GS17..
    4470: 1B 47 53 34 35 01 00 05 47 53 35 31 01 00 4C 04  .GS45...GS51..L.
    4480: 5B 80 47 50 52 5F 01 47 50 42 53 0B 00 04 5B 81  [.GPR_.GPBS...[.
    4490: 4B 0F 47 50 52 5F 01 47 55 30 30 08 47 55 30 31  K.GPR_.GU00.GU01
    44A0: 08 47 55 30 32 08 47 55 30 33 08 47 49 4F 30 08  .GU02.GU03.GIO0.
    44B0: 47 49 4F 31 08 47 49 4F 32 08 47 49 4F 33 08 00  GIO1.GIO2.GIO3..
    44C0: 20 47 4C 30 30 08 47 4C 30 31 08 47 4C 30 32 08   GL00.GL01.GL02.
    44D0: 47 50 32 34 01 00 02 47 50 32 37 01 47 50 32 38  GP24...GP27.GP28
    44E0: 01 00 03 00 40 04 47 42 30 30 08 47 42 30 31 08  ....@.GB00.GB01.
    44F0: 47 42 30 32 08 47 42 30 33 08 00 40 08 47 49 56  GB02.GB03..@.GIV
    4500: 30 08 47 49 56 31 08 47 49 56 32 08 47 49 56 33  0.GIV1.GIV2.GIV3
    4510: 08 47 55 30 34 08 47 55 30 35 08 47 55 30 36 08  .GU04.GU05.GU06.
    4520: 47 55 30 37 08 47 49 4F 34 08 47 49 4F 35 08 47  GU07.GIO4.GIO5.G
    4530: 49 4F 36 08 47 49 4F 37 08 47 4C 30 34 08 47 4C  IO6.GIO7.GL04.GL
    4540: 30 35 08 47 4C 30 36 08 47 4C 30 37 08 00 20 47  05.GL06.GL07.. G
    4550: 55 30 38 08 47 55 30 39 08 47 55 30 41 08 47 55  U08.GU09.GU0A.GU
    4560: 30 42 08 47 49 4F 38 08 47 49 4F 39 08 47 49 4F  0B.GIO8.GIO9.GIO
    4570: 41 08 47 49 4F 42 08 47 4C 30 38 08 47 4C 30 39  A.GIOB.GL08.GL09
    4580: 08 47 4C 30 41 08 47 4C 30 42 08 5B 80 47 50 52  .GL0A.GL0B.[.GPR
    4590: 4C 01 47 50 42 53 0A 40 5B 81 49 04 47 50 52 4C  L.GPBS.@[.I.GPRL
    45A0: 01 00 08 47 4F 30 38 01 47 4F 30 39 01 00 03 47  ...GO08.GO09...G
    45B0: 4F 31 33 01 47 4F 31 34 01 00 02 47 4F 31 37 01  O13.GO14...GO17.
    45C0: 00 1B 47 4F 34 35 01 00 05 47 4F 35 31 01 00 4C  ..GO45...GO51..L
    45D0: 04 00 40 10 47 52 30 30 20 47 52 30 31 20 47 52  ..@.GR00 GR01 GR
    45E0: 30 32 20 5B 80 52 43 52 42 00 53 52 43 42 0B 00  02 [.RCRB.SRCB..
    45F0: 40 5B 81 48 0D 52 43 52 42 13 00 80 00 08 00 80  @[.H.RCRB.......
    4600: 98 09 41 46 45 41 20 41 46 45 44 20 41 46 45 53  ..AFEA AFED AFES
    4610: 10 41 46 45 52 10 00 80 62 06 00 80 8E 01 00 18  .AFER...b.......
    4620: 50 4D 46 53 01 00 07 43 4B 45 4E 20 00 40 70 48  PMFS...CKEN .@pH
    4630: 50 41 53 02 00 05 48 50 41 45 01 00 48 09 00 01  PAS...HPAE..H...
    4640: 41 44 53 44 01 53 41 54 44 01 53 4D 42 44 01 48  ADSD.SATD.SMBD.H
    4650: 44 41 44 01 00 0B 52 50 31 44 01 52 50 32 44 01  DAD...RP1D.RP2D.
    4660: 52 50 33 44 01 52 50 34 44 01 52 50 35 44 01 52  RP3D.RP4D.RP5D.R
    4670: 50 36 44 01 52 50 37 44 01 52 50 38 44 01 00 48  P6D.RP7D.RP8D..H
    4680: C0 55 50 30 44 01 55 50 31 44 01 55 50 32 44 01  .UP0D.UP1D.UP2D.
    4690: 55 50 33 44 01 55 50 34 44 01 55 50 35 44 01 55  UP3D.UP4D.UP5D.U
    46A0: 50 36 44 01 55 50 37 44 01 55 50 38 44 01 55 50  P6D.UP7D.UP8D.UP
    46B0: 39 44 01 55 50 41 44 01 55 50 42 44 01 55 50 43  9D.UPAD.UPBD.UPC
    46C0: 44 01 55 50 44 44 01 00 01 00 01 5B 80 49 4F 5F  D.UPDD.....[.IO_
    46D0: 50 01 0B 00 10 0A 04 5B 81 0B 49 4F 5F 50 01 54  P......[..IO_P.T
    46E0: 52 50 46 08 10 42 2B 5F 53 42 5F 14 3F 52 44 47  RPF..B+_SB_.?RDG
    46F0: 49 09 A0 36 92 94 68 0A 5E 70 72 72 47 50 42 53  I..6..h.^prrGPBS
    4700: 0B 00 01 00 77 68 0A 08 00 00 60 5B 80 4C 47 50  ....wh....`[.LGP
    4710: 49 01 60 0A 04 5B 81 0D 4C 47 50 49 00 00 1E 54  I.`..[..LGPI...T
    4720: 45 4D 50 01 A4 54 45 4D 50 A4 00 14 3F 52 44 47  EMP..TEMP...?RDG
    4730: 50 09 A0 36 92 94 68 0A 5E 70 72 72 47 50 42 53  P..6..h.^prrGPBS
    4740: 0B 00 01 00 77 68 0A 08 00 00 60 5B 80 4C 47 50  ....wh....`[.LGP
    4750: 49 01 60 0A 04 5B 81 0D 4C 47 50 49 00 00 1F 54  I.`..[..LGPI...T
    4760: 45 4D 50 01 A4 54 45 4D 50 A4 00 14 3E 57 54 47  EMP..TEMP...>WTG
    4770: 50 0A A0 37 92 94 68 0A 5E 70 72 72 47 50 42 53  P..7..h.^prrGPBS
    4780: 0B 00 01 00 77 68 0A 08 00 00 60 5B 80 4C 47 50  ....wh....`[.LGP
    4790: 49 01 60 0A 04 5B 81 0D 4C 47 50 49 00 00 1F 54  I.`..[..LGPI...T
    47A0: 45 4D 50 01 70 69 54 45 4D 50 14 3E 57 54 49 4E  EMP.piTEMP.>WTIN
    47B0: 0A A0 37 92 94 68 0A 5E 70 72 72 47 50 42 53 0B  ..7..h.^prrGPBS.
    47C0: 00 01 00 77 68 0A 08 00 00 60 5B 80 4C 47 50 49  ...wh....`[.LGPI
    47D0: 01 60 0A 04 5B 81 0D 4C 47 50 49 01 00 03 54 45  .`..[..LGPI...TE
    47E0: 4D 50 01 70 69 54 45 4D 50 14 3C 57 50 47 50 0A  MP.piTEMP.<WPGP.
    47F0: A0 35 92 94 68 0A 5E 70 72 72 47 50 42 53 0B 04  .5..h.^prrGPBS..
    4800: 01 00 77 68 0A 08 00 00 60 5B 80 4C 47 50 49 01  ..wh....`[.LGPI.
    4810: 60 0A 04 5B 81 0B 4C 47 50 49 00 54 45 4D 50 02  `..[..LGPI.TEMP.
    4820: 70 69 54 45 4D 50 14 3C 47 50 32 4E 0A A0 35 92  piTEMP.<GP2N..5.
    4830: 94 68 0A 5E 70 72 72 47 50 42 53 0B 00 01 00 77  .h.^prrGPBS....w
    4840: 68 0A 08 00 00 60 5B 80 4C 47 50 49 01 60 0A 04  h....`[.LGPI.`..
    4850: 5B 81 0B 4C 47 50 49 00 54 45 4D 50 01 70 69 54  [..LGPI.TEMP.piT
    4860: 45 4D 50 14 40 0C 47 50 32 41 0A A0 48 0B 92 94  EMP.@.GP2A..H...
    4870: 68 0A 5E 70 72 72 47 50 42 53 0B 04 01 00 77 68  h.^prrGPBS....wh
    4880: 0A 08 00 00 60 5B 80 4C 47 50 32 01 60 0A 04 5B  ....`[.LGP2.`..[
    4890: 81 10 4C 47 50 32 00 47 50 57 50 02 47 50 49 53  ..LGP2.GPWP.GPIS
    48A0: 01 A0 10 93 69 01 70 00 47 50 49 53 70 00 47 50  ....i.p.GPISp.GP
    48B0: 57 50 A1 0E 70 0A 02 47 50 57 50 70 01 47 50 49  WP..p..GPWPp.GPI
    48C0: 53 70 72 47 50 42 53 0A 10 00 60 5B 80 4C 47 50  SprGPBS...`[.LGP
    48D0: 49 01 60 0A 02 5B 81 0B 4C 47 50 49 00 54 45 4D  I.`..[..LGPI.TEM
    48E0: 50 10 A0 0B 92 95 68 0A 2D 74 68 0A 28 61 A1 14  P.....h.-th.(a..
    48F0: A0 0B 92 94 68 0A 0A 74 68 0A 08 61 A1 06 74 68  ....h..th..a..th
    4900: 0A 0A 61 70 79 01 61 00 62 A0 0C 69 7D 54 45 4D  ..apy.a.b..i}TEM
    4910: 50 62 54 45 4D 50 A1 0D 7B 54 45 4D 50 80 62 00  PbTEMP..{TEMP.b.
    4920: 54 45 4D 50 14 42 07 47 50 32 42 0A A0 4A 06 92  TEMP.B.GP2B..J..
    4930: 94 68 0A 5E 70 72 47 50 42 53 0A 10 00 60 5B 80  .h.^prGPBS...`[.
    4940: 4C 47 50 49 01 60 0A 02 5B 81 0B 4C 47 50 49 00  LGPI.`..[..LGPI.
    4950: 54 45 4D 50 10 A0 0B 92 95 68 0A 2D 74 68 0A 28  TEMP.....h.-th.(
    4960: 61 A1 14 A0 0B 92 94 68 0A 0A 74 68 0A 08 61 A1  a......h..th..a.
    4970: 06 74 68 0A 0A 61 70 79 01 61 00 62 A0 0C 69 7D  .th..apy.a.b..i}
    4980: 54 45 4D 50 62 54 45 4D 50 A1 0D 7B 54 45 4D 50  TEMPbTEMP..{TEMP
    4990: 80 62 00 54 45 4D 50 10 8F 3E 05 2E 5F 53 42 5F  .b.TEMP..>.._SB_
    49A0: 50 43 49 30 08 4C 54 52 45 00 08 4F 42 46 46 00  PCI0.LTRE..OBFF.
    49B0: 08 4C 4D 53 4C 00 08 4C 4E 53 4C 00 5B 82 1F 47  .LMSL..LNSL.[..G
    49C0: 4C 41 4E 08 5F 41 44 52 0C 00 00 19 00 14 0F 5F  LAN._ADR......._
    49D0: 50 52 57 00 A4 47 50 52 57 0A 0D 0A 04 5B 82 44  PRW..GPRW....[.D
    49E0: 5D 45 48 43 31 08 5F 41 44 52 0C 00 00 1D 00 08  ]EHC1._ADR......
    49F0: 45 31 53 50 00 08 45 31 50 44 00 5B 80 45 31 50  E1SP..E1PD.[.E1P
    4A00: 4D 01 50 4D 42 53 0A 40 5B 81 0E 45 31 50 4D 01  M.PMBS.@[..E1PM.
    4A10: 00 40 1E 45 31 45 4E 08 5B 80 50 57 43 53 02 00  .@.E1EN.[.PWCS..
    4A20: 0B 00 01 5B 81 1F 50 57 43 53 03 00 40 2A 00 08  ...[..PWCS..@*..
    4A30: 50 4D 45 42 01 00 06 50 4D 53 54 01 00 40 07 45  PMEB...PMST..@.E
    4A40: 31 44 53 08 14 2D 5F 50 53 30 08 A0 26 93 45 31  1DS..-_PS0..&.E1
    4A50: 53 50 01 7D 0A 02 45 31 45 4E 45 31 45 4E 70 45  SP.}..E1ENE1ENpE
    4A60: 31 50 44 45 31 44 53 7B 0A FD 45 31 45 4E 45 31  1PDE1DS{..E1ENE1
    4A70: 45 4E 14 1D 5F 50 53 33 08 A0 16 93 45 31 53 50  EN.._PS3....E1SP
    4A80: 00 70 45 31 44 53 45 31 50 44 70 01 45 31 53 50  .pE1DSE1PDp.E1SP
    4A90: 14 09 5F 53 31 44 00 A4 0A 02 14 09 5F 53 33 44  .._S1D......_S3D
    4AA0: 00 A4 0A 02 5B 82 4D 50 48 55 42 4E 08 5F 41 44  ....[.MPHUBN._AD
    4AB0: 52 00 5B 82 4F 4F 50 52 30 31 08 5F 41 44 52 01  R.[.OOPR01._ADR.
    4AC0: 14 18 5F 55 50 43 08 08 55 50 43 41 12 07 04 0A  .._UPC..UPCA....
    4AD0: FF 00 00 00 A4 55 50 43 41 14 27 5F 50 4C 44 08  .....UPCA.'_PLD.
    4AE0: 08 50 4C 44 50 12 16 01 11 13 0A 10 81 00 00 00  .PLDP...........
    4AF0: 00 00 00 00 30 1C 00 00 00 00 00 00 A4 50 4C 44  ....0........PLD
    4B00: 50 5B 82 4E 04 50 52 31 31 08 5F 41 44 52 01 14  P[.N.PR11._ADR..
    4B10: 19 5F 55 50 43 08 08 55 50 43 50 12 08 04 0A FF  ._UPC..UPCP.....
    4B20: 0A FF 00 00 A4 55 50 43 50 14 27 5F 50 4C 44 08  .....UPCP.'_PLD.
    4B30: 08 50 4C 44 50 12 16 01 11 13 0A 10 81 00 00 00  .PLDP...........
    4B40: 00 00 00 00 31 1C 00 00 00 00 00 00 A4 50 4C 44  ....1........PLD
    4B50: 50 5B 82 4F 04 50 52 31 32 08 5F 41 44 52 0A 02  P[.O.PR12._ADR..
    4B60: 14 19 5F 55 50 43 08 08 55 50 43 50 12 08 04 0A  .._UPC..UPCP....
    4B70: FF 0A FF 00 00 A4 55 50 43 50 14 27 5F 50 4C 44  ......UPCP.'_PLD
    4B80: 08 08 50 4C 44 50 12 16 01 11 13 0A 10 81 00 00  ..PLDP..........
    4B90: 00 00 00 00 00 31 1C 00 00 00 00 00 00 A4 50 4C  .....1........PL
    4BA0: 44 50 5B 82 48 07 50 52 31 33 08 5F 41 44 52 0A  DP[.H.PR13._ADR.
    4BB0: 03 14 19 5F 55 50 43 08 08 55 50 43 50 12 08 04  ..._UPC..UPCP...
    4BC0: 0A FF 0A FF 00 00 A4 55 50 43 50 14 40 05 5F 50  .......UPCP.@._P
    4BD0: 4C 44 08 08 50 4C 44 50 12 16 01 11 13 0A 10 81  LD..PLDP........
    4BE0: 00 00 00 00 00 00 00 31 1C 00 00 00 00 00 00 8D  .......1........
    4BF0: 83 88 50 4C 44 50 00 00 0A 40 56 49 53 5F A0 18  ..PLDP...@VIS_..
    4C00: 93 7B 43 44 49 44 0B 00 F0 00 0B 00 90 7B 56 49  .{CDID.......{VI
    4C10: 53 5F 00 56 49 53 5F A4 50 4C 44 50 5B 82 40 0D  S_.VIS_.PLDP[.@.
    4C20: 50 52 31 34 08 5F 41 44 52 0A 04 14 19 5F 55 50  PR14._ADR...._UP
    4C30: 43 08 08 55 50 43 50 12 08 04 0A FF 0A FF 00 00  C..UPCP.........
    4C40: A4 55 50 43 50 14 27 5F 50 4C 44 08 08 50 4C 44  .UPCP.'_PLD..PLD
    4C50: 50 12 16 01 11 13 0A 10 81 00 00 00 00 00 00 00  P...............
    4C60: 31 1C 00 00 00 00 00 00 A4 50 4C 44 50 06 53 42  1........PLDP.SB
    4C70: 56 31 53 44 47 56 14 47 07 5F 44 53 4D 0C 08 5F  V1SDGV.G._DSM.._
    4C80: 54 5F 30 00 A0 47 06 93 68 11 13 0A 10 8F 70 FC  T_0..G..h.....p.
    4C90: A5 75 87 A6 4B BD 0C BA 90 A1 EC 72 F8 A2 4E 04  .u..K......r..N.
    4CA0: 01 70 99 6A 00 5F 54 5F 30 A0 18 93 5F 54 5F 30  .p.j._T_0..._T_0
    4CB0: 00 A0 09 93 69 01 A4 11 03 01 07 A1 06 A4 11 03  ....i...........
    4CC0: 01 00 A1 28 A0 16 93 5F 54 5F 30 01 A0 0A 93 53  ...(..._T_0....S
    4CD0: 44 47 56 0A FF A4 00 A1 03 A4 01 A1 0F A0 0D 93  DGV.............
    4CE0: 5F 54 5F 30 0A 02 A4 53 44 47 56 A5 A4 00 5B 82  _T_0...SDGV...[.
    4CF0: 4E 0C 50 52 31 35 08 5F 41 44 52 0A 05 14 17 5F  N.PR15._ADR...._
    4D00: 55 50 43 08 08 55 50 43 50 12 06 04 00 00 00 00  UPC..UPCP.......
    4D10: A4 55 50 43 50 14 27 5F 50 4C 44 08 08 50 4C 44  .UPCP.'_PLD..PLD
    4D20: 50 12 16 01 11 13 0A 10 01 C6 72 00 00 00 00 00  P.........r.....
    4D30: 70 0C 80 04 00 00 00 00 A4 50 4C 44 50 06 53 42  p........PLDP.SB
    4D40: 56 32 53 44 47 56 14 47 07 5F 44 53 4D 0C 08 5F  V2SDGV.G._DSM.._
    4D50: 54 5F 30 00 A0 47 06 93 68 11 13 0A 10 8F 70 FC  T_0..G..h.....p.
    4D60: A5 75 87 A6 4B BD 0C BA 90 A1 EC 72 F8 A2 4E 04  .u..K......r..N.
    4D70: 01 70 99 6A 00 5F 54 5F 30 A0 18 93 5F 54 5F 30  .p.j._T_0..._T_0
    4D80: 00 A0 09 93 69 01 A4 11 03 01 07 A1 06 A4 11 03  ....i...........
    4D90: 01 00 A1 28 A0 16 93 5F 54 5F 30 01 A0 0A 93 53  ...(..._T_0....S
    4DA0: 44 47 56 0A FF A4 00 A1 03 A4 01 A1 0F A0 0D 93  DGV.............
    4DB0: 5F 54 5F 30 0A 02 A4 53 44 47 56 A5 A4 00 5B 82  _T_0...SDGV...[.
    4DC0: 40 0D 50 52 31 36 08 5F 41 44 52 0A 06 14 19 5F  @.PR16._ADR...._
    4DD0: 55 50 43 08 08 55 50 43 50 12 08 04 0A FF 0A FF  UPC..UPCP.......
    4DE0: 00 00 A4 55 50 43 50 14 27 5F 50 4C 44 08 08 50  ...UPCP.'_PLD..P
    4DF0: 4C 44 50 12 16 01 11 13 0A 10 81 00 00 00 00 00  LDP.............
    4E00: 00 00 30 1C 00 00 00 00 00 00 A4 50 4C 44 50 06  ..0........PLDP.
    4E10: 53 42 56 31 53 44 47 56 14 47 07 5F 44 53 4D 0C  SBV1SDGV.G._DSM.
    4E20: 08 5F 54 5F 30 00 A0 47 06 93 68 11 13 0A 10 8F  ._T_0..G..h.....
    4E30: 70 FC A5 75 87 A6 4B BD 0C BA 90 A1 EC 72 F8 A2  p..u..K......r..
    4E40: 4E 04 01 70 99 6A 00 5F 54 5F 30 A0 18 93 5F 54  N..p.j._T_0..._T
    4E50: 5F 30 00 A0 09 93 69 01 A4 11 03 01 07 A1 06 A4  _0....i.........
    4E60: 11 03 01 00 A1 28 A0 16 93 5F 54 5F 30 01 A0 0A  .....(..._T_0...
    4E70: 93 53 44 47 56 0A FF A4 00 A1 03 A4 01 A1 0F A0  .SDGV...........
    4E80: 0D 93 5F 54 5F 30 0A 02 A4 53 44 47 56 A5 A4 00  .._T_0...SDGV...
    4E90: 5B 82 40 0D 50 52 31 37 08 5F 41 44 52 0A 07 14  [.@.PR17._ADR...
    4EA0: 19 5F 55 50 43 08 08 55 50 43 50 12 08 04 0A FF  ._UPC..UPCP.....
    4EB0: 0A FF 00 00 A4 55 50 43 50 14 27 5F 50 4C 44 08  .....UPCP.'_PLD.
    4EC0: 08 50 4C 44 50 12 16 01 11 13 0A 10 81 00 00 00  .PLDP...........
    4ED0: 00 00 00 00 31 1C 00 00 00 00 00 00 A4 50 4C 44  ....1........PLD
    4EE0: 50 06 53 42 56 32 53 44 47 56 14 47 07 5F 44 53  P.SBV2SDGV.G._DS
    4EF0: 4D 0C 08 5F 54 5F 30 00 A0 47 06 93 68 11 13 0A  M.._T_0..G..h...
    4F00: 10 8F 70 FC A5 75 87 A6 4B BD 0C BA 90 A1 EC 72  ..p..u..K......r
    4F10: F8 A2 4E 04 01 70 99 6A 00 5F 54 5F 30 A0 18 93  ..N..p.j._T_0...
    4F20: 5F 54 5F 30 00 A0 09 93 69 01 A4 11 03 01 07 A1  _T_0....i.......
    4F30: 06 A4 11 03 01 00 A1 28 A0 16 93 5F 54 5F 30 01  .......(..._T_0.
    4F40: A0 0A 93 53 44 47 56 0A FF A4 00 A1 03 A4 01 A1  ...SDGV.........
    4F50: 0F A0 0D 93 5F 54 5F 30 0A 02 A4 53 44 47 56 A5  ...._T_0...SDGV.
    4F60: A4 00 5B 82 4F 04 50 52 31 38 08 5F 41 44 52 0A  ..[.O.PR18._ADR.
    4F70: 08 14 19 5F 55 50 43 08 08 55 50 43 50 12 08 04  ..._UPC..UPCP...
    4F80: 0A FF 0A FF 00 00 A4 55 50 43 50 14 27 5F 50 4C  .......UPCP.'_PL
    4F90: 44 08 08 50 4C 44 50 12 16 01 11 13 0A 10 81 00  D..PLDP.........
    4FA0: 00 00 00 00 00 00 30 1C 00 00 00 00 00 00 A4 50  ......0........P
    4FB0: 4C 44 50 5B 82 44 48 45 48 43 32 08 5F 41 44 52  LDP[.DHEHC2._ADR
    4FC0: 0C 00 00 1A 00 08 45 32 53 50 00 08 45 32 50 44  ......E2SP..E2PD
    4FD0: 00 5B 80 45 31 50 4D 01 50 4D 42 53 0A 40 5B 81  .[.E1PM.PMBS.@[.
    4FE0: 0E 45 31 50 4D 01 00 40 1E 45 32 45 4E 08 5B 80  .E1PM..@.E2EN.[.
    4FF0: 50 57 43 53 02 00 0B 00 01 5B 81 1F 50 57 43 53  PWCS.....[..PWCS
    5000: 03 00 40 2A 00 08 50 4D 45 42 01 00 06 50 4D 53  ..@*..PMEB...PMS
    5010: 54 01 00 40 07 45 32 44 53 08 14 2D 5F 50 53 30  T..@.E2DS..-_PS0
    5020: 08 A0 26 93 45 32 53 50 01 7D 0A 02 45 32 45 4E  ..&.E2SP.}..E2EN
    5030: 45 32 45 4E 70 45 32 50 44 45 32 44 53 7B 0A FD  E2ENpE2PDE2DS{..
    5040: 45 32 45 4E 45 32 45 4E 14 1D 5F 50 53 33 08 A0  E2ENE2EN.._PS3..
    5050: 16 93 45 32 53 50 00 70 45 32 44 53 45 32 50 44  ..E2SP.pE2DSE2PD
    5060: 70 01 45 32 53 50 14 09 5F 53 31 44 00 A4 0A 02  p.E2SP.._S1D....
    5070: 14 09 5F 53 33 44 00 A4 0A 02 5B 82 4D 3B 48 55  .._S3D....[.M;HU
    5080: 42 4E 08 5F 41 44 52 00 5B 82 4F 3A 50 52 30 31  BN._ADR.[.O:PR01
    5090: 08 5F 41 44 52 01 14 18 5F 55 50 43 08 08 55 50  ._ADR..._UPC..UP
    50A0: 43 41 12 07 04 00 0A FF 00 00 A4 55 50 43 41 14  CA.........UPCA.
    50B0: 27 5F 50 4C 44 08 08 50 4C 44 50 12 16 01 11 13  '_PLD..PLDP.....
    50C0: 0A 10 81 00 00 00 00 00 00 00 31 1C 00 00 00 00  ..........1.....
    50D0: 00 00 A4 50 4C 44 50 5B 82 4E 04 50 52 31 31 08  ...PLDP[.N.PR11.
    50E0: 5F 41 44 52 01 14 19 5F 55 50 43 08 08 55 50 43  _ADR..._UPC..UPC
    50F0: 50 12 08 04 0A FF 0A FF 00 00 A4 55 50 43 50 14  P..........UPCP.
    5100: 27 5F 50 4C 44 08 08 50 4C 44 50 12 16 01 11 13  '_PLD..PLDP.....
    5110: 0A 10 81 00 00 00 00 00 00 00 30 1C 00 00 00 00  ..........0.....
    5120: 00 00 A4 50 4C 44 50 5B 82 40 0D 50 52 31 32 08  ...PLDP[.@.PR12.
    5130: 5F 41 44 52 0A 02 14 19 5F 55 50 43 08 08 55 50  _ADR...._UPC..UP
    5140: 43 50 12 08 04 0A FF 0A FF 00 00 A4 55 50 43 50  CP..........UPCP
    5150: 14 27 5F 50 4C 44 08 08 50 4C 44 50 12 16 01 11  .'_PLD..PLDP....
    5160: 13 0A 10 81 00 00 00 00 00 00 00 31 1C 00 00 00  ...........1....
    5170: 00 00 00 A4 50 4C 44 50 06 53 42 56 31 53 44 47  ....PLDP.SBV1SDG
    5180: 56 14 47 07 5F 44 53 4D 0C 08 5F 54 5F 30 00 A0  V.G._DSM.._T_0..
    5190: 47 06 93 68 11 13 0A 10 8F 70 FC A5 75 87 A6 4B  G..h.....p..u..K
    51A0: BD 0C BA 90 A1 EC 72 F8 A2 4E 04 01 70 99 6A 00  ......r..N..p.j.
    51B0: 5F 54 5F 30 A0 18 93 5F 54 5F 30 00 A0 09 93 69  _T_0..._T_0....i
    51C0: 01 A4 11 03 01 07 A1 06 A4 11 03 01 00 A1 28 A0  ..............(.
    51D0: 16 93 5F 54 5F 30 01 A0 0A 93 53 44 47 56 0A FF  .._T_0....SDGV..
    51E0: A4 00 A1 03 A4 01 A1 0F A0 0D 93 5F 54 5F 30 0A  ..........._T_0.
    51F0: 02 A4 53 44 47 56 A5 A4 00 5B 82 42 10 50 52 31  ..SDGV...[.B.PR1
    5200: 33 08 5F 41 44 52 0A 03 14 19 5F 55 50 43 08 08  3._ADR...._UPC..
    5210: 55 50 43 50 12 08 04 0A FF 0A FF 00 00 A4 55 50  UPCP..........UP
    5220: 43 50 14 40 05 5F 50 4C 44 08 08 50 4C 44 50 12  CP.@._PLD..PLDP.
    5230: 16 01 11 13 0A 10 81 00 00 00 00 00 00 00 30 1C  ..............0.
    5240: 00 00 00 00 00 00 8D 83 88 50 4C 44 50 00 00 0A  .........PLDP...
    5250: 40 56 49 53 5F A0 18 93 7B 43 44 49 44 0B 00 F0  @VIS_...{CDID...
    5260: 00 0B 00 90 7B 56 49 53 5F 00 56 49 53 5F A4 50  ....{VIS_.VIS_.P
    5270: 4C 44 50 14 08 5F 52 4D 56 00 A4 01 06 53 42 56  LDP.._RMV....SBV
    5280: 32 53 44 47 56 14 47 07 5F 44 53 4D 0C 08 5F 54  2SDGV.G._DSM.._T
    5290: 5F 30 00 A0 47 06 93 68 11 13 0A 10 8F 70 FC A5  _0..G..h.....p..
    52A0: 75 87 A6 4B BD 0C BA 90 A1 EC 72 F8 A2 4E 04 01  u..K......r..N..
    52B0: 70 99 6A 00 5F 54 5F 30 A0 18 93 5F 54 5F 30 00  p.j._T_0..._T_0.
    52C0: A0 09 93 69 01 A4 11 03 01 07 A1 06 A4 11 03 01  ...i............
    52D0: 00 A1 28 A0 16 93 5F 54 5F 30 01 A0 0A 93 53 44  ..(..._T_0....SD
    52E0: 47 56 0A FF A4 00 A1 03 A4 01 A1 0F A0 0D 93 5F  GV............._
    52F0: 54 5F 30 0A 02 A4 53 44 47 56 A5 A4 00 5B 82 4F  T_0...SDGV...[.O
    5300: 04 50 52 31 34 08 5F 41 44 52 0A 04 14 19 5F 55  .PR14._ADR...._U
    5310: 50 43 08 08 55 50 43 50 12 08 04 0A FF 0A FF 00  PC..UPCP........
    5320: 00 A4 55 50 43 50 14 27 5F 50 4C 44 08 08 50 4C  ..UPCP.'_PLD..PL
    5330: 44 50 12 16 01 11 13 0A 10 81 00 00 00 00 00 00  DP..............
    5340: 00 30 1C 00 00 00 00 00 00 A4 50 4C 44 50 5B 82  .0........PLDP[.
    5350: 48 09 50 52 31 35 08 5F 41 44 52 0A 05 14 19 5F  H.PR15._ADR...._
    5360: 55 50 43 08 08 55 50 43 50 12 08 04 0A FF 0A FF  UPC..UPCP.......
    5370: 00 00 A4 55 50 43 50 14 27 5F 50 4C 44 08 08 50  ...UPCP.'_PLD..P
    5380: 4C 44 50 12 16 01 11 13 0A 10 81 00 00 00 00 00  LDP.............
    5390: 00 00 30 1C 00 00 00 00 00 00 A4 50 4C 44 50 5B  ..0........PLDP[
    53A0: 82 47 04 57 43 41 4D 08 5F 41 44 52 0A 05 08 5F  .G.WCAM._ADR..._
    53B0: 55 50 43 12 08 04 0A FF 0A FF 00 00 14 2B 5F 50  UPC..........+_P
    53C0: 4C 44 08 08 50 4C 44 50 12 1A 01 11 17 0A 14 82  LD..PLDP........
    53D0: 00 00 00 00 00 00 00 24 1D 00 00 00 00 00 00 CD  .......$........
    53E0: 00 A0 00 A4 50 4C 44 50 5B 82 4F 04 50 52 31 36  ....PLDP[.O.PR16
    53F0: 08 5F 41 44 52 0A 06 14 19 5F 55 50 43 08 08 55  ._ADR...._UPC..U
    5400: 50 43 50 12 08 04 0A FF 0A FF 00 00 A4 55 50 43  PCP..........UPC
    5410: 50 14 27 5F 50 4C 44 08 08 50 4C 44 50 12 16 01  P.'_PLD..PLDP...
    5420: 11 13 0A 10 81 00 00 00 00 00 00 00 30 1C 00 00  ............0...
    5430: 00 00 00 00 A4 50 4C 44 50 5B 82 89 58 01 58 48  .....PLDP[..X.XH
    5440: 43 5F 08 5F 41 44 52 0C 00 00 14 00 14 1C 5F 44  C_._ADR......._D
    5450: 45 50 00 A0 0F 93 53 30 49 44 01 A4 12 06 01 50  EP....S0ID.....P
    5460: 45 50 44 A1 05 A4 12 02 00 5B 80 50 57 43 53 02  EPD......[.PWCS.
    5470: 0A 74 0A 04 5B 81 14 50 57 43 53 03 00 08 50 4D  .t..[..PWCS...PM
    5480: 45 42 01 00 06 50 4D 53 54 01 5B 80 58 50 52 54  EB...PMST.[.XPRT
    5490: 02 00 0B 00 01 5B 81 4A 04 58 50 52 54 00 44 56  .....[.J.XPRT.DV
    54A0: 49 44 10 00 40 39 44 30 44 33 02 00 06 50 4D 45  ID..@9D0D3...PME
    54B0: 45 01 00 06 50 4D 45 53 01 00 40 1D 00 0D 4D 42  E...PMES..@...MB
    54C0: 31 33 01 4D 42 31 34 01 00 11 00 40 0E 50 52 32  13.MB14....@.PR2
    54D0: 5F 20 50 52 32 4D 20 50 52 33 5F 20 50 52 33 4D  _ PR2M PR3_ PR3M
    54E0: 20 5B 80 58 48 43 50 00 72 50 45 42 53 0C 00 00   [.XHCP.rPEBS...
    54F0: 0A 00 00 0B 00 01 5B 81 16 58 48 43 50 10 00 20  ......[..XHCP.. 
    5500: 50 44 42 4D 10 00 40 05 4D 45 4D 42 40 04 14 4A  PDBM..@.MEMB@..J
    5510: 19 50 52 32 53 09 08 5F 54 5F 31 00 08 5F 54 5F  .PR2S.._T_1.._T_
    5520: 30 00 A0 49 0F 93 7B 43 44 49 44 0B 00 F0 00 0B  0..I..{CDID.....
    5530: 00 80 A2 49 0E 01 70 68 5F 54 5F 30 A0 09 93 5F  ...I..ph_T_0..._
    5540: 54 5F 30 01 A4 01 A1 44 0D A0 0B 93 5F 54 5F 30  T_0....D...._T_0
    5550: 0A 02 A4 0A 02 A1 45 0C A0 0B 93 5F 54 5F 30 0A  ......E...._T_0.
    5560: 03 A4 0A 04 A1 46 0B A0 0B 93 5F 54 5F 30 0A 04  .....F...._T_0..
    5570: A4 0A 08 A1 47 0A A0 0C 93 5F 54 5F 30 0A 05 A4  ....G...._T_0...
    5580: 0B 00 01 A1 47 09 A0 0C 93 5F 54 5F 30 0A 06 A4  ....G...._T_0...
    5590: 0B 00 02 A1 47 08 A0 0C 93 5F 54 5F 30 0A 07 A4  ....G...._T_0...
    55A0: 0B 00 04 A1 47 07 A0 0C 93 5F 54 5F 30 0A 08 A4  ....G...._T_0...
    55B0: 0B 00 08 A1 47 06 A0 0B 93 5F 54 5F 30 0A 09 A4  ....G...._T_0...
    55C0: 0A 10 A1 48 05 A0 0B 93 5F 54 5F 30 0A 0A A4 0A  ...H...._T_0....
    55D0: 20 A1 49 04 A0 0C 93 5F 54 5F 30 0A 0B A4 0B 00   .I...._T_0.....
    55E0: 10 A1 39 A0 0C 93 5F 54 5F 30 0A 0C A4 0B 00 20  ..9..._T_0..... 
    55F0: A1 2A A0 0B 93 5F 54 5F 30 0A 0D A4 0A 40 A1 1C  .*..._T_0....@..
    5600: A0 0B 93 5F 54 5F 30 0A 0E A4 0A 80 A1 0E A0 0C  ..._T_0.........
    5610: 93 5F 54 5F 30 0A 0F A4 0B 00 40 A5 A1 4C 08 A2  ._T_0.....@..L..
    5620: 49 08 01 70 68 5F 54 5F 31 A0 09 93 5F 54 5F 31  I..ph_T_1..._T_1
    5630: 01 A4 01 A1 44 07 A0 0B 93 5F 54 5F 31 0A 02 A4  ....D...._T_1...
    5640: 0A 02 A1 45 06 A0 0B 93 5F 54 5F 31 0A 03 A4 0A  ...E...._T_1....
    5650: 04 A1 46 05 A0 0B 93 5F 54 5F 31 0A 04 A4 0A 08  ..F...._T_1.....
    5660: A1 47 04 A0 0B 93 5F 54 5F 31 0A 05 A4 0A 10 A1  .G...._T_1......
    5670: 38 A0 0B 93 5F 54 5F 31 0A 06 A4 0A 20 A1 2A A0  8..._T_1.... .*.
    5680: 0B 93 5F 54 5F 31 0A 07 A4 0A 40 A1 1C A0 0B 93  .._T_1....@.....
    5690: 5F 54 5F 31 0A 08 A4 0A 80 A1 0E A0 0C 93 5F 54  _T_1.........._T
    56A0: 5F 31 0A 09 A4 0B 00 01 A5 08 58 52 53 54 00 14  _1........XRST..
    56B0: 44 2A 5F 50 53 30 08 A0 0B 93 44 56 49 44 0B FF  D*_PS0....DVID..
    56C0: FF A4 00 70 4D 45 4D 42 62 70 50 44 42 4D 61 7B  ...pMEMBbpPDBMa{
    56D0: 50 44 42 4D 0E F9 FF FF FF FF FF FF FF 50 44 42  PDBM.........PDB
    56E0: 4D 70 53 52 4D 42 4D 45 4D 42 7D 50 44 42 4D 0A  MpSRMBMEMB}PDBM.
    56F0: 02 50 44 42 4D 5B 80 4D 43 41 31 00 53 52 4D 42  .PDBM[.MCA1.SRMB
    5700: 0B 00 90 5B 81 4E 04 4D 43 41 31 13 00 80 88 02  ...[.N.MCA1.....
    5710: 52 35 31 30 20 00 40 06 52 35 32 30 20 00 40 06  R510 .@.R520 .@.
    5720: 52 35 33 30 20 00 40 06 52 35 34 30 20 00 80 CE  R530 .@.R540 ...
    5730: 3D 00 0F 41 58 31 35 01 00 40 39 00 1F 43 4C 4B  =..AX15..@9..CLK
    5740: 32 01 00 40 0A 00 02 43 4C 4B 30 01 00 0B 43 4C  2..@...CLK0...CL
    5750: 4B 31 01 70 44 30 44 33 63 A0 0B 93 63 0A 03 70  K1.pD0D3c...c..p
    5760: 00 44 30 44 33 A0 20 93 50 43 48 53 0A 02 70 00  .D0D3. .PCHS..p.
    5770: 4D 42 31 33 70 00 4D 42 31 34 70 00 43 4C 4B 30  MB13p.MB14p.CLK0
    5780: 70 00 43 4C 4B 31 70 01 43 4C 4B 32 A0 40 18 93  p.CLK1p.CLK2.@..
    5790: 50 43 48 53 0A 02 A2 3C 91 91 93 7B 52 35 31 30  PCHS...<...{R510
    57A0: 0B FB 03 00 0B E0 02 93 7B 52 35 32 30 0B FB 03  ........{R520...
    57B0: 00 0B E0 02 91 93 7B 52 35 33 30 0B FB 03 00 0B  ......{R530.....
    57C0: E0 02 93 7B 52 35 34 30 0B FB 03 00 0B E0 02 5B  ...{R540.......[
    57D0: 21 0A 32 70 52 35 31 30 60 A0 46 04 93 7B 60 0C  !.2pR510`.F..{`.
    57E0: FB 03 02 00 00 0B A0 02 7D 60 0C 00 00 00 80 52  ........}`.....R
    57F0: 35 31 30 A2 12 93 7B 52 35 31 30 0C 00 00 18 00  510...{R510.....
    5800: 00 00 5B 21 0A 32 7B 52 35 31 30 0E FD FF FF FF  ..[!.2{R510.....
    5810: FF FF FF FF 60 7D 60 0C 00 00 FE 00 52 35 31 30  ....`}`.....R510
    5820: 70 52 35 32 30 60 A0 46 04 93 7B 60 0C FB 03 02  pR520`.F..{`....
    5830: 00 00 0B A0 02 7D 60 0C 00 00 00 80 52 35 32 30  .....}`.....R520
    5840: A2 12 93 7B 52 35 32 30 0C 00 00 18 00 00 00 5B  ...{R520.......[
    5850: 21 0A 32 7B 52 35 32 30 0E FD FF FF FF FF FF FF  !.2{R520........
    5860: FF 60 7D 60 0C 00 00 FE 00 52 35 32 30 70 52 35  .`}`.....R520pR5
    5870: 33 30 60 A0 46 04 93 7B 60 0C FB 03 02 00 00 0B  30`.F..{`.......
    5880: A0 02 7D 60 0C 00 00 00 80 52 35 33 30 A2 12 93  ..}`.....R530...
    5890: 7B 52 35 33 30 0C 00 00 18 00 00 00 5B 21 0A 32  {R530.......[!.2
    58A0: 7B 52 35 33 30 0E FD FF FF FF FF FF FF FF 60 7D  {R530.........`}
    58B0: 60 0C 00 00 FE 00 52 35 33 30 70 52 35 34 30 60  `.....R530pR540`
    58C0: A0 46 04 93 7B 60 0C FB 03 02 00 00 0B A0 02 7D  .F..{`.........}
    58D0: 60 0C 00 00 00 80 52 35 34 30 A2 12 93 7B 52 35  `.....R540...{R5
    58E0: 34 30 0C 00 00 18 00 00 00 5B 21 0A 32 7B 52 35  40.......[!.2{R5
    58F0: 34 30 0E FD FF FF FF FF FF FF FF 60 7D 60 0C 00  40.........`}`..
    5900: 00 FE 00 52 35 34 30 70 01 41 58 31 35 A0 1B 5B  ...R540p.AX15..[
    5910: 12 5C 2F 04 5F 53 42 5F 50 43 49 30 58 48 43 5F  .\/._SB_PCI0XHC_
    5920: 50 53 30 58 00 50 53 30 58 A0 0C 93 63 0A 03 70  PS0X.PS0X...c..p
    5930: 0A 03 44 30 44 33 7B 50 44 42 4D 0E FD FF FF FF  ..D0D3{PDBM.....
    5940: FF FF FF FF 50 44 42 4D 70 62 4D 45 4D 42 70 61  ....PDBMpbMEMBpa
    5950: 50 44 42 4D 14 4E 11 5F 50 53 33 08 A0 0B 93 44  PDBM.N._PS3....D
    5960: 56 49 44 0B FF FF A4 00 70 01 50 4D 45 53 70 01  VID.....p.PMESp.
    5970: 50 4D 45 45 70 4D 45 4D 42 62 70 50 44 42 4D 61  PMEEpMEMBbpPDBMa
    5980: 7B 50 44 42 4D 0E F9 FF FF FF FF FF FF FF 50 44  {PDBM.........PD
    5990: 42 4D 70 53 52 4D 42 4D 45 4D 42 7D 50 44 42 4D  BMpSRMBMEMB}PDBM
    59A0: 0A 02 50 44 42 4D 5B 80 4D 43 41 31 00 53 52 4D  ..PDBM[.MCA1.SRM
    59B0: 42 0B 00 90 5B 81 2E 4D 43 41 31 13 00 80 70 40  B...[..MCA1...p@
    59C0: 00 0F 41 58 31 35 01 00 40 39 00 1F 43 4C 4B 32  ..AX15..@9..CLK2
    59D0: 01 00 40 0A 00 02 43 4C 4B 30 01 00 0B 43 4C 4B  ..@...CLK0...CLK
    59E0: 31 01 00 11 70 44 30 44 33 63 A0 0B 93 63 0A 03  1...pD0D3c...c..
    59F0: 70 00 44 30 44 33 A0 20 93 50 43 48 53 0A 02 70  p.D0D3. .PCHS..p
    5A00: 01 4D 42 31 33 70 01 4D 42 31 34 70 01 43 4C 4B  .MB13p.MB14p.CLK
    5A10: 30 70 01 43 4C 4B 31 70 00 43 4C 4B 32 A0 0E 93  0p.CLK1p.CLK2...
    5A20: 50 43 48 53 0A 02 70 00 41 58 31 35 A0 1B 5B 12  PCHS..p.AX15..[.
    5A30: 5C 2F 04 5F 53 42 5F 50 43 49 30 58 48 43 5F 50  \/._SB_PCI0XHC_P
    5A40: 53 33 58 00 50 53 33 58 A0 0C 93 63 0A 03 70 0A  S3X.PS3X...c..p.
    5A50: 03 44 30 44 33 7B 50 44 42 4D 0E FD FF FF FF FF  .D0D3{PDBM......
    5A60: FF FF FF 50 44 42 4D 70 62 4D 45 4D 42 70 61 50  ...PDBMpbMEMBpaP
    5A70: 44 42 4D 14 22 43 55 49 44 09 A0 19 93 68 11 13  DBM."CUID....h..
    5A80: 0A 10 A9 12 95 7C 05 17 B4 4C AF 7D 50 6A 24 23  .....|...L.}Pj$#
    5A90: AB 71 A4 01 A4 00 14 48 04 50 4F 53 43 0B 8A 6A  .q.....H.POSC..j
    5AA0: 00 43 44 57 31 8A 6A 0A 08 43 44 57 33 A0 12 93  .CDW1.j..CDW3...
    5AB0: 58 48 43 49 00 7D 43 44 57 31 0A 02 43 44 57 31  XHCI.}CDW1..CDW1
    5AC0: A0 1C 92 7B 43 44 57 31 01 00 A0 0C 7B 43 44 57  ...{CDW1....{CDW
    5AD0: 33 01 00 45 53 45 4C A1 05 58 53 45 4C A4 6A 14  3..ESEL..XSEL.j.
    5AE0: 45 05 58 53 45 4C 00 A0 4D 04 91 93 58 48 43 49  E.XSEL..M...XHCI
    5AF0: 0A 02 93 58 48 43 49 0A 03 70 01 58 55 53 42 70  ...XHCI..p.XUSBp
    5B00: 01 58 52 53 54 70 00 60 7B 50 52 33 5F 0C C0 FF  .XRSTp.`{PR3_...
    5B10: FF FF 60 7D 60 50 52 33 4D 50 52 33 5F 70 00 60  ..`}`PR3MPR3_p.`
    5B20: 7B 50 52 32 5F 0C 00 80 FF FF 60 7D 60 50 52 32  {PR2_.....`}`PR2
    5B30: 4D 50 52 32 5F 14 3F 45 53 45 4C 08 A0 38 91 93  MPR2_.?ESEL..8..
    5B40: 58 48 43 49 0A 02 93 58 48 43 49 0A 03 7B 50 52  XHCI...XHCI..{PR
    5B50: 33 5F 0C C0 FF FF FF 50 52 33 5F 7B 50 52 32 5F  3_.....PR3_{PR2_
    5B60: 0C 00 80 FF FF 50 52 32 5F 70 00 58 55 53 42 70  .....PR2_p.XUSBp
    5B70: 00 58 52 53 54 14 19 58 57 41 4B 08 A0 12 91 93  .XRST..XWAK.....
    5B80: 58 55 53 42 01 93 58 52 53 54 01 58 53 45 4C 14  XUSB..XRST.XSEL.
    5B90: 09 5F 53 33 44 00 A4 0A 02 5B 82 49 E2 52 48 55  ._S3D....[.I.RHU
    5BA0: 42 08 5F 41 44 52 00 5B 82 44 09 48 53 30 31 08  B._ADR.[.D.HS01.
    5BB0: 5F 41 44 52 01 08 5F 53 54 41 0A 0F 14 30 5F 55  _ADR.._STA...0_U
    5BC0: 50 43 08 08 55 50 43 50 12 08 04 0A FF 0A 03 00  PC..UPCP........
    5BD0: 00 A0 16 92 7B 50 52 32 53 01 50 52 32 5F 00 70  ....{PR2S.PR2_.p
    5BE0: 00 88 55 50 43 50 00 00 A4 55 50 43 50 14 4F 04  ..UPCP...UPCP.O.
    5BF0: 5F 50 4C 44 08 08 50 4C 44 50 12 16 01 11 13 0A  _PLD..PLDP......
    5C00: 10 01 C6 72 00 00 00 00 00 69 0C 80 00 00 00 00  ...r.....i......
    5C10: 00 8D 83 88 50 4C 44 50 00 00 0A 40 56 49 53 5F  ....PLDP...@VIS_
    5C20: A0 17 92 7B 50 52 32 53 01 50 52 32 5F 00 7B 56  ...{PR2S.PR2_.{V
    5C30: 49 53 5F 00 56 49 53 5F A4 50 4C 44 50 5B 82 47  IS_.VIS_.PLDP[.G
    5C40: 09 48 53 30 32 08 5F 41 44 52 0A 02 08 5F 53 54  .HS02._ADR..._ST
    5C50: 41 0A 0F 14 31 5F 55 50 43 08 08 55 50 43 50 12  A...1_UPC..UPCP.
    5C60: 08 04 0A FF 0A 03 00 00 A0 17 92 7B 50 52 32 53  ...........{PR2S
    5C70: 0A 02 50 52 32 5F 00 70 00 88 55 50 43 50 00 00  ..PR2_.p..UPCP..
    5C80: A4 55 50 43 50 14 40 05 5F 50 4C 44 08 08 50 4C  .UPCP.@._PLD..PL
    5C90: 44 50 12 16 01 11 13 0A 10 01 C6 72 00 00 00 00  DP.........r....
    5CA0: 00 69 0C 00 01 00 00 00 00 8D 83 88 50 4C 44 50  .i..........PLDP
    5CB0: 00 00 0A 40 56 49 53 5F A0 18 92 7B 50 52 32 53  ...@VIS_...{PR2S
    5CC0: 0A 02 50 52 32 5F 00 7B 56 49 53 5F 00 56 49 53  ..PR2_.{VIS_.VIS
    5CD0: 5F A4 50 4C 44 50 5B 82 40 0B 48 53 30 33 08 5F  _.PLDP[.@.HS03._
    5CE0: 41 44 52 0A 03 08 5F 53 54 41 0A 0F 14 31 5F 55  ADR..._STA...1_U
    5CF0: 50 43 08 08 55 50 43 50 12 08 04 0A FF 0A 03 00  PC..UPCP........
    5D00: 00 A0 17 92 7B 50 52 32 53 0A 03 50 52 32 5F 00  ....{PR2S..PR2_.
    5D10: 70 00 88 55 50 43 50 00 00 A4 55 50 43 50 14 49  p..UPCP...UPCP.I
    5D20: 06 5F 50 4C 44 08 08 50 4C 44 50 12 16 01 11 13  ._PLD..PLDP.....
    5D30: 0A 10 01 C6 72 00 00 00 00 00 71 0C 80 02 00 00  ....r.....q.....
    5D40: 00 00 8D 83 88 50 4C 44 50 00 00 0A 40 56 49 53  .....PLDP...@VIS
    5D50: 5F A0 18 92 7B 50 52 32 53 0A 03 50 52 32 5F 00  _...{PR2S..PR2_.
    5D60: 7B 56 49 53 5F 00 56 49 53 5F A0 18 93 7B 43 44  {VIS_.VIS_...{CD
    5D70: 49 44 0B 00 F0 00 0B 00 90 7B 56 49 53 5F 00 56  ID.......{VIS_.V
    5D80: 49 53 5F A4 50 4C 44 50 5B 82 46 09 48 53 30 34  IS_.PLDP[.F.HS04
    5D90: 08 5F 41 44 52 0A 04 08 5F 53 54 41 0A 0F 14 30  ._ADR..._STA...0
    5DA0: 5F 55 50 43 08 08 55 50 43 50 12 07 04 0A FF 00  _UPC..UPCP......
    5DB0: 00 00 A0 17 92 7B 50 52 32 53 0A 04 50 52 32 5F  .....{PR2S..PR2_
    5DC0: 00 70 00 88 55 50 43 50 00 00 A4 55 50 43 50 14  .p..UPCP...UPCP.
    5DD0: 40 05 5F 50 4C 44 08 08 50 4C 44 50 12 16 01 11  @._PLD..PLDP....
    5DE0: 13 0A 10 01 C6 72 00 00 00 00 00 71 0C 00 02 00  .....r.....q....
    5DF0: 00 00 00 8D 83 88 50 4C 44 50 00 00 0A 40 56 49  ......PLDP...@VI
    5E00: 53 5F A0 18 92 7B 50 52 32 53 0A 04 50 52 32 5F  S_...{PR2S..PR2_
    5E10: 00 7B 56 49 53 5F 00 56 49 53 5F A4 50 4C 44 50  .{VIS_.VIS_.PLDP
    5E20: 5B 82 40 09 48 53 30 35 08 5F 41 44 52 0A 05 08  [.@.HS05._ADR...
    5E30: 5F 53 54 41 0A 0F 14 2D 5F 55 50 43 08 08 55 50  _STA...-_UPC..UP
    5E40: 43 50 12 07 04 0A FF 00 00 00 A0 14 92 7B 50 52  CP...........{PR
    5E50: 32 5F 0B 00 01 00 70 00 88 55 50 43 50 00 00 A4  2_....p..UPCP...
    5E60: 55 50 43 50 14 4D 04 5F 50 4C 44 08 08 50 4C 44  UPCP.M._PLD..PLD
    5E70: 50 12 16 01 11 13 0A 10 01 C6 72 00 00 00 00 00  P.........r.....
    5E80: 71 0C 80 01 00 00 00 00 8D 83 88 50 4C 44 50 00  q..........PLDP.
    5E90: 00 0A 40 56 49 53 5F A0 15 92 7B 50 52 32 5F 0B  ..@VIS_...{PR2_.
    5EA0: 00 01 00 7B 56 49 53 5F 00 56 49 53 5F A4 50 4C  ...{VIS_.VIS_.PL
    5EB0: 44 50 5B 82 46 09 48 53 30 36 08 5F 41 44 52 0A  DP[.F.HS06._ADR.
    5EC0: 06 08 5F 53 54 41 0A 0F 14 30 5F 55 50 43 08 08  .._STA...0_UPC..
    5ED0: 55 50 43 50 12 07 04 0A FF 00 00 00 A0 17 92 7B  UPCP...........{
    5EE0: 50 52 32 53 0A 06 50 52 32 5F 00 70 00 88 55 50  PR2S..PR2_.p..UP
    5EF0: 43 50 00 00 A4 55 50 43 50 14 40 05 5F 50 4C 44  CP...UPCP.@._PLD
    5F00: 08 08 50 4C 44 50 12 16 01 11 13 0A 10 01 C6 72  ..PLDP.........r
    5F10: 00 00 00 00 00 71 0C 00 03 00 00 00 00 8D 83 88  .....q..........
    5F20: 50 4C 44 50 00 00 0A 40 56 49 53 5F A0 18 92 7B  PLDP...@VIS_...{
    5F30: 50 52 32 53 0A 06 50 52 32 5F 00 7B 56 49 53 5F  PR2S..PR2_.{VIS_
    5F40: 00 56 49 53 5F A4 50 4C 44 50 5B 82 4F 09 48 53  .VIS_.PLDP[.O.HS
    5F50: 30 37 08 5F 41 44 52 0A 07 08 5F 53 54 41 0A 0F  07._ADR..._STA..
    5F60: 14 30 5F 55 50 43 08 08 55 50 43 50 12 07 04 0A  .0_UPC..UPCP....
    5F70: FF 00 00 00 A0 17 92 7B 50 52 32 53 0A 07 50 52  .......{PR2S..PR
    5F80: 32 5F 00 70 00 88 55 50 43 50 00 00 A4 55 50 43  2_.p..UPCP...UPC
    5F90: 50 14 40 05 5F 50 4C 44 08 08 50 4C 44 50 12 16  P.@._PLD..PLDP..
    5FA0: 01 11 13 0A 10 81 00 00 00 00 00 00 00 71 0C 80  .............q..
    5FB0: 03 00 00 00 00 8D 83 88 50 4C 44 50 00 00 0A 40  ........PLDP...@
    5FC0: 56 49 53 5F A0 18 92 7B 50 52 32 53 0A 07 50 52  VIS_...{PR2S..PR
    5FD0: 32 5F 00 7B 56 49 53 5F 00 56 49 53 5F A4 50 4C  2_.{VIS_.VIS_.PL
    5FE0: 44 50 14 08 5F 52 4D 56 00 A4 01 5B 82 46 09 48  DP.._RMV...[.F.H
    5FF0: 53 30 38 08 5F 41 44 52 0A 08 08 5F 53 54 41 0A  S08._ADR..._STA.
    6000: 0F 14 30 5F 55 50 43 08 08 55 50 43 50 12 07 04  ..0_UPC..UPCP...
    6010: 0A FF 00 00 00 A0 17 92 7B 50 52 32 53 0A 08 50  ........{PR2S..P
    6020: 52 32 5F 00 70 00 88 55 50 43 50 00 00 A4 55 50  R2_.p..UPCP...UP
    6030: 43 50 14 40 05 5F 50 4C 44 08 08 50 4C 44 50 12  CP.@._PLD..PLDP.
    6040: 16 01 11 13 0A 10 81 00 00 00 00 00 00 00 71 0C  ..............q.
    6050: 00 04 00 00 00 00 8D 83 88 50 4C 44 50 00 00 0A  .........PLDP...
    6060: 40 56 49 53 5F A0 18 92 7B 50 52 32 53 0A 08 50  @VIS_...{PR2S..P
    6070: 52 32 5F 00 7B 56 49 53 5F 00 56 49 53 5F A4 50  R2_.{VIS_.VIS_.P
    6080: 4C 44 50 5B 82 4E 0A 48 53 30 39 08 5F 41 44 52  LDP[.N.HS09._ADR
    6090: 0A 09 08 5F 53 54 41 0A 0F 14 2F 5F 55 50 43 08  ..._STA.../_UPC.
    60A0: 08 55 50 43 50 12 06 04 00 00 00 00 A0 17 92 7B  .UPCP..........{
    60B0: 50 52 32 53 0A 09 50 52 32 5F 00 70 00 88 55 50  PR2S..PR2_.p..UP
    60C0: 43 50 00 00 A4 55 50 43 50 14 49 06 5F 50 4C 44  CP...UPCP.I._PLD
    60D0: 08 08 50 4C 44 50 12 16 01 11 13 0A 10 01 C6 72  ..PLDP.........r
    60E0: 00 00 00 00 00 70 0C 80 04 00 00 00 00 8D 83 88  .....p..........
    60F0: 50 4C 44 50 00 00 0A 40 56 49 53 5F A0 18 92 7B  PLDP...@VIS_...{
    6100: 50 52 32 53 0A 09 50 52 32 5F 00 7B 56 49 53 5F  PR2S..PR2_.{VIS_
    6110: 00 56 49 53 5F A0 18 93 7B 43 44 49 44 0B 00 F0  .VIS_...{CDID...
    6120: 00 0B 00 90 7B 56 49 53 5F 00 56 49 53 5F A4 50  ....{VIS_.VIS_.P
    6130: 4C 44 50 5B 82 42 0C 48 53 31 30 14 1D 5F 41 44  LDP[.B.HS10.._AD
    6140: 52 08 A0 11 93 7B 43 44 49 44 0B 00 F0 00 0B 00  R....{CDID......
    6150: 80 A4 0A 0A A1 04 A4 0A FA 14 1C 5F 53 54 41 08  ..........._STA.
    6160: A0 11 93 7B 43 44 49 44 0B 00 F0 00 0B 00 80 A4  ...{CDID........
    6170: 0A 0F A1 03 A4 00 14 2F 5F 55 50 43 08 08 55 50  ......./_UPC..UP
    6180: 43 50 12 06 04 00 00 00 00 A0 17 92 7B 50 52 32  CP..........{PR2
    6190: 53 0A 0A 50 52 32 5F 00 70 00 88 55 50 43 50 00  S..PR2_.p..UPCP.
    61A0: 00 A4 55 50 43 50 14 40 05 5F 50 4C 44 08 08 50  ..UPCP.@._PLD..P
    61B0: 4C 44 50 12 16 01 11 13 0A 10 01 C6 72 00 00 00  LDP.........r...
    61C0: 00 00 71 0C 00 05 00 00 00 00 8D 83 88 50 4C 44  ..q..........PLD
    61D0: 50 00 00 0A 40 56 49 53 5F A0 18 92 7B 50 52 32  P...@VIS_...{PR2
    61E0: 53 0A 0A 50 52 32 5F 00 7B 56 49 53 5F 00 56 49  S..PR2_.{VIS_.VI
    61F0: 53 5F A4 50 4C 44 50 5B 82 4C 0F 48 53 31 31 14  S_.PLDP[.L.HS11.
    6200: 1D 5F 41 44 52 08 A0 11 93 7B 43 44 49 44 0B 00  ._ADR....{CDID..
    6210: F0 00 0B 00 80 A4 0A 0B A1 04 A4 0A FB 14 1C 5F  ..............._
    6220: 53 54 41 08 A0 11 93 7B 43 44 49 44 0B 00 F0 00  STA....{CDID....
    6230: 0B 00 80 A4 0A 0F A1 03 A4 00 14 2F 5F 55 50 43  .........../_UPC
    6240: 08 08 55 50 43 50 12 06 04 00 00 00 00 A0 17 92  ..UPCP..........
    6250: 7B 50 52 32 53 0A 0B 50 52 32 5F 00 70 00 88 55  {PR2S..PR2_.p..U
    6260: 50 43 50 00 00 A4 55 50 43 50 14 40 05 5F 50 4C  PCP...UPCP.@._PL
    6270: 44 08 08 50 4C 44 50 12 16 01 11 13 0A 10 81 00  D..PLDP.........
    6280: 00 00 00 00 00 00 30 1C 00 00 00 00 00 00 8D 83  ......0.........
    6290: 88 50 4C 44 50 00 00 0A 40 56 49 53 5F A0 18 92  .PLDP...@VIS_...
    62A0: 7B 50 52 32 53 0A 0B 50 52 32 5F 00 7B 56 49 53  {PR2S..PR2_.{VIS
    62B0: 5F 00 56 49 53 5F A4 50 4C 44 50 5B 82 38 57 43  _.VIS_.PLDP[.8WC
    62C0: 41 4D 08 5F 41 44 52 0A 0B 08 5F 55 50 43 12 06  AM._ADR..._UPC..
    62D0: 04 00 00 00 00 08 5F 50 4C 44 12 1A 01 11 17 0A  ......_PLD......
    62E0: 14 82 00 00 00 00 00 00 00 20 01 00 00 00 00 00  ......... ......
    62F0: 00 F0 FF FF FF 5B 82 43 0C 48 53 31 32 14 1D 5F  .....[.C.HS12.._
    6300: 41 44 52 08 A0 11 93 7B 43 44 49 44 0B 00 F0 00  ADR....{CDID....
    6310: 0B 00 80 A4 0A 0C A1 04 A4 0A FC 14 1C 5F 53 54  ............._ST
    6320: 41 08 A0 11 93 7B 43 44 49 44 0B 00 F0 00 0B 00  A....{CDID......
    6330: 80 A4 0A 0F A1 03 A4 00 14 30 5F 55 50 43 08 08  .........0_UPC..
    6340: 55 50 43 50 12 07 04 0A FF 00 00 00 A0 17 92 7B  UPCP...........{
    6350: 50 52 32 53 0A 0C 50 52 32 5F 00 70 00 88 55 50  PR2S..PR2_.p..UP
    6360: 43 50 00 00 A4 55 50 43 50 14 40 05 5F 50 4C 44  CP...UPCP.@._PLD
    6370: 08 08 50 4C 44 50 12 16 01 11 13 0A 10 81 00 00  ..PLDP..........
    6380: 00 00 00 00 00 30 1C 00 00 00 00 00 00 8D 83 88  .....0..........
    6390: 50 4C 44 50 00 00 0A 40 56 49 53 5F A0 18 92 7B  PLDP...@VIS_...{
    63A0: 50 52 32 53 0A 0C 50 52 32 5F 00 7B 56 49 53 5F  PR2S..PR2_.{VIS_
    63B0: 00 56 49 53 5F A4 50 4C 44 50 5B 82 42 0C 48 53  .VIS_.PLDP[.B.HS
    63C0: 31 33 14 1D 5F 41 44 52 08 A0 11 93 7B 43 44 49  13.._ADR....{CDI
    63D0: 44 0B 00 F0 00 0B 00 80 A4 0A 0D A1 04 A4 0A FD  D...............
    63E0: 14 1C 5F 53 54 41 08 A0 11 93 7B 43 44 49 44 0B  .._STA....{CDID.
    63F0: 00 F0 00 0B 00 80 A4 0A 0F A1 03 A4 00 14 2F 5F  ............../_
    6400: 55 50 43 08 08 55 50 43 50 12 06 04 00 00 00 00  UPC..UPCP.......
    6410: A0 17 92 7B 50 52 32 53 0A 0D 50 52 32 5F 00 70  ...{PR2S..PR2_.p
    6420: 00 88 55 50 43 50 00 00 A4 55 50 43 50 14 40 05  ..UPCP...UPCP.@.
    6430: 5F 50 4C 44 08 08 50 4C 44 50 12 16 01 11 13 0A  _PLD..PLDP......
    6440: 10 81 00 00 00 00 00 00 00 30 1C 00 00 00 00 00  .........0......
    6450: 00 8D 83 88 50 4C 44 50 00 00 0A 40 56 49 53 5F  ....PLDP...@VIS_
    6460: A0 18 92 7B 50 52 32 53 0A 0D 50 52 32 5F 00 7B  ...{PR2S..PR2_.{
    6470: 56 49 53 5F 00 56 49 53 5F A4 50 4C 44 50 5B 82  VIS_.VIS_.PLDP[.
    6480: 4D 0A 48 53 31 34 08 5F 41 44 52 0A 0E 14 1C 5F  M.HS14._ADR...._
    6490: 53 54 41 08 A0 11 93 7B 43 44 49 44 0B 00 F0 00  STA....{CDID....
    64A0: 0B 00 80 A4 0A 0F A1 03 A4 00 14 31 5F 55 50 43  ...........1_UPC
    64B0: 08 08 55 50 43 50 12 08 04 0A FF 0A FF 00 00 A0  ..UPCP..........
    64C0: 17 92 7B 50 52 32 53 0A 0E 50 52 32 5F 00 70 00  ..{PR2S..PR2_.p.
    64D0: 88 55 50 43 50 00 00 A4 55 50 43 50 14 40 05 5F  .UPCP...UPCP.@._
    64E0: 50 4C 44 08 08 50 4C 44 50 12 16 01 11 13 0A 10  PLD..PLDP.......
    64F0: 81 00 00 00 00 00 00 00 30 1C 00 00 00 00 00 00  ........0.......
    6500: 8D 83 88 50 4C 44 50 00 00 0A 40 56 49 53 5F A0  ...PLDP...@VIS_.
    6510: 18 92 7B 50 52 32 53 0A 0E 50 52 32 5F 00 7B 56  ..{PR2S..PR2_.{V
    6520: 49 53 5F 00 56 49 53 5F A4 50 4C 44 50 5B 82 4B  IS_.VIS_.PLDP[.K
    6530: 0A 48 53 31 35 08 5F 41 44 52 0A 0F 14 1C 5F 53  .HS15._ADR...._S
    6540: 54 41 08 A0 11 93 7B 43 44 49 44 0B 00 F0 00 0B  TA....{CDID.....
    6550: 00 80 A4 0A 0F A1 03 A4 00 14 2F 5F 55 50 43 08  ........../_UPC.
    6560: 08 55 50 43 50 12 06 04 00 00 00 00 A0 17 92 7B  .UPCP..........{
    6570: 50 52 32 53 0A 0F 50 52 32 5F 00 70 00 88 55 50  PR2S..PR2_.p..UP
    6580: 43 50 00 00 A4 55 50 43 50 14 40 05 5F 50 4C 44  CP...UPCP.@._PLD
    6590: 08 08 50 4C 44 50 12 16 01 11 13 0A 10 81 00 00  ..PLDP..........
    65A0: 00 00 00 00 00 30 1C 00 00 00 00 00 00 8D 83 88  .....0..........
    65B0: 50 4C 44 50 00 00 0A 40 56 49 53 5F A0 18 92 7B  PLDP...@VIS_...{
    65C0: 50 52 32 53 0A 0F 50 52 32 5F 00 7B 56 49 53 5F  PR2S..PR2_.{VIS_
    65D0: 00 56 49 53 5F A4 50 4C 44 50 5B 82 44 0A 53 53  .VIS_.PLDP[.D.SS
    65E0: 50 31 14 1D 5F 41 44 52 08 A0 11 93 7B 43 44 49  P1.._ADR....{CDI
    65F0: 44 0B 00 F0 00 0B 00 80 A4 0A 10 A1 04 A4 0A 0A  D...............
    6600: 08 5F 53 54 41 0A 0F 14 2C 5F 55 50 43 08 08 55  ._STA...,_UPC..U
    6610: 50 43 50 12 08 04 0A FF 0A 03 00 00 A0 12 92 7B  PCP............{
    6620: 50 52 33 5F 01 00 70 00 88 55 50 43 50 00 00 A4  PR3_..p..UPCP...
    6630: 55 50 43 50 14 4B 04 5F 50 4C 44 08 08 50 4C 44  UPCP.K._PLD..PLD
    6640: 50 12 16 01 11 13 0A 10 01 C6 72 00 00 00 00 00  P.........r.....
    6650: 69 0C 80 00 00 00 00 00 8D 83 88 50 4C 44 50 00  i..........PLDP.
    6660: 00 0A 40 56 49 53 5F A0 13 92 7B 50 52 33 5F 01  ..@VIS_...{PR3_.
    6670: 00 7B 56 49 53 5F 00 56 49 53 5F A4 50 4C 44 50  .{VIS_.VIS_.PLDP
    6680: 5B 82 46 0A 53 53 50 32 14 1D 5F 41 44 52 08 A0  [.F.SSP2.._ADR..
    6690: 11 93 7B 43 44 49 44 0B 00 F0 00 0B 00 80 A4 0A  ..{CDID.........
    66A0: 11 A1 04 A4 0A 0B 08 5F 53 54 41 0A 0F 14 2D 5F  ......._STA...-_
    66B0: 55 50 43 08 08 55 50 43 50 12 08 04 0A FF 0A 03  UPC..UPCP.......
    66C0: 00 00 A0 13 92 7B 50 52 33 5F 0A 02 00 70 00 88  .....{PR3_...p..
    66D0: 55 50 43 50 00 00 A4 55 50 43 50 14 4C 04 5F 50  UPCP...UPCP.L._P
    66E0: 4C 44 08 08 50 4C 44 50 12 16 01 11 13 0A 10 01  LD..PLDP........
    66F0: C6 72 00 00 00 00 00 69 0C 00 01 00 00 00 00 8D  .r.....i........
    6700: 83 88 50 4C 44 50 00 00 0A 40 56 49 53 5F A0 14  ..PLDP...@VIS_..
    6710: 92 7B 50 52 33 5F 0A 02 00 7B 56 49 53 5F 00 56  .{PR3_...{VIS_.V
    6720: 49 53 5F A4 50 4C 44 50 5B 82 45 0A 53 53 50 33  IS_.PLDP[.E.SSP3
    6730: 14 1D 5F 41 44 52 08 A0 11 93 7B 43 44 49 44 0B  .._ADR....{CDID.
    6740: 00 F0 00 0B 00 80 A4 0A 12 A1 04 A4 0A 0C 08 5F  ..............._
    6750: 53 54 41 0A 0F 14 2C 5F 55 50 43 08 08 55 50 43  STA...,_UPC..UPC
    6760: 50 12 07 04 00 0A 03 00 00 A0 13 92 7B 50 52 33  P...........{PR3
    6770: 5F 0A 04 00 70 00 88 55 50 43 50 00 00 A4 55 50  _...p..UPCP...UP
    6780: 43 50 14 4C 04 5F 50 4C 44 08 08 50 4C 44 50 12  CP.L._PLD..PLDP.
    6790: 16 01 11 13 0A 10 01 C6 72 00 00 00 00 00 71 0C  ........r.....q.
    67A0: 80 01 00 00 00 00 8D 83 88 50 4C 44 50 00 00 0A  .........PLDP...
    67B0: 40 56 49 53 5F A0 14 92 7B 50 52 33 5F 0A 04 00  @VIS_...{PR3_...
    67C0: 7B 56 49 53 5F 00 56 49 53 5F A4 50 4C 44 50 5B  {VIS_.VIS_.PLDP[
    67D0: 82 45 0A 53 53 50 34 14 1D 5F 41 44 52 08 A0 11  .E.SSP4.._ADR...
    67E0: 93 7B 43 44 49 44 0B 00 F0 00 0B 00 80 A4 0A 13  .{CDID..........
    67F0: A1 04 A4 0A 0D 08 5F 53 54 41 0A 0F 14 2C 5F 55  ......_STA...,_U
    6800: 50 43 08 08 55 50 43 50 12 07 04 00 0A 03 00 00  PC..UPCP........
    6810: A0 13 92 7B 50 52 33 5F 0A 08 00 70 00 88 55 50  ...{PR3_...p..UP
    6820: 43 50 00 00 A4 55 50 43 50 14 4C 04 5F 50 4C 44  CP...UPCP.L._PLD
    6830: 08 08 50 4C 44 50 12 16 01 11 13 0A 10 01 C6 72  ..PLDP.........r
    6840: 00 00 00 00 00 71 0C 00 02 00 00 00 00 8D 83 88  .....q..........
    6850: 50 4C 44 50 00 00 0A 40 56 49 53 5F A0 14 92 7B  PLDP...@VIS_...{
    6860: 50 52 33 5F 0A 08 00 7B 56 49 53 5F 00 56 49 53  PR3_...{VIS_.VIS
    6870: 5F A4 50 4C 44 50 5B 82 45 0A 53 53 50 35 08 5F  _.PLDP[.E.SSP5._
    6880: 41 44 52 0A 14 14 1C 5F 53 54 41 08 A0 11 93 7B  ADR...._STA....{
    6890: 43 44 49 44 0B 00 F0 00 0B 00 80 A4 0A 0F A1 03  CDID............
    68A0: A4 00 14 2D 5F 55 50 43 08 08 55 50 43 50 12 08  ...-_UPC..UPCP..
    68B0: 04 0A FF 0A 03 00 00 A0 13 92 7B 50 52 33 5F 0A  ..........{PR3_.
    68C0: 10 00 70 00 88 55 50 43 50 00 00 A4 55 50 43 50  ..p..UPCP...UPCP
    68D0: 14 4C 04 5F 50 4C 44 08 08 50 4C 44 50 12 16 01  .L._PLD..PLDP...
    68E0: 11 13 0A 10 01 C6 72 00 00 00 00 00 71 0C 80 02  ......r.....q...
    68F0: 00 00 00 00 8D 83 88 50 4C 44 50 00 00 0A 40 56  .......PLDP...@V
    6900: 49 53 5F A0 14 92 7B 50 52 33 5F 0A 10 00 7B 56  IS_...{PR3_...{V
    6910: 49 53 5F 00 56 49 53 5F A4 50 4C 44 50 5B 82 45  IS_.VIS_.PLDP[.E
    6920: 0A 53 53 50 36 08 5F 41 44 52 0A 15 14 1C 5F 53  .SSP6._ADR...._S
    6930: 54 41 08 A0 11 93 7B 43 44 49 44 0B 00 F0 00 0B  TA....{CDID.....
    6940: 00 80 A4 0A 0F A1 03 A4 00 14 2D 5F 55 50 43 08  ..........-_UPC.
    6950: 08 55 50 43 50 12 08 04 0A FF 0A 03 00 00 A0 13  .UPCP...........
    6960: 92 7B 50 52 33 5F 0A 20 00 70 00 88 55 50 43 50  .{PR3_. .p..UPCP
    6970: 00 00 A4 55 50 43 50 14 4C 04 5F 50 4C 44 08 08  ...UPCP.L._PLD..
    6980: 50 4C 44 50 12 16 01 11 13 0A 10 01 C6 72 00 00  PLDP.........r..
    6990: 00 00 00 71 0C 00 03 00 00 00 00 8D 83 88 50 4C  ...q..........PL
    69A0: 44 50 00 00 0A 40 56 49 53 5F A0 14 92 7B 50 52  DP...@VIS_...{PR
    69B0: 33 5F 0A 20 00 7B 56 49 53 5F 00 56 49 53 5F A4  3_. .{VIS_.VIS_.
    69C0: 50 4C 44 50 5B 82 46 05 48 44 45 46 08 5F 41 44  PLDP[.F.HDEF._AD
    69D0: 52 0C 00 00 1B 00 5B 80 48 44 41 52 02 0A 4C 0A  R.....[.HDAR..L.
    69E0: 10 5B 81 29 48 44 41 52 02 44 43 4B 41 01 00 07  .[.)HDAR.DCKA...
    69F0: 44 43 4B 4D 01 00 06 44 43 4B 53 01 00 30 00 08  DCKM...DCKS..0..
    6A00: 50 4D 45 45 01 00 06 50 4D 45 53 01 14 0F 5F 50  PMEE...PMES..._P
    6A10: 52 57 00 A4 47 50 52 57 0A 0D 0A 04 10 86 55 01  RW..GPRW......U.
    6A20: 5C 2E 5F 53 42 5F 50 43 49 30 5B 82 45 36 53 49  \._SB_PCI0[.E6SI
    6A30: 52 43 08 5F 48 49 44 0C 41 D0 0C 02 08 5F 55 49  RC._HID.A...._UI
    6A40: 44 0A 04 14 26 5F 53 54 41 00 A0 0B 95 4F 53 59  D...&_STA....OSY
    6A50: 53 0B DC 07 A4 00 A0 10 93 7B 43 44 49 44 0B 00  S........{CDID..
    6A60: F0 00 0B 00 80 A4 00 A4 0A 0F 08 42 55 46 31 11  ...........BUF1.
    6A70: 11 0A 0E 86 09 00 01 00 00 00 00 00 10 00 00 79  ...............y
    6A80: 00 08 42 55 46 32 11 11 0A 0E 86 09 00 01 00 00  ..BUF2..........
    6A90: 00 00 00 10 00 00 79 00 08 42 55 46 33 11 11 0A  ......y..BUF3...
    6AA0: 0E 86 09 00 01 00 00 00 00 00 10 00 00 79 00 08  .............y..
    6AB0: 42 55 46 34 11 11 0A 0E 86 09 00 01 00 00 00 00  BUF4............
    6AC0: 00 10 00 00 79 00 08 42 55 46 35 11 11 0A 0E 86  ....y..BUF5.....
    6AD0: 09 00 01 00 00 00 00 00 10 00 00 79 00 08 42 55  ...........y..BU
    6AE0: 46 36 11 11 0A 0E 86 09 00 01 00 00 00 00 00 10  F6..............
    6AF0: 00 00 79 00 08 42 55 46 37 11 11 0A 0E 86 09 00  ..y..BUF7.......
    6B00: 01 00 00 00 00 00 10 00 00 79 00 08 42 55 46 38  .........y..BUF8
    6B10: 11 11 0A 0E 86 09 00 01 00 00 00 00 00 10 00 00  ................
    6B20: 79 00 08 42 55 46 4C 11 11 0A 0E 86 09 00 01 00  y..BUFL.........
    6B30: 00 00 00 08 00 00 00 79 00 08 42 55 46 48 11 11  .......y..BUFH..
    6B40: 0A 0E 86 09 00 01 00 00 00 00 EC 0F 00 00 79 00  ..............y.
    6B50: 14 43 14 5F 43 52 53 00 70 11 05 0A 02 79 00 60  .C._CRS.p....y.`
    6B60: 8A 42 55 46 31 0A 04 42 52 30 31 8A 42 55 46 32  .BUF1..BR01.BUF2
    6B70: 0A 04 42 52 30 32 8A 42 55 46 33 0A 04 42 52 30  ..BR02.BUF3..BR0
    6B80: 33 8A 42 55 46 34 0A 04 42 52 30 34 8A 42 55 46  3.BUF4..BR04.BUF
    6B90: 35 0A 04 42 52 30 35 8A 42 55 46 36 0A 04 42 52  5..BR05.BUF6..BR
    6BA0: 30 36 8A 42 55 46 37 0A 04 42 52 30 37 8A 42 55  06.BUF7..BR07.BU
    6BB0: 46 38 0A 04 42 52 30 38 A0 0F 92 93 42 52 30 31  F8..BR08....BR01
    6BC0: 00 84 60 42 55 46 31 60 A0 0F 92 93 42 52 30 32  ..`BUF1`....BR02
    6BD0: 00 84 60 42 55 46 32 60 A0 0F 92 93 42 52 30 33  ..`BUF2`....BR03
    6BE0: 00 84 60 42 55 46 33 60 A0 0F 92 93 42 52 30 34  ..`BUF3`....BR04
    6BF0: 00 84 60 42 55 46 34 60 A0 0F 92 93 42 52 30 35  ..`BUF4`....BR05
    6C00: 00 84 60 42 55 46 35 60 A0 0F 92 93 42 52 30 36  ..`BUF5`....BR06
    6C10: 00 84 60 42 55 46 36 60 A0 0F 92 93 42 52 30 37  ..`BUF6`....BR07
    6C20: 00 84 60 42 55 46 37 60 A0 49 06 92 93 42 52 30  ..`BUF7`.I...BR0
    6C30: 38 00 84 60 42 55 46 38 60 5B 80 53 44 43 48 00  8..`BUF8`[.SDCH.
    6C40: 42 52 30 38 0A 40 5B 81 0E 53 44 43 48 03 00 40  BR08.@[..SDCH..@
    6C50: 08 42 41 52 30 20 8A 42 55 46 4C 0A 04 4C 42 41  .BAR0 .BUFL..LBA
    6C60: 53 8A 42 55 46 48 0A 04 48 42 41 53 72 42 41 52  S.BUFH..HBASrBAR
    6C70: 30 0B 00 10 4C 42 41 53 72 42 41 52 30 0B 14 10  0...LBASrBAR0...
    6C80: 48 42 41 53 84 60 42 55 46 4C 60 84 60 42 55 46  HBAS.`BUFL`.`BUF
    6C90: 48 60 A4 60 14 4C 0F 43 4E 54 52 09 08 5F 54 5F  H`.`.L.CNTR.._T_
    6CA0: 30 00 A2 4E 0E 01 70 99 68 00 5F 54 5F 30 A0 17  0..N..p.h._T_0..
    6CB0: 93 5F 54 5F 30 01 8A 42 55 46 31 0A 04 42 41 52  ._T_0..BUF1..BAR
    6CC0: 31 A4 42 41 52 31 A1 49 0C A0 18 93 5F 54 5F 30  1.BAR1.I...._T_0
    6CD0: 0A 02 8A 42 55 46 32 0A 04 42 41 52 32 A4 42 41  ...BUF2..BAR2.BA
    6CE0: 52 32 A1 4D 0A A0 18 93 5F 54 5F 30 0A 03 8A 42  R2.M...._T_0...B
    6CF0: 55 46 33 0A 04 42 41 52 33 A4 42 41 52 33 A1 41  UF3..BAR3.BAR3.A
    6D00: 09 A0 18 93 5F 54 5F 30 0A 04 8A 42 55 46 34 0A  ...._T_0...BUF4.
    6D10: 04 42 41 52 34 A4 42 41 52 34 A1 45 07 A0 18 93  .BAR4.BAR4.E....
    6D20: 5F 54 5F 30 0A 05 8A 42 55 46 35 0A 04 42 41 52  _T_0...BUF5..BAR
    6D30: 35 A4 42 41 52 35 A1 49 05 A0 18 93 5F 54 5F 30  5.BAR5.I...._T_0
    6D40: 0A 06 8A 42 55 46 36 0A 04 42 41 52 36 A4 42 41  ...BUF6..BAR6.BA
    6D50: 52 36 A1 3D A0 18 93 5F 54 5F 30 0A 07 8A 42 55  R6.=..._T_0...BU
    6D60: 46 37 0A 04 42 41 52 37 A4 42 41 52 37 A1 22 A0  F7..BAR7.BAR7.".
    6D70: 18 93 5F 54 5F 30 0A 08 8A 42 55 46 38 0A 04 42  .._T_0...BUF8..B
    6D80: 41 52 38 A4 42 41 52 38 A1 07 A4 0C FF FF FF FF  AR8.BAR8........
    6D90: A5 5B 82 4A 09 47 50 49 30 08 5F 48 49 44 0D 49  .[.J.GPI0._HID.I
    6DA0: 4E 54 33 33 43 37 00 08 5F 43 49 44 0D 49 4E 54  NT33C7.._CID.INT
    6DB0: 33 33 43 37 00 08 5F 55 49 44 01 08 52 42 55 46  33C7.._UID..RBUF
    6DC0: 11 1F 0A 1C 87 17 00 01 0C 03 00 00 00 00 00 00  ................
    6DD0: 00 00 FF 03 00 00 00 00 00 00 00 04 00 00 79 00  ..............y.
    6DE0: 14 0B 5F 43 52 53 00 A4 52 42 55 46 14 0B 5F 48  .._CRS..RBUF.._H
    6DF0: 52 56 00 A4 43 52 49 44 8A 52 42 55 46 0A 0A 42  RV..CRID.RBUF..B
    6E00: 56 41 4C 14 29 5F 53 54 41 00 A0 09 93 42 56 41  VAL.)_STA....BVA
    6E10: 4C 00 A4 00 A0 0B 95 4F 53 59 53 0B DC 07 A4 00  L......OSYS.....
    6E20: A0 0A 93 53 30 49 44 01 A4 0A 0F A4 00 5B 82 47  ...S0ID......[.G
    6E30: 0F 53 44 4D 41 08 5F 48 49 44 0D 49 4E 54 4C 39  .SDMA._HID.INTL9
    6E40: 43 36 30 00 08 5F 55 49 44 01 08 5F 41 44 52 0C  C60.._UID.._ADR.
    6E50: 00 00 15 00 08 52 42 55 46 11 1A 0A 17 86 09 00  .....RBUF.......
    6E60: 01 00 00 00 00 00 10 00 00 89 06 00 05 01 14 00  ................
    6E70: 00 00 79 00 14 0B 5F 43 52 53 00 A4 52 42 55 46  ..y..._CRS..RBUF
    6E80: 14 0B 5F 48 52 56 00 A4 43 52 49 44 14 4B 04 50  .._HRV..CRID.K.P
    6E90: 54 44 33 00 A0 43 04 92 93 5E 5E 2E 53 49 52 43  TD3..C...^^.SIRC
    6EA0: 43 4E 54 52 01 00 72 5E 5E 2E 53 49 52 43 43 4E  CNTR..r^^.SIRCCN
    6EB0: 54 52 01 0A 84 60 5B 80 44 4D 42 31 00 60 0A 04  TR...`[.DMB1.`..
    6EC0: 5B 81 0B 44 4D 42 31 03 54 45 4D 50 20 7D 54 45  [..DMB1.TEMP }TE
    6ED0: 4D 50 0A 03 54 45 4D 50 8A 52 42 55 46 0A 04 42  MP..TEMP.RBUF..B
    6EE0: 56 41 4C 14 42 04 5F 53 54 41 00 A0 09 93 42 56  VAL.B._STA....BV
    6EF0: 41 4C 00 A4 00 A0 0B 95 4F 53 59 53 0B DC 07 A4  AL......OSYS....
    6F00: 00 A0 17 90 93 44 4F 53 44 0A 02 93 4F 53 59 53  .....DOSD...OSYS
    6F10: 0B DC 07 50 54 44 33 A4 00 A0 0A 93 53 30 49 44  ...PTD3.....S0ID
    6F20: 01 A4 0A 0F A4 00 5B 82 44 35 49 32 43 30 08 5F  ......[.D5I2C0._
    6F30: 48 49 44 0D 49 4E 54 33 33 43 32 00 08 5F 43 49  HID.INT33C2.._CI
    6F40: 44 0D 49 4E 54 33 33 43 32 00 08 5F 55 49 44 01  D.INT33C2.._UID.
    6F50: 08 5F 41 44 52 0C 01 00 15 00 14 41 05 5F 44 45  ._ADR......A._DE
    6F60: 50 00 41 44 42 47 0D 49 32 43 30 20 44 45 50 20  P.ADBG.I2C0 DEP 
    6F70: 43 61 6C 6C 00 A0 1D 93 53 30 49 44 01 41 44 42  Call....S0ID.ADB
    6F80: 47 0D 49 32 43 30 20 44 45 50 00 A4 12 06 01 50  G.I2C0 DEP.....P
    6F90: 45 50 44 A1 18 41 44 42 47 0D 49 32 43 30 20 44  EPD..ADBG.I2C0 D
    6FA0: 45 50 20 4E 55 4C 4C 00 A4 12 02 00 14 41 04 53  EP NULL......A.S
    6FB0: 53 43 4E 00 08 50 4B 47 5F 12 0A 03 0B B0 01 0B  SCN..PKG_.......
    6FC0: FB 01 0A 09 70 53 53 48 30 88 50 4B 47 5F 00 00  ....pSSH0.PKG_..
    6FD0: 70 53 53 4C 30 88 50 4B 47 5F 01 00 70 53 53 44  pSSL0.PKG_..pSSD
    6FE0: 30 88 50 4B 47 5F 0A 02 00 A4 50 4B 47 5F 14 3E  0.PKG_....PKG_.>
    6FF0: 46 4D 43 4E 00 08 50 4B 47 5F 12 08 03 0A 48 0A  FMCN..PKG_....H.
    7000: A0 0A 09 70 46 4D 48 30 88 50 4B 47 5F 00 00 70  ...pFMH0.PKG_..p
    7010: 46 4D 4C 30 88 50 4B 47 5F 01 00 70 46 4D 44 30  FML0.PKG_..pFMD0
    7020: 88 50 4B 47 5F 0A 02 00 A4 50 4B 47 5F 14 3E 46  .PKG_....PKG_.>F
    7030: 50 43 4E 00 08 50 4B 47 5F 12 08 03 0A 1A 0A 32  PCN..PKG_......2
    7040: 0A 05 70 46 50 48 30 88 50 4B 47 5F 00 00 70 46  ..pFPH0.PKG_..pF
    7050: 50 4C 30 88 50 4B 47 5F 01 00 70 46 50 44 30 88  PL0.PKG_..pFPD0.
    7060: 50 4B 47 5F 0A 02 00 A4 50 4B 47 5F 14 21 4D 30  PKG_....PKG_.!M0
    7070: 44 33 00 08 50 4B 47 5F 12 04 01 0A C8 70 4D 30  D3..PKG_.....pM0
    7080: 43 30 88 50 4B 47 5F 00 00 A4 50 4B 47 5F 14 22  C0.PKG_...PKG_."
    7090: 4D 31 44 33 00 08 50 4B 47 5F 12 05 01 0B D0 07  M1D3..PKG_......
    70A0: 70 4D 31 43 30 88 50 4B 47 5F 00 00 A4 50 4B 47  pM1C0.PKG_...PKG
    70B0: 5F 14 20 4D 30 44 30 00 08 50 4B 47 5F 12 03 01  _. M0D0..PKG_...
    70C0: 00 70 4D 32 43 30 88 50 4B 47 5F 00 00 A4 50 4B  .pM2C0.PKG_...PK
    70D0: 47 5F 08 52 42 55 46 11 1A 0A 17 86 09 00 01 00  G_.RBUF.........
    70E0: 00 00 00 00 10 00 00 89 06 00 0D 01 15 00 00 00  ................
    70F0: 79 00 14 3F 5F 43 52 53 00 08 44 42 55 46 11 11  y..?_CRS..DBUF..
    7100: 0A 0E 55 18 00 04 00 02 55 19 00 05 00 02 79 00  ..U.....U.....y.
    7110: A0 1A 92 93 5E 5E 2E 53 44 4D 41 5F 53 54 41 00  ....^^.SDMA_STA.
    7120: A4 84 52 42 55 46 44 42 55 46 00 A1 06 A4 52 42  ..RBUFDBUF....RB
    7130: 55 46 14 0B 5F 48 52 56 00 A4 43 52 49 44 8A 52  UF.._HRV..CRID.R
    7140: 42 55 46 0A 04 42 56 41 4C 14 29 5F 53 54 41 00  BUF..BVAL.)_STA.
    7150: A0 09 93 42 56 41 4C 00 A4 00 A0 0B 95 4F 53 59  ...BVAL......OSY
    7160: 53 0B DC 07 A4 00 A0 0A 93 53 30 49 44 01 A4 0A  S........S0ID...
    7170: 0F A4 00 14 45 08 5F 50 53 30 08 41 44 42 47 0D  ....E._PS0.ADBG.
    7180: 49 32 43 30 20 43 74 72 6C 72 20 44 30 00 A0 4E  I2C0 Ctrlr D0..N
    7190: 04 92 93 5E 5E 2E 53 49 52 43 43 4E 54 52 0A 02  ...^^.SIRCCNTR..
    71A0: 00 72 5E 5E 2E 53 49 52 43 43 4E 54 52 0A 02 0A  .r^^.SIRCCNTR...
    71B0: 84 60 5B 80 49 43 42 31 00 60 0A 04 5B 81 0B 49  .`[.ICB1.`..[..I
    71C0: 43 42 31 03 54 45 4D 50 20 7B 54 45 4D 50 0C FC  CB1.TEMP {TEMP..
    71D0: FF FF FF 54 45 4D 50 70 54 45 4D 50 60 A0 1B 5B  ...TEMPpTEMP`..[
    71E0: 12 5C 2F 04 5F 53 42 5F 50 43 49 30 49 32 43 30  .\/._SB_PCI0I2C0
    71F0: 50 53 30 58 00 50 53 30 58 14 42 08 5F 50 53 33  PS0X.PS0X.B._PS3
    7200: 08 41 44 42 47 0D 49 32 43 30 20 43 74 72 6C 72  .ADBG.I2C0 Ctrlr
    7210: 20 44 33 00 A0 4B 04 92 93 5E 5E 2E 53 49 52 43   D3..K...^^.SIRC
    7220: 43 4E 54 52 0A 02 00 72 5E 5E 2E 53 49 52 43 43  CNTR...r^^.SIRCC
    7230: 4E 54 52 0A 02 0A 84 60 5B 80 49 43 42 31 00 60  NTR....`[.ICB1.`
    7240: 0A 04 5B 81 0B 49 43 42 31 03 54 45 4D 50 20 7D  ..[..ICB1.TEMP }
    7250: 54 45 4D 50 0A 03 54 45 4D 50 70 54 45 4D 50 60  TEMP..TEMPpTEMP`
    7260: A0 1B 5B 12 5C 2F 04 5F 53 42 5F 50 43 49 30 49  ..[.\/._SB_PCI0I
    7270: 32 43 30 50 53 33 58 00 50 53 33 58 5B 82 49 33  2C0PS3X.PS3X[.I3
    7280: 49 32 43 31 08 5F 48 49 44 0D 49 4E 54 33 33 43  I2C1._HID.INT33C
    7290: 33 00 08 5F 43 49 44 0D 49 4E 54 33 33 43 33 00  3.._CID.INT33C3.
    72A0: 08 5F 55 49 44 0A 02 08 5F 41 44 52 0C 02 00 15  ._UID..._ADR....
    72B0: 00 14 41 05 5F 44 45 50 00 41 44 42 47 0D 49 32  ..A._DEP.ADBG.I2
    72C0: 43 31 20 44 45 50 20 43 61 6C 6C 00 A0 1D 93 53  C1 DEP Call....S
    72D0: 30 49 44 01 41 44 42 47 0D 49 32 43 31 20 44 45  0ID.ADBG.I2C1 DE
    72E0: 50 00 A4 12 06 01 50 45 50 44 A1 18 41 44 42 47  P.....PEPD..ADBG
    72F0: 0D 49 32 43 31 20 44 45 50 20 4E 55 4C 4C 00 A4  .I2C1 DEP NULL..
    7300: 12 02 00 14 41 04 53 53 43 4E 00 08 50 4B 47 5F  ....A.SSCN..PKG_
    7310: 12 0A 03 0B B0 01 0B FB 01 0A 09 70 53 53 48 31  ...........pSSH1
    7320: 88 50 4B 47 5F 00 00 70 53 53 4C 31 88 50 4B 47  .PKG_..pSSL1.PKG
    7330: 5F 01 00 70 53 53 44 31 88 50 4B 47 5F 0A 02 00  _..pSSD1.PKG_...
    7340: A4 50 4B 47 5F 14 3E 46 4D 43 4E 00 08 50 4B 47  .PKG_.>FMCN..PKG
    7350: 5F 12 08 03 0A 48 0A A0 0A 09 70 46 4D 48 31 88  _....H....pFMH1.
    7360: 50 4B 47 5F 00 00 70 46 4D 4C 31 88 50 4B 47 5F  PKG_..pFML1.PKG_
    7370: 01 00 70 46 4D 44 31 88 50 4B 47 5F 0A 02 00 A4  ..pFMD1.PKG_....
    7380: 50 4B 47 5F 14 3E 46 50 43 4E 00 08 50 4B 47 5F  PKG_.>FPCN..PKG_
    7390: 12 08 03 0A 1A 0A 32 0A 05 70 46 50 48 31 88 50  ......2..pFPH1.P
    73A0: 4B 47 5F 00 00 70 46 50 4C 31 88 50 4B 47 5F 01  KG_..pFPL1.PKG_.
    73B0: 00 70 46 50 44 31 88 50 4B 47 5F 0A 02 00 A4 50  .pFPD1.PKG_....P
    73C0: 4B 47 5F 14 21 4D 30 44 33 00 08 50 4B 47 5F 12  KG_.!M0D3..PKG_.
    73D0: 04 01 0A C8 70 4D 30 43 31 88 50 4B 47 5F 00 00  ....pM0C1.PKG_..
    73E0: A4 50 4B 47 5F 14 22 4D 31 44 33 00 08 50 4B 47  .PKG_."M1D3..PKG
    73F0: 5F 12 05 01 0B D0 07 70 4D 31 43 31 88 50 4B 47  _......pM1C1.PKG
    7400: 5F 00 00 A4 50 4B 47 5F 14 20 4D 30 44 30 00 08  _...PKG_. M0D0..
    7410: 50 4B 47 5F 12 03 01 00 70 4D 32 43 31 88 50 4B  PKG_....pM2C1.PK
    7420: 47 5F 00 00 A4 50 4B 47 5F 08 52 42 55 46 11 1A  G_...PKG_.RBUF..
    7430: 0A 17 86 09 00 01 00 00 00 00 00 10 00 00 89 06  ................
    7440: 00 0D 01 15 00 00 00 79 00 14 3F 5F 43 52 53 00  .......y..?_CRS.
    7450: 08 44 42 55 46 11 11 0A 0E 55 1A 00 06 00 02 55  .DBUF....U.....U
    7460: 1B 00 07 00 02 79 00 A0 1A 92 93 5E 5E 2E 53 44  .....y.....^^.SD
    7470: 4D 41 5F 53 54 41 00 A4 84 52 42 55 46 44 42 55  MA_STA...RBUFDBU
    7480: 46 00 A1 06 A4 52 42 55 46 14 0B 5F 48 52 56 00  F....RBUF.._HRV.
    7490: A4 43 52 49 44 8A 52 42 55 46 0A 04 42 56 41 4C  .CRID.RBUF..BVAL
    74A0: 14 29 5F 53 54 41 00 A0 09 93 42 56 41 4C 00 A4  .)_STA....BVAL..
    74B0: 00 A0 0B 95 4F 53 59 53 0B DC 07 A4 00 A0 0A 93  ....OSYS........
    74C0: 53 30 49 44 01 A4 0A 0F A4 00 14 45 08 5F 50 53  S0ID.......E._PS
    74D0: 30 08 41 44 42 47 0D 49 32 43 31 20 43 74 72 6C  0.ADBG.I2C1 Ctrl
    74E0: 72 20 44 30 00 A0 4A 06 92 93 5E 5E 2E 53 49 52  r D0..J...^^.SIR
    74F0: 43 43 4E 54 52 0A 03 00 A0 1B 5B 12 5C 2F 04 5F  CCNTR.....[.\/._
    7500: 53 42 5F 50 43 49 30 49 32 43 31 50 53 30 58 00  SB_PCI0I2C1PS0X.
    7510: 50 53 30 58 72 5E 5E 2E 53 49 52 43 43 4E 54 52  PS0Xr^^.SIRCCNTR
    7520: 0A 03 0A 84 60 5B 80 49 43 42 31 00 60 0A 04 5B  ....`[.ICB1.`..[
    7530: 81 0B 49 43 42 31 03 54 45 4D 50 20 7B 54 45 4D  ..ICB1.TEMP {TEM
    7540: 50 0C FC FF FF FF 54 45 4D 50 70 54 45 4D 50 60  P.....TEMPpTEMP`
    7550: 14 46 06 5F 50 53 33 08 41 44 42 47 0D 49 32 43  .F._PS3.ADBG.I2C
    7560: 31 20 43 74 72 6C 72 20 44 33 00 A0 4B 04 92 93  1 Ctrlr D3..K...
    7570: 5E 5E 2E 53 49 52 43 43 4E 54 52 0A 03 00 72 5E  ^^.SIRCCNTR...r^
    7580: 5E 2E 53 49 52 43 43 4E 54 52 0A 03 0A 84 60 5B  ^.SIRCCNTR....`[
    7590: 80 49 43 42 31 00 60 0A 04 5B 81 0B 49 43 42 31  .ICB1.`..[..ICB1
    75A0: 03 54 45 4D 50 20 7D 54 45 4D 50 0A 03 54 45 4D  .TEMP }TEMP..TEM
    75B0: 50 70 54 45 4D 50 60 5B 82 45 1B 53 50 49 30 08  PpTEMP`[.E.SPI0.
    75C0: 5F 48 49 44 0D 49 4E 54 33 33 43 30 00 08 5F 43  _HID.INT33C0.._C
    75D0: 49 44 0D 49 4E 54 33 33 43 30 00 08 5F 55 49 44  ID.INT33C0.._UID
    75E0: 01 08 5F 41 44 52 0C 03 00 15 00 14 21 4D 30 44  .._ADR......!M0D
    75F0: 33 00 08 50 4B 47 5F 12 04 01 0A C8 70 4D 30 43  3..PKG_.....pM0C
    7600: 32 88 50 4B 47 5F 00 00 A4 50 4B 47 5F 14 22 4D  2.PKG_...PKG_."M
    7610: 31 44 33 00 08 50 4B 47 5F 12 05 01 0B D0 07 70  1D3..PKG_......p
    7620: 4D 31 43 32 88 50 4B 47 5F 00 00 A4 50 4B 47 5F  M1C2.PKG_...PKG_
    7630: 08 52 42 55 46 11 1A 0A 17 86 09 00 01 00 00 00  .RBUF...........
    7640: 00 00 10 00 00 89 06 00 0D 01 15 00 00 00 79 00  ..............y.
    7650: 14 0B 5F 43 52 53 00 A4 52 42 55 46 14 0B 5F 48  .._CRS..RBUF.._H
    7660: 52 56 00 A4 43 52 49 44 8A 52 42 55 46 0A 04 42  RV..CRID.RBUF..B
    7670: 56 41 4C 14 29 5F 53 54 41 00 A0 09 93 42 56 41  VAL.)_STA....BVA
    7680: 4C 00 A4 00 A0 0B 95 4F 53 59 53 0B DC 07 A4 00  L......OSYS.....
    7690: A0 0A 93 53 30 49 44 01 A4 0A 0F A4 00 14 49 06  ...S0ID.......I.
    76A0: 5F 50 53 30 08 41 44 42 47 0D 53 50 49 30 20 43  _PS0.ADBG.SPI0 C
    76B0: 74 72 6C 72 20 44 30 00 A0 4E 04 92 93 5E 5E 2E  trlr D0..N...^^.
    76C0: 53 49 52 43 43 4E 54 52 0A 04 00 72 5E 5E 2E 53  SIRCCNTR...r^^.S
    76D0: 49 52 43 43 4E 54 52 0A 04 0A 84 60 5B 80 49 43  IRCCNTR....`[.IC
    76E0: 42 31 00 60 0A 04 5B 81 0B 49 43 42 31 03 54 45  B1.`..[..ICB1.TE
    76F0: 4D 50 20 7B 54 45 4D 50 0C FC FF FF FF 54 45 4D  MP {TEMP.....TEM
    7700: 50 70 54 45 4D 50 60 14 46 06 5F 50 53 33 08 41  PpTEMP`.F._PS3.A
    7710: 44 42 47 0D 53 50 49 30 20 43 74 72 6C 72 20 44  DBG.SPI0 Ctrlr D
    7720: 33 00 A0 4B 04 92 93 5E 5E 2E 53 49 52 43 43 4E  3..K...^^.SIRCCN
    7730: 54 52 0A 04 00 72 5E 5E 2E 53 49 52 43 43 4E 54  TR...r^^.SIRCCNT
    7740: 52 0A 04 0A 84 60 5B 80 49 43 42 31 00 60 0A 04  R....`[.ICB1.`..
    7750: 5B 81 0B 49 43 42 31 03 54 45 4D 50 20 7D 54 45  [..ICB1.TEMP }TE
    7760: 4D 50 0A 03 54 45 4D 50 70 54 45 4D 50 60 5B 82  MP..TEMPpTEMP`[.
    7770: 4A 1E 53 50 49 31 08 5F 48 49 44 0D 49 4E 54 33  J.SPI1._HID.INT3
    7780: 33 43 31 00 08 5F 43 49 44 0D 49 4E 54 33 33 43  3C1.._CID.INT33C
    7790: 31 00 08 5F 55 49 44 0A 02 08 5F 41 44 52 0C 04  1.._UID..._ADR..
    77A0: 00 15 00 14 21 4D 30 44 33 00 08 50 4B 47 5F 12  ....!M0D3..PKG_.
    77B0: 04 01 0A C8 70 4D 30 43 33 88 50 4B 47 5F 00 00  ....pM0C3.PKG_..
    77C0: A4 50 4B 47 5F 14 22 4D 31 44 33 00 08 50 4B 47  .PKG_."M1D3..PKG
    77D0: 5F 12 05 01 0B D0 07 70 4D 31 43 33 88 50 4B 47  _......pM1C3.PKG
    77E0: 5F 00 00 A4 50 4B 47 5F 08 52 42 55 46 11 1A 0A  _...PKG_.RBUF...
    77F0: 17 86 09 00 01 00 00 00 00 00 10 00 00 89 06 00  ................
    7800: 0D 01 15 00 00 00 79 00 14 3F 5F 43 52 53 00 08  ......y..?_CRS..
    7810: 44 42 55 46 11 11 0A 0E 55 10 00 00 00 02 55 11  DBUF....U.....U.
    7820: 00 01 00 02 79 00 A0 1A 92 93 5E 5E 2E 53 44 4D  ....y.....^^.SDM
    7830: 41 5F 53 54 41 00 A4 84 52 42 55 46 44 42 55 46  A_STA...RBUFDBUF
    7840: 00 A1 06 A4 52 42 55 46 14 0B 5F 48 52 56 00 A4  ....RBUF.._HRV..
    7850: 43 52 49 44 8A 52 42 55 46 0A 04 42 56 41 4C 14  CRID.RBUF..BVAL.
    7860: 29 5F 53 54 41 00 A0 09 93 42 56 41 4C 00 A4 00  )_STA....BVAL...
    7870: A0 0B 95 4F 53 59 53 0B DC 07 A4 00 A0 0A 93 53  ...OSYS........S
    7880: 30 49 44 01 A4 0A 0F A4 00 14 49 06 5F 50 53 30  0ID.......I._PS0
    7890: 08 41 44 42 47 0D 53 50 49 31 20 43 74 72 6C 72  .ADBG.SPI1 Ctrlr
    78A0: 20 44 30 00 A0 4E 04 92 93 5E 5E 2E 53 49 52 43   D0..N...^^.SIRC
    78B0: 43 4E 54 52 0A 05 00 72 5E 5E 2E 53 49 52 43 43  CNTR...r^^.SIRCC
    78C0: 4E 54 52 0A 05 0A 84 60 5B 80 49 43 42 31 00 60  NTR....`[.ICB1.`
    78D0: 0A 04 5B 81 0B 49 43 42 31 03 54 45 4D 50 20 7B  ..[..ICB1.TEMP {
    78E0: 54 45 4D 50 0C FC FF FF FF 54 45 4D 50 70 54 45  TEMP.....TEMPpTE
    78F0: 4D 50 60 14 46 06 5F 50 53 33 08 41 44 42 47 0D  MP`.F._PS3.ADBG.
    7900: 53 50 49 31 20 43 74 72 6C 72 20 44 33 00 A0 4B  SPI1 Ctrlr D3..K
    7910: 04 92 93 5E 5E 2E 53 49 52 43 43 4E 54 52 0A 05  ...^^.SIRCCNTR..
    7920: 00 72 5E 5E 2E 53 49 52 43 43 4E 54 52 0A 05 0A  .r^^.SIRCCNTR...
    7930: 84 60 5B 80 49 43 42 31 00 60 0A 04 5B 81 0B 49  .`[.ICB1.`..[..I
    7940: 43 42 31 03 54 45 4D 50 20 7D 54 45 4D 50 0A 03  CB1.TEMP }TEMP..
    7950: 54 45 4D 50 70 54 45 4D 50 60 5B 82 46 20 55 41  TEMPpTEMP`[.F UA
    7960: 30 30 08 5F 48 49 44 0D 49 4E 54 33 33 43 34 00  00._HID.INT33C4.
    7970: 08 5F 43 49 44 0D 49 4E 54 33 33 43 34 00 08 5F  ._CID.INT33C4.._
    7980: 55 49 44 01 08 5F 41 44 52 0C 05 00 15 00 14 41  UID.._ADR......A
    7990: 05 5F 44 45 50 00 41 44 42 47 0D 55 41 30 30 20  ._DEP.ADBG.UA00 
    79A0: 44 45 50 20 43 61 6C 6C 00 A0 1D 93 53 30 49 44  DEP Call....S0ID
    79B0: 01 41 44 42 47 0D 55 41 30 30 20 44 45 50 00 A4  .ADBG.UA00 DEP..
    79C0: 12 06 01 50 45 50 44 A1 18 41 44 42 47 0D 55 41  ...PEPD..ADBG.UA
    79D0: 30 30 20 44 45 50 20 4E 55 4C 4C 00 A4 12 02 00  00 DEP NULL.....
    79E0: 14 21 4D 30 44 33 00 08 50 4B 47 5F 12 04 01 0A  .!M0D3..PKG_....
    79F0: C8 70 4D 30 43 34 88 50 4B 47 5F 00 00 A4 50 4B  .pM0C4.PKG_...PK
    7A00: 47 5F 14 21 4D 31 44 33 00 08 50 4B 47 5F 12 04  G_.!M1D3..PKG_..
    7A10: 01 0A C8 70 4D 31 43 34 88 50 4B 47 5F 00 00 A4  ...pM1C4.PKG_...
    7A20: 50 4B 47 5F 08 52 42 55 46 11 1A 0A 17 86 09 00  PKG_.RBUF.......
    7A30: 01 00 00 00 00 00 10 00 00 89 06 00 0D 01 15 00  ................
    7A40: 00 00 79 00 14 0B 5F 43 52 53 00 A4 52 42 55 46  ..y..._CRS..RBUF
    7A50: 14 0B 5F 48 52 56 00 A4 43 52 49 44 8A 52 42 55  .._HRV..CRID.RBU
    7A60: 46 0A 04 42 56 41 4C 14 29 5F 53 54 41 00 A0 09  F..BVAL.)_STA...
    7A70: 93 42 56 41 4C 00 A4 00 A0 0B 95 4F 53 59 53 0B  .BVAL......OSYS.
    7A80: DC 07 A4 00 A0 0A 93 53 30 49 44 01 A4 0A 0F A4  .......S0ID.....
    7A90: 00 14 49 06 5F 50 53 30 08 41 44 42 47 0D 55 41  ..I._PS0.ADBG.UA
    7AA0: 52 30 20 43 74 72 6C 72 20 44 30 00 A0 4E 04 92  R0 Ctrlr D0..N..
    7AB0: 93 5E 5E 2E 53 49 52 43 43 4E 54 52 0A 06 00 72  .^^.SIRCCNTR...r
    7AC0: 5E 5E 2E 53 49 52 43 43 4E 54 52 0A 06 0A 84 60  ^^.SIRCCNTR....`
    7AD0: 5B 80 49 43 42 31 00 60 0A 04 5B 81 0B 49 43 42  [.ICB1.`..[..ICB
    7AE0: 31 03 54 45 4D 50 20 7B 54 45 4D 50 0C FC FF FF  1.TEMP {TEMP....
    7AF0: FF 54 45 4D 50 70 54 45 4D 50 60 14 46 06 5F 50  .TEMPpTEMP`.F._P
    7B00: 53 33 08 41 44 42 47 0D 55 41 52 30 20 43 74 72  S3.ADBG.UAR0 Ctr
    7B10: 6C 72 20 44 33 00 A0 4B 04 92 93 5E 5E 2E 53 49  lr D3..K...^^.SI
    7B20: 52 43 43 4E 54 52 0A 06 00 72 5E 5E 2E 53 49 52  RCCNTR...r^^.SIR
    7B30: 43 43 4E 54 52 0A 06 0A 84 60 5B 80 49 43 42 31  CCNTR....`[.ICB1
    7B40: 00 60 0A 04 5B 81 0B 49 43 42 31 03 54 45 4D 50  .`..[..ICB1.TEMP
    7B50: 20 7D 54 45 4D 50 0A 03 54 45 4D 50 70 54 45 4D   }TEMP..TEMPpTEM
    7B60: 50 60 5B 82 4B 23 55 41 30 31 08 5F 48 49 44 0D  P`[.K#UA01._HID.
    7B70: 49 4E 54 33 33 43 35 00 08 5F 43 49 44 0D 49 4E  INT33C5.._CID.IN
    7B80: 54 33 33 43 35 00 08 5F 55 49 44 0A 02 08 5F 41  T33C5.._UID..._A
    7B90: 44 52 0C 06 00 15 00 14 41 05 5F 44 45 50 00 41  DR......A._DEP.A
    7BA0: 44 42 47 0D 55 41 30 31 20 44 45 50 20 43 61 6C  DBG.UA01 DEP Cal
    7BB0: 6C 00 A0 1D 93 53 30 49 44 01 41 44 42 47 0D 55  l....S0ID.ADBG.U
    7BC0: 41 30 31 20 44 45 50 00 A4 12 06 01 50 45 50 44  A01 DEP.....PEPD
    7BD0: A1 18 41 44 42 47 0D 55 41 30 31 20 44 45 50 20  ..ADBG.UA01 DEP 
    7BE0: 4E 55 4C 4C 00 A4 12 02 00 14 21 4D 30 44 33 00  NULL......!M0D3.
    7BF0: 08 50 4B 47 5F 12 04 01 0A C8 70 4D 30 43 35 88  .PKG_.....pM0C5.
    7C00: 50 4B 47 5F 00 00 A4 50 4B 47 5F 14 21 4D 31 44  PKG_...PKG_.!M1D
    7C10: 33 00 08 50 4B 47 5F 12 04 01 0A C8 70 4D 31 43  3..PKG_.....pM1C
    7C20: 35 88 50 4B 47 5F 00 00 A4 50 4B 47 5F 08 52 42  5.PKG_...PKG_.RB
    7C30: 55 46 11 1A 0A 17 86 09 00 01 00 00 00 00 00 10  UF..............
    7C40: 00 00 89 06 00 0D 01 15 00 00 00 79 00 14 3F 5F  ...........y..?_
    7C50: 43 52 53 00 08 44 42 55 46 11 11 0A 0E 55 16 00  CRS..DBUF....U..
    7C60: 02 00 02 55 17 00 03 00 02 79 00 A0 1A 92 93 5E  ...U.....y.....^
    7C70: 5E 2E 53 44 4D 41 5F 53 54 41 00 A4 84 52 42 55  ^.SDMA_STA...RBU
    7C80: 46 44 42 55 46 00 A1 06 A4 52 42 55 46 14 0B 5F  FDBUF....RBUF.._
    7C90: 48 52 56 00 A4 43 52 49 44 8A 52 42 55 46 0A 04  HRV..CRID.RBUF..
    7CA0: 42 56 41 4C 14 29 5F 53 54 41 00 A0 09 93 42 56  BVAL.)_STA....BV
    7CB0: 41 4C 00 A4 00 A0 0B 95 4F 53 59 53 0B DC 07 A4  AL......OSYS....
    7CC0: 00 A0 0A 93 53 30 49 44 01 A4 0A 0F A4 00 14 49  ....S0ID.......I
    7CD0: 06 5F 50 53 30 08 41 44 42 47 0D 55 41 52 31 20  ._PS0.ADBG.UAR1 
    7CE0: 43 74 72 6C 72 20 44 30 00 A0 4E 04 92 93 5E 5E  Ctrlr D0..N...^^
    7CF0: 2E 53 49 52 43 43 4E 54 52 0A 07 00 72 5E 5E 2E  .SIRCCNTR...r^^.
    7D00: 53 49 52 43 43 4E 54 52 0A 07 0A 84 60 5B 80 49  SIRCCNTR....`[.I
    7D10: 43 42 31 00 60 0A 04 5B 81 0B 49 43 42 31 03 54  CB1.`..[..ICB1.T
    7D20: 45 4D 50 20 7B 54 45 4D 50 0C FC FF FF FF 54 45  EMP {TEMP.....TE
    7D30: 4D 50 70 54 45 4D 50 60 14 46 06 5F 50 53 33 08  MPpTEMP`.F._PS3.
    7D40: 41 44 42 47 0D 55 41 52 31 20 43 74 72 6C 72 20  ADBG.UAR1 Ctrlr 
    7D50: 44 33 00 A0 4B 04 92 93 5E 5E 2E 53 49 52 43 43  D3..K...^^.SIRCC
    7D60: 4E 54 52 0A 07 00 72 5E 5E 2E 53 49 52 43 43 4E  NTR...r^^.SIRCCN
    7D70: 54 52 0A 07 0A 84 60 5B 80 49 43 42 31 00 60 0A  TR....`[.ICB1.`.
    7D80: 04 5B 81 0B 49 43 42 31 03 54 45 4D 50 20 7D 54  .[..ICB1.TEMP }T
    7D90: 45 4D 50 0A 03 54 45 4D 50 70 54 45 4D 50 60 5B  EMP..TEMPpTEMP`[
    7DA0: 82 42 1D 53 44 48 43 08 5F 48 49 44 0D 49 4E 54  .B.SDHC._HID.INT
    7DB0: 33 33 43 36 00 08 5F 43 49 44 0D 50 4E 50 30 44  33C6.._CID.PNP0D
    7DC0: 34 30 00 08 5F 55 49 44 01 08 5F 41 44 52 0C 00  40.._UID.._ADR..
    7DD0: 00 17 00 14 41 05 5F 44 45 50 00 41 44 42 47 0D  ....A._DEP.ADBG.
    7DE0: 53 44 48 43 20 44 45 50 20 43 61 6C 6C 00 A0 1D  SDHC DEP Call...
    7DF0: 93 53 30 49 44 01 41 44 42 47 0D 53 44 48 43 20  .S0ID.ADBG.SDHC 
    7E00: 44 45 50 00 A4 12 06 01 50 45 50 44 A1 18 41 44  DEP.....PEPD..AD
    7E10: 42 47 0D 53 44 48 43 20 44 45 50 20 4E 55 4C 4C  BG.SDHC DEP NULL
    7E20: 00 A4 12 02 00 08 52 42 55 46 11 1A 0A 17 86 09  ......RBUF......
    7E30: 00 01 00 00 00 00 00 10 00 00 89 06 00 0D 01 16  ................
    7E40: 00 00 00 79 00 14 0B 5F 43 52 53 00 A4 52 42 55  ...y..._CRS..RBU
    7E50: 46 8A 52 42 55 46 0A 04 42 56 41 4C 14 29 5F 53  F.RBUF..BVAL.)_S
    7E60: 54 41 00 A0 09 93 42 56 41 4C 00 A4 00 A0 0B 95  TA....BVAL......
    7E70: 4F 53 59 53 0B DC 07 A4 00 A0 0A 93 53 30 49 44  OSYS........S0ID
    7E80: 01 A4 0A 0F A4 00 14 45 08 5F 50 53 30 08 41 44  .......E._PS0.AD
    7E90: 42 47 0D 53 44 48 43 20 43 74 72 6C 72 20 44 30  BG.SDHC Ctrlr D0
    7EA0: 00 A0 4E 04 92 93 5E 5E 2E 53 49 52 43 43 4E 54  ..N...^^.SIRCCNT
    7EB0: 52 0A 08 00 72 5E 5E 2E 53 49 52 43 43 4E 54 52  R...r^^.SIRCCNTR
    7EC0: 0A 08 0A 84 60 5B 80 49 43 42 31 00 60 0A 04 5B  ....`[.ICB1.`..[
    7ED0: 81 0B 49 43 42 31 03 54 45 4D 50 20 7B 54 45 4D  ..ICB1.TEMP {TEM
    7EE0: 50 0C FC FF FF FF 54 45 4D 50 70 54 45 4D 50 60  P.....TEMPpTEMP`
    7EF0: A0 1B 5B 12 5C 2F 04 5F 53 42 5F 50 43 49 30 53  ..[.\/._SB_PCI0S
    7F00: 44 48 43 50 53 30 58 00 50 53 30 58 14 46 06 5F  DHCPS0X.PS0X.F._
    7F10: 50 53 33 08 41 44 42 47 0D 53 44 48 43 20 43 74  PS3.ADBG.SDHC Ct
    7F20: 72 6C 72 20 44 33 00 A0 4B 04 92 93 5E 5E 2E 53  rlr D3..K...^^.S
    7F30: 49 52 43 43 4E 54 52 0A 08 00 72 5E 5E 2E 53 49  IRCCNTR...r^^.SI
    7F40: 52 43 43 4E 54 52 0A 08 0A 84 60 5B 80 49 43 42  RCCNTR....`[.ICB
    7F50: 31 00 60 0A 04 5B 81 0B 49 43 42 31 03 54 45 4D  1.`..[..ICB1.TEM
    7F60: 50 20 7D 54 45 4D 50 0A 03 54 45 4D 50 70 54 45  P }TEMP..TEMPpTE
    7F70: 4D 50 60 10 0B 5C 2E 5F 53 42 5F 50 43 49 30 10  MP`..\._SB_PCI0.
    7F80: 42 4F 49 32 43 30 5B 82 4D 10 41 43 44 30 08 5F  BOI2C0[.M.ACD0._
    7F90: 41 44 52 0A 1C 08 5F 48 49 44 0D 49 4E 54 33 33  ADR..._HID.INT33
    7FA0: 43 41 00 08 5F 43 49 44 0D 49 4E 54 33 33 43 41  CA.._CID.INT33CA
    7FB0: 00 08 5F 44 44 4E 0D 49 6E 74 65 6C 28 52 29 20  .._DDN.Intel(R) 
    7FC0: 53 6D 61 72 74 20 53 6F 75 6E 64 20 54 65 63 68  Smart Sound Tech
    7FD0: 6E 6F 6C 6F 67 79 20 41 75 64 69 6F 20 43 6F 64  nology Audio Cod
    7FE0: 65 63 20 2D 20 49 4E 54 33 33 43 41 00 08 5F 55  ec - INT33CA.._U
    7FF0: 49 44 01 08 4D 43 4C 4B 00 08 53 43 4C 4B 0A 09  ID..MCLK..SCLK..
    8000: 08 53 53 50 4D 00 08 52 42 55 46 11 2F 0A 2C 8E  .SSPM..RBUF./.,.
    8010: 1E 00 01 00 01 02 00 00 01 06 00 80 1A 06 00 1C  ................
    8020: 00 5C 5F 53 42 2E 50 43 49 30 2E 49 32 43 30 00  .\_SB.PCI0.I2C0.
    8030: 89 06 00 15 01 25 00 00 00 79 00 08 45 4F 44 5F  .....%...y..EOD_
    8040: 01 14 0B 5F 43 52 53 00 A4 52 42 55 46 14 0C 5F  ..._CRS..RBUF.._
    8050: 53 52 53 09 70 01 45 4F 44 5F 14 2D 5F 53 54 41  SRS.p.EOD_.-_STA
    8060: 00 A0 12 91 92 93 43 4F 44 53 00 92 93 41 44 53  ......CODS...ADS
    8070: 44 00 A4 00 A0 0E 7B 45 4F 44 5F 01 45 4F 44 5F  D.....{EOD_.EOD_
    8080: A4 0A 0F A1 04 A4 0A 0D 14 0C 5F 44 49 53 00 70  .........._DIS.p
    8090: 00 45 4F 44 5F 5B 82 4D 0F 41 43 44 31 08 5F 41  .EOD_[.M.ACD1._A
    80A0: 44 52 0A 4A 08 5F 48 49 44 0D 49 4E 54 33 33 43  DR.J._HID.INT33C
    80B0: 39 00 08 5F 43 49 44 0D 49 4E 54 33 33 43 39 00  9.._CID.INT33C9.
    80C0: 08 5F 44 44 4E 0D 49 6E 74 65 6C 28 52 29 20 53  ._DDN.Intel(R) S
    80D0: 6D 61 72 74 20 53 6F 75 6E 64 20 54 65 63 68 6E  mart Sound Techn
    80E0: 6F 6C 6F 67 79 20 41 75 64 69 6F 20 43 6F 64 65  ology Audio Code
    80F0: 63 20 2D 20 49 4E 54 33 33 43 39 00 08 5F 55 49  c - INT33C9.._UI
    8100: 44 01 08 4D 43 4C 4B 0A 06 08 53 43 4C 4B 00 08  D..MCLK...SCLK..
    8110: 53 53 50 4D 01 08 52 42 55 46 11 26 0A 23 8E 1E  SSPM..RBUF.&.#..
    8120: 00 01 00 01 02 00 00 01 06 00 80 1A 06 00 4A 00  ..............J.
    8130: 5C 5F 53 42 2E 50 43 49 30 2E 49 32 43 30 00 79  \_SB.PCI0.I2C0.y
    8140: 00 08 45 4F 44 5F 01 14 11 5F 43 52 53 00 70 01  ..EOD_..._CRS.p.
    8150: 45 4F 44 5F A4 52 42 55 46 14 2D 5F 53 54 41 00  EOD_.RBUF.-_STA.
    8160: A0 12 91 92 93 43 4F 44 53 01 92 93 41 44 53 44  .....CODS...ADSD
    8170: 00 A4 00 A0 0E 7B 45 4F 44 5F 01 45 4F 44 5F A4  .....{EOD_.EOD_.
    8180: 0A 0F A1 04 A4 0A 0D 14 0C 5F 44 49 53 00 70 00  ........._DIS.p.
    8190: 45 4F 44 5F 5B 82 49 16 41 43 44 32 08 5F 41 44  EOD_[.I.ACD2._AD
    81A0: 52 0A 69 08 5F 48 49 44 0D 49 4E 54 33 33 43 42  R.i._HID.INT33CB
    81B0: 00 08 5F 43 49 44 0D 49 4E 54 33 33 43 42 00 08  .._CID.INT33CB..
    81C0: 5F 44 44 4E 0D 49 6E 74 65 6C 28 52 29 20 53 6D  _DDN.Intel(R) Sm
    81D0: 61 72 74 20 53 6F 75 6E 64 20 54 65 63 68 6E 6F  art Sound Techno
    81E0: 6C 6F 67 79 20 41 75 64 69 6F 20 43 6F 64 65 63  logy Audio Codec
    81F0: 20 2D 20 49 4E 54 33 33 43 42 00 08 5F 55 49 44   - INT33CB.._UID
    8200: 01 08 4D 43 4C 4B 0A 18 08 53 43 4C 4B 0A 09 08  ..MCLK...SCLK...
    8210: 53 53 50 4D 00 08 52 42 55 46 11 49 08 0A 85 8E  SSPM..RBUF.I....
    8220: 1E 00 01 00 01 02 00 00 01 06 00 80 1A 06 00 69  ...............i
    8230: 00 5C 5F 53 42 2E 50 43 49 30 2E 49 32 43 30 00  .\_SB.PCI0.I2C0.
    8240: 8C 25 00 01 01 01 00 01 00 00 00 00 00 00 17 00  .%..............
    8250: 00 19 00 28 00 00 00 33 00 5C 5F 53 42 2E 50 43  ...(...3.\_SB.PC
    8260: 49 30 2E 47 50 49 30 00 8C 25 00 01 01 01 00 01  I0.GPI0..%......
    8270: 00 00 00 00 00 00 17 00 00 19 00 28 00 00 00 35  ...........(...5
    8280: 00 5C 5F 53 42 2E 50 43 49 30 2E 47 50 49 30 00  .\_SB.PCI0.GPI0.
    8290: 89 06 00 13 01 23 00 00 00 89 06 00 13 01 25 00  .....#........%.
    82A0: 00 00 79 00 08 45 4F 44 5F 01 14 0B 5F 43 52 53  ..y..EOD_..._CRS
    82B0: 00 A4 52 42 55 46 14 0C 5F 53 52 53 09 70 01 45  ..RBUF.._SRS.p.E
    82C0: 4F 44 5F 14 2E 5F 53 54 41 00 A0 13 91 92 93 43  OD_.._STA......C
    82D0: 4F 44 53 0A 02 92 93 41 44 53 44 00 A4 00 A0 0E  ODS....ADSD.....
    82E0: 7B 45 4F 44 5F 01 45 4F 44 5F A4 0A 0F A1 04 A4  {EOD_.EOD_......
    82F0: 0A 0D 14 0C 5F 44 49 53 00 70 00 45 4F 44 5F 5B  ...._DIS.p.EOD_[
    8300: 82 21 53 48 55 42 08 5F 48 49 44 0D 49 4E 54 33  .!SHUB._HID.INT3
    8310: 33 44 31 00 08 5F 43 49 44 0D 50 4E 50 30 43 35  3D1.._CID.PNP0C5
    8320: 30 00 5B 82 13 44 46 55 44 08 5F 48 49 44 0D 49  0.[..DFUD._HID.I
    8330: 4E 54 33 33 44 37 00 5B 82 49 13 54 50 44 34 08  NT33D7.[.I.TPD4.
    8340: 5F 41 44 52 00 08 5F 48 49 44 0D 4D 53 46 54 31  _ADR.._HID.MSFT1
    8350: 31 31 31 00 08 5F 43 49 44 0D 50 4E 50 30 43 35  111.._CID.PNP0C5
    8360: 30 00 08 5F 55 49 44 01 14 3B 5F 44 53 4D 04 A0  0.._UID..;_DSM..
    8370: 2D 93 68 11 13 0A 10 F7 F6 DF 3C 67 42 55 45 AD  -.h.......<gBUE.
    8380: 05 B3 0A 3D 89 38 DE A0 0E 93 6A 00 A0 09 93 69  ...=.8....j....i
    8390: 01 A4 11 03 01 03 A0 06 93 6A 01 A4 01 A1 06 A4  .........j......
    83A0: 11 03 01 00 14 1A 5F 53 54 41 00 A0 0F 93 7B 53  ......_STA....{S
    83B0: 44 53 30 0A 04 00 0A 04 A4 0A 0F A1 03 A4 00 14  DS0.............
    83C0: 41 04 5F 43 52 53 00 08 53 42 46 49 11 2F 0A 2C  A._CRS..SBFI./.,
    83D0: 8E 1E 00 01 00 01 02 00 00 01 06 00 80 1A 06 00  ................
    83E0: 60 00 5C 5F 53 42 2E 50 43 49 30 2E 49 32 43 30  `.\_SB.PCI0.I2C0
    83F0: 00 89 06 00 05 01 1C 00 00 00 79 00 A4 53 42 46  ..........y..SBF
    8400: 49 14 0E 5F 50 52 57 00 A4 12 06 02 0A 0E 0A 04  I.._PRW.........
    8410: 14 09 5F 53 33 57 00 A4 0A 03 14 09 5F 53 34 57  .._S3W......_S4W
    8420: 00 A4 0A 03 14 26 5F 50 53 30 08 41 44 42 47 0D  .....&_PS0.ADBG.
    8430: 54 50 44 34 20 43 74 72 6C 72 20 44 30 00 57 54  TPD4 Ctrlr D0.WT
    8440: 49 4E 0A 0E 00 70 01 47 4F 31 34 14 26 5F 50 53  IN...p.GO14.&_PS
    8450: 33 08 41 44 42 47 0D 54 50 44 34 20 43 74 72 6C  3.ADBG.TPD4 Ctrl
    8460: 72 20 44 33 00 57 54 49 4E 0A 0E 01 70 00 47 4F  r D3.WTIN...p.GO
    8470: 31 34 10 41 B9 49 32 43 31 5B 82 45 0D 54 50 4C  14.A.I2C1[.E.TPL
    8480: 30 08 5F 41 44 52 00 08 5F 48 49 44 0D 41 54 4D  0._ADR.._HID.ATM
    8490: 4C 31 30 30 30 00 08 5F 43 49 44 0D 50 4E 50 30  L1000.._CID.PNP0
    84A0: 43 35 30 00 08 5F 55 49 44 01 08 5F 53 30 57 0A  C50.._UID.._S0W.
    84B0: 04 14 43 04 5F 44 53 4D 04 A0 34 93 68 11 13 0A  ..C._DSM..4.h...
    84C0: 10 F7 F6 DF 3C 67 42 55 45 AD 05 B3 0A 3D 89 38  ....<gBUE....=.8
    84D0: DE A0 15 93 6A 00 A0 09 93 69 01 A4 11 03 01 03  ....j....i......
    84E0: A1 06 A4 11 03 01 00 A0 06 93 6A 01 A4 00 A1 06  ..........j.....
    84F0: A4 11 03 01 00 14 18 5F 53 54 41 00 A0 0D 93 7B  ......._STA....{
    8500: 53 44 53 31 01 00 01 A4 0A 0F A1 03 A4 00 14 41  SDS1...........A
    8510: 04 5F 43 52 53 00 08 53 42 46 49 11 2F 0A 2C 8E  ._CRS..SBFI./.,.
    8520: 1E 00 01 00 01 02 00 00 01 06 00 80 1A 06 00 4C  ...............L
    8530: 00 5C 5F 53 42 2E 50 43 49 30 2E 49 32 43 31 00  .\_SB.PCI0.I2C1.
    8540: 89 06 00 05 01 22 00 00 00 79 00 A4 53 42 46 49  ....."...y..SBFI
    8550: 5B 82 4A 0A 54 50 46 55 08 5F 41 44 52 00 08 5F  [.J.TPFU._ADR.._
    8560: 48 49 44 0D 41 54 4D 4C 32 30 30 30 00 08 5F 43  HID.ATML2000.._C
    8570: 49 44 0D 50 4E 50 30 43 30 32 00 08 5F 55 49 44  ID.PNP0C02.._UID
    8580: 0A 0A 14 1E 5F 53 54 41 00 A0 13 90 7B 53 44 53  ...._STA....{SDS
    8590: 31 01 00 7B 41 50 46 55 01 00 A4 0A 0F A1 03 A4  1..{APFU........
    85A0: 00 14 4A 05 5F 43 52 53 00 08 53 42 46 49 11 48  ..J._CRS..SBFI.H
    85B0: 04 0A 44 8E 1E 00 01 00 01 02 00 00 01 06 00 80  ..D.............
    85C0: 1A 06 00 26 00 5C 5F 53 42 2E 50 43 49 30 2E 49  ...&.\_SB.PCI0.I
    85D0: 32 43 31 00 8E 1E 00 01 00 01 02 00 00 01 06 00  2C1.............
    85E0: 80 1A 06 00 27 00 5C 5F 53 42 2E 50 43 49 30 2E  ....'.\_SB.PCI0.
    85F0: 49 32 43 31 00 79 00 A4 53 42 46 49 5B 82 41 0D  I2C1.y..SBFI[.A.
    8600: 54 50 4C 31 08 5F 48 49 44 0D 45 4C 41 4E 31 30  TPL1._HID.ELAN10
    8610: 30 31 00 08 5F 43 49 44 0D 50 4E 50 30 43 35 30  01.._CID.PNP0C50
    8620: 00 08 5F 55 49 44 01 08 5F 53 30 57 0A 04 14 43  .._UID.._S0W...C
    8630: 04 5F 44 53 4D 04 A0 34 93 68 11 13 0A 10 F7 F6  ._DSM..4.h......
    8640: DF 3C 67 42 55 45 AD 05 B3 0A 3D 89 38 DE A0 15  .<gBUE....=.8...
    8650: 93 6A 00 A0 09 93 69 01 A4 11 03 01 03 A1 06 A4  .j....i.........
    8660: 11 03 01 00 A0 06 93 6A 01 A4 01 A1 06 A4 11 03  .......j........
    8670: 01 00 14 1A 5F 53 54 41 00 A0 0F 93 7B 53 44 53  ...._STA....{SDS
    8680: 31 0A 02 00 0A 02 A4 0A 0F A1 03 A4 00 14 41 04  1.............A.
    8690: 5F 43 52 53 00 08 53 42 46 49 11 2F 0A 2C 8E 1E  _CRS..SBFI./.,..
    86A0: 00 01 00 01 02 00 00 01 06 00 80 1A 06 00 10 00  ................
    86B0: 5C 5F 53 42 2E 50 43 49 30 2E 49 32 43 31 00 89  \_SB.PCI0.I2C1..
    86C0: 06 00 05 01 22 00 00 00 79 00 A4 53 42 46 49 5B  ...."...y..SBFI[
    86D0: 82 47 0D 54 50 4C 32 08 5F 41 44 52 01 08 5F 48  .G.TPL2._ADR.._H
    86E0: 49 44 0D 4E 54 52 47 30 30 30 31 00 08 5F 43 49  ID.NTRG0001.._CI
    86F0: 44 0D 50 4E 50 30 43 35 30 00 08 5F 55 49 44 01  D.PNP0C50.._UID.
    8700: 08 5F 53 30 57 0A 04 14 43 04 5F 44 53 4D 04 A0  ._S0W...C._DSM..
    8710: 34 93 68 11 13 0A 10 F7 F6 DF 3C 67 42 55 45 AD  4.h.......<gBUE.
    8720: 05 B3 0A 3D 89 38 DE A0 15 93 6A 00 A0 09 93 69  ...=.8....j....i
    8730: 01 A4 11 03 01 03 A1 06 A4 11 03 01 00 A0 06 93  ................
    8740: 6A 01 A4 01 A1 06 A4 11 03 01 00 14 1A 5F 53 54  j............_ST
    8750: 41 00 A0 0F 93 7B 53 44 53 31 0A 20 00 0A 20 A4  A....{SDS1. .. .
    8760: 0A 0F A1 03 A4 00 14 41 04 5F 43 52 53 00 08 53  .......A._CRS..S
    8770: 42 46 49 11 2F 0A 2C 8E 1E 00 01 00 01 02 00 00  BFI./.,.........
    8780: 01 06 00 80 1A 06 00 07 00 5C 5F 53 42 2E 50 43  .........\_SB.PC
    8790: 49 30 2E 49 32 43 31 00 89 06 00 05 01 22 00 00  I0.I2C1......"..
    87A0: 00 79 00 A4 53 42 46 49 5B 82 48 0D 54 50 4C 33  .y..SBFI[.H.TPL3
    87B0: 08 5F 41 44 52 01 08 5F 48 49 44 0D 45 45 54 49  ._ADR.._HID.EETI
    87C0: 37 39 30 30 00 08 5F 43 49 44 0D 50 4E 50 30 43  7900.._CID.PNP0C
    87D0: 35 30 00 08 5F 55 49 44 01 08 5F 53 30 57 0A 04  50.._UID.._S0W..
    87E0: 14 44 04 5F 44 53 4D 04 A0 35 93 68 11 13 0A 10  .D._DSM..5.h....
    87F0: F7 F6 DF 3C 67 42 55 45 AD 05 B3 0A 3D 89 38 DE  ...<gBUE....=.8.
    8800: A0 15 93 6A 00 A0 09 93 69 01 A4 11 03 01 03 A1  ...j....i.......
    8810: 06 A4 11 03 01 00 A0 07 93 6A 01 A4 0A 0F A1 06  .........j......
    8820: A4 11 03 01 00 14 1A 5F 53 54 41 00 A0 0F 93 7B  ......._STA....{
    8830: 53 44 53 31 0A 40 00 0A 40 A4 0A 0F A1 03 A4 00  SDS1.@..@.......
    8840: 14 41 04 5F 43 52 53 00 08 53 42 46 49 11 2F 0A  .A._CRS..SBFI./.
    8850: 2C 8E 1E 00 01 00 01 02 00 00 01 06 00 80 1A 06  ,...............
    8860: 00 2A 00 5C 5F 53 42 2E 50 43 49 30 2E 49 32 43  .*.\_SB.PCI0.I2C
    8870: 31 00 89 06 00 05 01 22 00 00 00 79 00 A4 53 42  1......"...y..SB
    8880: 46 49 5B 82 41 0F 54 50 44 30 08 5F 41 44 52 01  FI[.A.TPD0._ADR.
    8890: 08 5F 48 49 44 0D 45 4C 41 4E 31 30 30 30 00 08  ._HID.ELAN1000..
    88A0: 5F 43 49 44 0D 50 4E 50 30 43 35 30 00 08 5F 55  _CID.PNP0C50.._U
    88B0: 49 44 01 08 5F 53 30 57 0A 04 14 43 04 5F 44 53  ID.._S0W...C._DS
    88C0: 4D 04 A0 34 93 68 11 13 0A 10 F7 F6 DF 3C 67 42  M..4.h.......<gB
    88D0: 55 45 AD 05 B3 0A 3D 89 38 DE A0 15 93 6A 00 A0  UE....=.8....j..
    88E0: 09 93 69 01 A4 11 03 01 03 A1 06 A4 11 03 01 00  ..i.............
    88F0: A0 06 93 6A 01 A4 01 A1 06 A4 11 03 01 00 14 1A  ...j............
    8900: 5F 53 54 41 00 A0 0F 93 7B 53 44 53 31 0A 04 00  _STA....{SDS1...
    8910: 0A 04 A4 0A 0F A1 03 A4 00 14 4B 05 5F 43 52 53  ..........K._CRS
    8920: 08 08 53 42 46 49 11 2F 0A 2C 8E 1E 00 01 00 01  ..SBFI./.,......
    8930: 02 00 00 01 06 00 80 1A 06 00 15 00 5C 5F 53 42  ............\_SB
    8940: 2E 50 43 49 30 2E 49 32 43 31 00 89 06 00 05 01  .PCI0.I2C1......
    8950: 27 00 00 00 79 00 A0 19 93 47 52 31 33 01 8C 53  '...y....GR13..S
    8960: 42 46 49 0A 26 56 41 4C 33 70 0A 1B 56 41 4C 33  BFI.&VAL3p..VAL3
    8970: A4 53 42 46 49 5B 82 42 0F 54 50 44 31 08 5F 41  .SBFI[.B.TPD1._A
    8980: 44 52 01 08 5F 48 49 44 0D 4D 53 46 54 30 30 30  DR.._HID.MSFT000
    8990: 31 00 08 5F 43 49 44 0D 50 4E 50 30 43 35 30 00  1.._CID.PNP0C50.
    89A0: 08 5F 55 49 44 01 08 5F 53 30 57 0A 04 14 44 04  ._UID.._S0W...D.
    89B0: 5F 44 53 4D 04 A0 35 93 68 11 13 0A 10 F7 F6 DF  _DSM..5.h.......
    89C0: 3C 67 42 55 45 AD 05 B3 0A 3D 89 38 DE A0 15 93  <gBUE....=.8....
    89D0: 6A 00 A0 09 93 69 01 A4 11 03 01 03 A1 06 A4 11  j....i..........
    89E0: 03 01 00 A0 07 93 6A 01 A4 0A 20 A1 06 A4 11 03  ......j... .....
    89F0: 01 00 14 1A 5F 53 54 41 00 A0 0F 93 7B 53 44 53  ...._STA....{SDS
    8A00: 31 0A 08 00 0A 08 A4 0A 0F A1 03 A4 00 14 4B 05  1.............K.
    8A10: 5F 43 52 53 08 08 53 42 46 49 11 2F 0A 2C 8E 1E  _CRS..SBFI./.,..
    8A20: 00 01 00 01 02 00 00 01 06 00 80 1A 06 00 20 00  .............. .
    8A30: 5C 5F 53 42 2E 50 43 49 30 2E 49 32 43 31 00 89  \_SB.PCI0.I2C1..
    8A40: 06 00 05 01 27 00 00 00 79 00 A0 19 93 47 52 31  ....'...y....GR1
    8A50: 33 01 8C 53 42 46 49 0A 26 56 41 4C 33 70 0A 1B  3..SBFI.&VAL3p..
    8A60: 56 41 4C 33 A4 53 42 46 49 5B 82 40 0F 54 50 44  VAL3.SBFI[.@.TPD
    8A70: 32 08 5F 41 44 52 01 08 5F 48 49 44 0D 41 4C 50  2._ADR.._HID.ALP
    8A80: 30 30 30 31 00 08 5F 43 49 44 0D 50 4E 50 30 43  0001.._CID.PNP0C
    8A90: 35 30 00 08 5F 55 49 44 01 08 5F 53 30 57 0A 04  50.._UID.._S0W..
    8AA0: 14 43 04 5F 44 53 4D 04 A0 34 93 68 11 13 0A 10  .C._DSM..4.h....
    8AB0: F7 F6 DF 3C 67 42 55 45 AD 05 B3 0A 3D 89 38 DE  ...<gBUE....=.8.
    8AC0: A0 15 93 6A 00 A0 09 93 69 01 A4 11 03 01 03 A1  ...j....i.......
    8AD0: 06 A4 11 03 01 00 A0 06 93 6A 01 A4 01 A1 06 A4  .........j......
    8AE0: 11 03 01 00 14 1A 5F 53 54 41 00 A0 0F 93 7B 53  ......_STA....{S
    8AF0: 44 53 31 0A 80 00 0A 80 A4 0A 0F A1 03 A4 00 14  DS1.............
    8B00: 4B 05 5F 43 52 53 08 08 53 42 46 49 11 2F 0A 2C  K._CRS..SBFI./.,
    8B10: 8E 1E 00 01 00 01 02 00 00 01 06 00 80 1A 06 00  ................
    8B20: 2A 00 5C 5F 53 42 2E 50 43 49 30 2E 49 32 43 31  *.\_SB.PCI0.I2C1
    8B30: 00 89 06 00 05 01 27 00 00 00 79 00 A0 19 93 47  ......'...y....G
    8B40: 52 31 33 01 8C 53 42 46 49 0A 26 56 41 4C 33 70  R13..SBFI.&VAL3p
    8B50: 0A 1B 56 41 4C 33 A4 53 42 46 49 5B 82 42 0F 54  ..VAL3.SBFI[.B.T
    8B60: 50 44 33 08 5F 41 44 52 01 08 5F 48 49 44 0D 43  PD3._ADR.._HID.C
    8B70: 59 50 30 30 30 31 00 08 5F 43 49 44 0D 50 4E 50  YP0001.._CID.PNP
    8B80: 30 43 35 30 00 08 5F 55 49 44 01 08 5F 53 30 57  0C50.._UID.._S0W
    8B90: 0A 04 14 43 04 5F 44 53 4D 04 A0 34 93 68 11 13  ...C._DSM..4.h..
    8BA0: 0A 10 F7 F6 DF 3C 67 42 55 45 AD 05 B3 0A 3D 89  .....<gBUE....=.
    8BB0: 38 DE A0 15 93 6A 00 A0 09 93 69 01 A4 11 03 01  8....j....i.....
    8BC0: 03 A1 06 A4 11 03 01 00 A0 06 93 6A 01 A4 01 A1  ...........j....
    8BD0: 06 A4 11 03 01 00 14 1C 5F 53 54 41 00 A0 11 93  ........_STA....
    8BE0: 7B 53 44 53 31 0B 00 01 00 0B 00 01 A4 0A 0F A1  {SDS1...........
    8BF0: 03 A4 00 14 4B 05 5F 43 52 53 08 08 53 42 46 49  ....K._CRS..SBFI
    8C00: 11 2F 0A 2C 8E 1E 00 01 00 01 02 00 00 01 06 00  ./.,............
    8C10: 80 1A 06 00 24 00 5C 5F 53 42 2E 50 43 49 30 2E  ....$.\_SB.PCI0.
    8C20: 49 32 43 31 00 89 06 00 05 01 27 00 00 00 79 00  I2C1......'...y.
    8C30: A0 19 93 47 52 31 33 01 8C 53 42 46 49 0A 26 56  ...GR13..SBFI.&V
    8C40: 41 4C 33 70 0A 1B 56 41 4C 33 A4 53 42 46 49 5B  AL3p..VAL3.SBFI[
    8C50: 82 48 1D 54 50 44 37 08 5F 41 44 52 01 08 5F 48  .H.TPD7._ADR.._H
    8C60: 49 44 0D 45 4C 41 4E 31 30 31 30 00 08 5F 43 49  ID.ELAN1010.._CI
    8C70: 44 0D 50 4E 50 30 43 35 30 00 08 5F 55 49 44 01  D.PNP0C50.._UID.
    8C80: 08 5F 53 30 57 0A 03 14 15 5F 53 33 57 00 A0 0A  ._S0W...._S3W...
    8C90: 93 53 30 49 44 00 A4 0A 03 A1 03 A4 00 14 43 04  .S0ID.........C.
    8CA0: 5F 44 53 4D 04 A0 34 93 68 11 13 0A 10 F7 F6 DF  _DSM..4.h.......
    8CB0: 3C 67 42 55 45 AD 05 B3 0A 3D 89 38 DE A0 15 93  <gBUE....=.8....
    8CC0: 6A 00 A0 09 93 69 01 A4 11 03 01 03 A1 06 A4 11  j....i..........
    8CD0: 03 01 00 A0 06 93 6A 01 A4 01 A1 06 A4 11 03 01  ......j.........
    8CE0: 00 14 1C 5F 53 54 41 00 A0 11 93 7B 53 44 53 31  ..._STA....{SDS1
    8CF0: 0B 00 08 00 0B 00 08 A4 0A 0F A1 03 A4 00 14 49  ...............I
    8D00: 07 5F 43 52 53 08 08 53 42 46 49 11 2F 0A 2C 8E  ._CRS..SBFI./.,.
    8D10: 1E 00 01 00 01 02 00 00 01 06 00 80 1A 06 00 15  ................
    8D20: 00 5C 5F 53 42 2E 50 43 49 30 2E 49 32 43 31 00  .\_SB.PCI0.I2C1.
    8D30: 89 06 00 15 01 27 00 00 00 79 00 A0 37 93 47 52  .....'...y..7.GR
    8D40: 31 33 01 8C 53 42 46 49 0A 26 56 41 4C 33 70 0A  13..SBFI.&VAL3p.
    8D50: 1B 56 41 4C 33 A0 1D 93 53 30 49 44 00 8C 53 42  .VAL3...S0ID..SB
    8D60: 46 49 0A 24 56 41 4C 34 7B 56 41 4C 34 0A E7 56  FI.$VAL4{VAL4..V
    8D70: 41 4C 34 A4 53 42 46 49 14 23 5F 50 52 57 00 A0  AL4.SBFI.#_PRW..
    8D80: 16 90 93 53 30 49 44 00 93 47 52 31 33 01 A4 12  ...S0ID..GR13...
    8D90: 06 02 0A 0D 0A 03 A4 12 04 02 00 00 14 46 05 5F  .............F._
    8DA0: 50 53 30 08 41 44 42 47 0D 54 50 44 37 20 43 74  PS0.ADBG.TPD7 Ct
    8DB0: 72 6C 72 20 44 30 00 A0 1B 90 93 53 30 49 44 00  rlr D0.....S0ID.
    8DC0: 93 47 52 31 33 01 57 54 49 4E 0A 0D 00 70 01 47  .GR13.WTIN...p.G
    8DD0: 4F 31 33 A0 1F 5B 12 5C 2F 05 5F 53 42 5F 50 43  O13..[.\/._SB_PC
    8DE0: 49 30 49 32 43 31 54 50 44 37 50 53 30 58 00 50  I0I2C1TPD7PS0X.P
    8DF0: 53 30 58 14 35 5F 50 53 33 08 41 44 42 47 0D 54  S0X.5_PS3.ADBG.T
    8E00: 50 44 37 20 43 74 72 6C 72 20 44 33 00 A0 1B 90  PD7 Ctrlr D3....
    8E10: 93 53 30 49 44 00 93 47 52 31 33 01 57 54 49 4E  .S0ID..GR13.WTIN
    8E20: 0A 0D 01 70 00 47 4F 31 33 5B 82 49 1D 54 50 44  ...p.GO13[.I.TPD
    8E30: 38 08 5F 41 44 52 01 08 5F 48 49 44 0D 4D 53 46  8._ADR.._HID.MSF
    8E40: 54 30 30 30 32 00 08 5F 43 49 44 0D 50 4E 50 30  T0002.._CID.PNP0
    8E50: 43 35 30 00 08 5F 55 49 44 01 08 5F 53 30 57 0A  C50.._UID.._S0W.
    8E60: 03 14 15 5F 53 33 57 00 A0 0A 93 53 30 49 44 00  ..._S3W....S0ID.
    8E70: A4 0A 03 A1 03 A4 00 14 44 04 5F 44 53 4D 04 A0  ........D._DSM..
    8E80: 35 93 68 11 13 0A 10 F7 F6 DF 3C 67 42 55 45 AD  5.h.......<gBUE.
    8E90: 05 B3 0A 3D 89 38 DE A0 15 93 6A 00 A0 09 93 69  ...=.8....j....i
    8EA0: 01 A4 11 03 01 03 A1 06 A4 11 03 01 00 A0 07 93  ................
    8EB0: 6A 01 A4 0A 20 A1 06 A4 11 03 01 00 14 1C 5F 53  j... ........._S
    8EC0: 54 41 00 A0 11 93 7B 53 44 53 31 0B 00 10 00 0B  TA....{SDS1.....
    8ED0: 00 10 A4 0A 0F A1 03 A4 00 14 49 07 5F 43 52 53  ..........I._CRS
    8EE0: 08 08 53 42 46 49 11 2F 0A 2C 8E 1E 00 01 00 01  ..SBFI./.,......
    8EF0: 02 00 00 01 06 00 80 1A 06 00 20 00 5C 5F 53 42  .......... .\_SB
    8F00: 2E 50 43 49 30 2E 49 32 43 31 00 89 06 00 15 01  .PCI0.I2C1......
    8F10: 27 00 00 00 79 00 A0 37 93 47 52 31 33 01 8C 53  '...y..7.GR13..S
    8F20: 42 46 49 0A 26 56 41 4C 33 70 0A 1B 56 41 4C 33  BFI.&VAL3p..VAL3
    8F30: A0 1D 93 53 30 49 44 00 8C 53 42 46 49 0A 24 56  ...S0ID..SBFI.$V
    8F40: 41 4C 34 7B 56 41 4C 34 0A E7 56 41 4C 34 A4 53  AL4{VAL4..VAL4.S
    8F50: 42 46 49 14 23 5F 50 52 57 00 A0 16 90 93 53 30  BFI.#_PRW.....S0
    8F60: 49 44 00 93 47 52 31 33 01 A4 12 06 02 0A 0D 0A  ID..GR13........
    8F70: 03 A4 12 04 02 00 00 14 46 05 5F 50 53 30 08 41  ........F._PS0.A
    8F80: 44 42 47 0D 54 50 44 38 20 43 74 72 6C 72 20 44  DBG.TPD8 Ctrlr D
    8F90: 30 00 A0 1B 90 93 53 30 49 44 00 93 47 52 31 33  0.....S0ID..GR13
    8FA0: 01 57 54 49 4E 0A 0D 00 70 01 47 4F 31 33 A0 1F  .WTIN...p.GO13..
    8FB0: 5B 12 5C 2F 05 5F 53 42 5F 50 43 49 30 49 32 43  [.\/._SB_PCI0I2C
    8FC0: 31 54 50 44 38 50 53 30 58 00 50 53 30 58 14 35  1TPD8PS0X.PS0X.5
    8FD0: 5F 50 53 33 08 41 44 42 47 0D 54 50 44 38 20 43  _PS3.ADBG.TPD8 C
    8FE0: 74 72 6C 72 20 44 33 00 A0 1B 90 93 53 30 49 44  trlr D3.....S0ID
    8FF0: 00 93 47 52 31 33 01 57 54 49 4E 0A 0D 01 70 00  ..GR13.WTIN...p.
    9000: 47 4F 31 33 10 05 53 50 49 30 10 05 53 50 49 31  GO13..SPI0..SPI1
    9010: 10 41 07 55 41 30 30 5B 82 49 06 42 54 48 30 08  .A.UA00[.I.BTH0.
    9020: 5F 48 49 44 0D 49 4E 54 33 33 45 30 00 14 3B 5F  _HID.INT33E0..;_
    9030: 43 52 53 00 08 55 42 55 46 11 2A 0A 27 8E 22 00  CRS..UBUF.*.'.".
    9040: 01 00 03 02 35 00 01 0A 00 00 C2 01 00 20 00 20  ....5........ . 
    9050: 00 00 C0 5C 5F 53 42 2E 50 43 49 30 2E 55 41 30  ...\_SB.PCI0.UA0
    9060: 30 00 79 00 A4 55 42 55 46 14 18 5F 53 54 41 00  0.y..UBUF.._STA.
    9070: A0 0D 93 7B 53 44 53 34 01 00 01 A4 0A 0F A1 03  ...{SDS4........
    9080: A4 00 10 4A 18 55 41 30 31 5B 82 4C 09 42 54 48  ...J.UA01[.L.BTH
    9090: 31 08 5F 48 49 44 0D 49 4E 54 33 33 45 30 00 14  1._HID.INT33E0..
    90A0: 4E 06 5F 43 52 53 00 08 55 42 55 46 11 4C 05 0A  N._CRS..UBUF.L..
    90B0: 58 8E 22 00 01 00 03 02 35 00 01 0A 00 00 C2 01  X.".....5.......
    90C0: 00 20 00 20 00 00 C0 5C 5F 53 42 2E 50 43 49 30  . . ...\_SB.PCI0
    90D0: 2E 55 41 30 31 00 89 06 00 1D 01 19 00 00 00 8C  .UA01...........
    90E0: 25 00 01 01 01 00 02 00 00 00 00 00 00 17 00 00  %...............
    90F0: 19 00 28 00 00 00 57 00 5C 5F 53 42 2E 50 43 49  ..(...W.\_SB.PCI
    9100: 30 2E 47 50 49 30 00 79 00 A4 55 42 55 46 14 18  0.GPI0.y..UBUF..
    9110: 5F 53 54 41 00 A0 0D 93 7B 53 44 53 35 01 00 01  _STA....{SDS5...
    9120: A4 0A 0F A1 03 A4 00 5B 82 44 0E 42 54 48 32 14  .......[.D.BTH2.
    9130: 24 5F 48 49 44 00 A0 11 93 42 43 56 34 00 A4 0D  $_HID....BCV4...
    9140: 42 43 4D 32 45 32 30 00 A1 0B A4 0D 42 43 4D 32  BCM2E20.....BCM2
    9150: 45 34 30 00 14 46 09 5F 43 52 53 00 08 55 42 55  E40..F._CRS..UBU
    9160: 46 11 44 08 0A 80 8E 22 00 01 00 03 02 35 00 01  F.D....".....5..
    9170: 0A 00 00 C2 01 00 20 00 20 00 00 C0 5C 5F 53 42  ...... . ...\_SB
    9180: 2E 50 43 49 30 2E 55 41 30 31 00 89 06 00 07 01  .PCI0.UA01......
    9190: 19 00 00 00 8C 25 00 01 01 01 00 02 00 00 00 00  .....%..........
    91A0: 00 00 17 00 00 19 00 28 00 00 00 39 00 5C 5F 53  .......(...9.\_S
    91B0: 42 2E 50 43 49 30 2E 47 50 49 30 00 8C 25 00 01  B.PCI0.GPI0..%..
    91C0: 01 01 00 02 00 00 00 00 00 00 17 00 00 19 00 28  ...............(
    91D0: 00 00 00 57 00 5C 5F 53 42 2E 50 43 49 30 2E 47  ...W.\_SB.PCI0.G
    91E0: 50 49 30 00 79 00 A4 55 42 55 46 14 1A 5F 53 54  PI0.y..UBUF.._ST
    91F0: 41 00 A0 0F 93 7B 53 44 53 35 0A 02 00 0A 02 A4  A....{SDS5......
    9200: 0A 0F A1 03 A4 00 08 5F 53 30 57 0A 02 10 44 15  ......._S0W...D.
    9210: 53 44 48 43 5B 82 4C 14 57 49 30 31 08 5F 41 44  SDHC[.L.WI01._AD
    9220: 52 01 08 5F 44 44 4E 0D 53 44 49 4F 20 57 69 66  R.._DDN.SDIO Wif
    9230: 69 20 64 65 76 69 63 65 20 46 75 6E 63 74 69 6F  i device Functio
    9240: 6E 20 31 00 14 09 5F 53 54 41 00 A4 0A 0F 14 08  n 1..._STA......
    9250: 5F 52 4D 56 00 A4 00 08 5F 53 34 57 0A 02 08 5F  _RMV...._S4W..._
    9260: 53 30 57 0A 02 14 3A 5F 50 53 30 08 41 44 42 47  S0W...:_PS0.ADBG
    9270: 0D 57 69 46 69 31 20 45 6E 74 65 72 20 44 30 00  .WiFi1 Enter D0.
    9280: A0 1F 5B 12 5C 2F 05 5F 53 42 5F 50 43 49 30 53  ..[.\/._SB_PCI0S
    9290: 44 48 43 57 49 30 31 50 53 30 58 00 50 53 30 58  DHCWI01PS0X.PS0X
    92A0: 14 1A 5F 50 53 32 08 41 44 42 47 0D 57 69 46 69  .._PS2.ADBG.WiFi
    92B0: 31 20 45 6E 74 65 72 20 44 32 00 14 3A 5F 50 53  1 Enter D2..:_PS
    92C0: 33 08 41 44 42 47 0D 57 69 46 69 31 20 45 6E 74  3.ADBG.WiFi1 Ent
    92D0: 65 72 20 44 33 00 A0 1F 5B 12 5C 2F 05 5F 53 42  er D3...[.\/._SB
    92E0: 5F 50 43 49 30 53 44 48 43 57 49 30 31 50 53 33  _PCI0SDHCWI01PS3
    92F0: 58 00 50 53 33 58 08 52 42 55 46 11 1A 0A 17 86  X.PS3X.RBUF.....
    9300: 09 00 01 00 00 00 00 00 00 00 00 89 06 00 1D 01  ................
    9310: 26 00 00 00 79 00 14 4B 04 5F 43 52 53 00 8A 5E  &...y..K._CRS..^
    9320: 5E 52 42 55 46 0A 04 41 56 41 4C A0 31 92 93 41  ^RBUF..AVAL.1..A
    9330: 56 41 4C 00 8A 52 42 55 46 0A 08 57 4C 4E 30 70  VAL..RBUF..WLN0p
    9340: 0A 0C 57 4C 4E 30 8A 52 42 55 46 0A 04 57 56 41  ..WLN0.RBUF..WVA
    9350: 4C 72 41 56 41 4C 0B 08 10 57 56 41 4C A4 52 42  LrAVAL...WVAL.RB
    9360: 55 46 5B 82 49 2C 41 44 53 50 08 5F 41 44 52 00  UF[.I,ADSP._ADR.
    9370: 08 5F 48 49 44 0D 49 4E 54 33 33 43 38 00 08 5F  ._HID.INT33C8.._
    9380: 43 49 44 0D 49 4E 54 33 33 43 38 00 08 5F 44 44  CID.INT33C8.._DD
    9390: 4E 0D 49 6E 74 65 6C 28 52 29 20 53 6D 61 72 74  N.Intel(R) Smart
    93A0: 20 53 6F 75 6E 64 20 54 65 63 68 6E 6F 6C 6F 67   Sound Technolog
    93B0: 79 20 48 6F 73 74 20 43 6F 6E 74 72 6F 6C 6C 65  y Host Controlle
    93C0: 72 20 2D 20 49 4E 54 33 33 43 38 00 08 5F 55 49  r - INT33C8.._UI
    93D0: 44 01 14 41 05 5F 44 45 50 00 41 44 42 47 0D 41  D..A._DEP.ADBG.A
    93E0: 44 53 50 20 44 45 50 20 43 61 6C 6C 00 A0 1D 93  DSP DEP Call....
    93F0: 53 30 49 44 01 41 44 42 47 0D 41 44 53 50 20 44  S0ID.ADBG.ADSP D
    9400: 45 50 00 A4 12 06 01 50 45 50 44 A1 18 41 44 42  EP.....PEPD..ADB
    9410: 47 0D 41 44 53 50 20 44 45 50 20 4E 55 4C 4C 00  G.ADSP DEP NULL.
    9420: A4 12 02 00 08 4D 43 4C 4B 00 08 53 43 4C 4B 0A  .....MCLK..SCLK.
    9430: 09 08 53 53 50 4D 00 08 41 42 54 48 00 08 52 42  ..SSPM..ABTH..RB
    9440: 55 46 11 26 0A 23 86 09 00 01 00 00 00 00 00 00  UF.&.#..........
    9450: 10 00 86 09 00 01 00 00 00 00 00 10 00 00 89 06  ................
    9460: 00 05 01 03 00 00 00 79 00 08 45 4F 44 5F 01 14  .......y..EOD_..
    9470: 43 14 5F 43 52 53 08 08 5F 54 5F 30 00 A2 40 13  C._CRS.._T_0..@.
    9480: 01 70 99 43 4F 44 53 00 5F 54 5F 30 A0 47 04 93  .p.CODS._T_0.G..
    9490: 5F 54 5F 30 00 70 5E 5E 2F 03 49 32 43 30 41 43  _T_0.p^^/.I2C0AC
    94A0: 44 30 4D 43 4C 4B 4D 43 4C 4B 70 5E 5E 2F 03 49  D0MCLKMCLKp^^/.I
    94B0: 32 43 30 41 43 44 30 53 43 4C 4B 53 43 4C 4B 70  2C0ACD0SCLKSCLKp
    94C0: 5E 5E 2F 03 49 32 43 30 41 43 44 30 53 53 50 4D  ^^/.I2C0ACD0SSPM
    94D0: 53 53 50 4D A1 48 0D A0 47 04 93 5F 54 5F 30 01  SSPM.H..G.._T_0.
    94E0: 70 5E 5E 2F 03 49 32 43 30 41 43 44 31 4D 43 4C  p^^/.I2C0ACD1MCL
    94F0: 4B 4D 43 4C 4B 70 5E 5E 2F 03 49 32 43 30 41 43  KMCLKp^^/.I2C0AC
    9500: 44 31 53 43 4C 4B 53 43 4C 4B 70 5E 5E 2F 03 49  D1SCLKSCLKp^^/.I
    9510: 32 43 30 41 43 44 31 53 53 50 4D 53 53 50 4D A1  2C0ACD1SSPMSSPM.
    9520: 4D 08 A0 48 04 93 5F 54 5F 30 0A 02 70 5E 5E 2F  M..H.._T_0..p^^/
    9530: 03 49 32 43 30 41 43 44 32 4D 43 4C 4B 4D 43 4C  .I2C0ACD2MCLKMCL
    9540: 4B 70 5E 5E 2F 03 49 32 43 30 41 43 44 32 53 43  Kp^^/.I2C0ACD2SC
    9550: 4C 4B 53 43 4C 4B 70 5E 5E 2F 03 49 32 43 30 41  LKSCLKp^^/.I2C0A
    9560: 43 44 32 53 53 50 4D 53 53 50 4D A1 41 04 70 5E  CD2SSPMSSPM.A.p^
    9570: 5E 2F 03 49 32 43 30 41 43 44 30 4D 43 4C 4B 4D  ^/.I2C0ACD0MCLKM
    9580: 43 4C 4B 70 5E 5E 2F 03 49 32 43 30 41 43 44 30  CLKp^^/.I2C0ACD0
    9590: 53 43 4C 4B 53 43 4C 4B 70 5E 5E 2F 03 49 32 43  SCLKSCLKp^^/.I2C
    95A0: 30 41 43 44 30 53 53 50 4D 53 53 50 4D A5 A4 52  0ACD0SSPMSSPM..R
    95B0: 42 55 46 14 0C 5F 53 52 53 09 70 01 45 4F 44 5F  BUF.._SRS.p.EOD_
    95C0: 14 45 04 5F 53 54 41 00 A0 3B 92 95 4F 53 59 53  .E._STA..;..OSYS
    95D0: 0B DC 07 A0 30 93 53 30 49 44 01 8A 52 42 55 46  ....0.S0ID..RBUF
    95E0: 0A 04 42 56 41 4C A0 09 93 42 56 41 4C 00 A4 00  ..BVAL...BVAL...
    95F0: A0 0E 7B 45 4F 44 5F 01 45 4F 44 5F A4 0A 0F A1  ..{EOD_.EOD_....
    9600: 04 A4 0A 0D A4 00 14 0C 5F 44 49 53 00 70 00 45  ........_DIS.p.E
    9610: 4F 44 5F 5B 82 0B 49 32 53 30 08 5F 41 44 52 00  OD_[..I2S0._ADR.
    9620: 5B 82 0B 49 32 53 31 08 5F 41 44 52 01 5B 82 41  [..I2S1._ADR.[.A
    9630: 2D 53 41 54 30 08 5F 41 44 52 0C 02 00 1F 00 08  -SAT0._ADR......
    9640: 46 44 45 56 00 08 46 44 52 50 00 14 46 06 5F 44  FDEV..FDRP..F._D
    9650: 45 50 00 41 44 42 47 0D 53 41 54 30 20 44 45 50  EP.ADBG.SAT0 DEP
    9660: 20 43 61 6C 6C 00 A0 34 92 95 4F 53 59 53 0B DD   Call..4..OSYS..
    9670: 07 A0 29 90 93 53 30 49 44 01 92 93 7B 50 45 50  ..)..S0ID...{PEP
    9680: 43 0A 03 00 00 41 44 42 47 0D 53 41 54 30 20 44  C....ADBG.SAT0 D
    9690: 45 50 00 A4 12 06 01 50 45 50 44 41 44 42 47 0D  EP.....PEPDADBG.
    96A0: 53 41 54 30 20 44 45 50 20 4E 55 4C 4C 00 A4 12  SAT0 DEP NULL...
    96B0: 02 00 5B 82 47 08 50 52 54 30 08 5F 41 44 52 0B  ..[.G.PRT0._ADR.
    96C0: FF FF 14 28 5F 53 44 44 09 8C 68 0A 9D 42 46 44  ...(_SDD..h..BFD
    96D0: 53 99 42 46 44 53 46 44 45 56 8C 68 0A 9A 42 46  S.BFDSFDEV.h..BF
    96E0: 52 50 99 42 46 52 50 46 44 52 50 14 4F 04 5F 47  RP.BFRPFDRP.O._G
    96F0: 54 46 08 A0 32 90 90 93 44 56 53 30 01 93 7B 46  TF..2...DVS0..{F
    9700: 44 45 56 01 00 01 93 7B 46 44 52 50 0A 80 00 0A  DEV....{FDRP....
    9710: 80 08 50 49 42 31 11 0A 0A 07 10 09 00 00 00 B0  ..PIB1..........
    9720: EF A4 50 49 42 31 08 50 49 42 32 11 0A 0A 07 00  ..PIB1.PIB2.....
    9730: 00 00 00 00 00 00 A4 50 49 42 32 5B 82 45 09 50  .......PIB2[.E.P
    9740: 52 54 31 08 5F 41 44 52 0C FF FF 01 00 08 46 44  RT1._ADR......FD
    9750: 45 56 00 08 46 44 52 50 00 14 28 5F 53 44 44 09  EV..FDRP..(_SDD.
    9760: 8C 68 0A 9D 42 46 44 53 99 42 46 44 53 46 44 45  .h..BFDS.BFDSFDE
    9770: 56 8C 68 0A 9A 42 46 52 50 99 42 46 52 50 46 44  V.h..BFRP.BFRPFD
    9780: 52 50 14 4F 04 5F 47 54 46 08 A0 32 90 90 93 44  RP.O._GTF..2...D
    9790: 56 53 31 01 93 7B 46 44 45 56 01 00 01 93 7B 46  VS1..{FDEV....{F
    97A0: 44 52 50 0A 80 00 0A 80 08 50 49 42 31 11 0A 0A  DRP......PIB1...
    97B0: 07 10 09 00 00 00 B0 EF A4 50 49 42 31 08 50 49  .........PIB1.PI
    97C0: 42 32 11 0A 0A 07 00 00 00 00 00 00 00 A4 50 49  B2............PI
    97D0: 42 32 5B 82 45 09 50 52 54 32 08 5F 41 44 52 0C  B2[.E.PRT2._ADR.
    97E0: FF FF 02 00 08 46 44 45 56 00 08 46 44 52 50 00  .....FDEV..FDRP.
    97F0: 14 28 5F 53 44 44 09 8C 68 0A 9D 42 46 44 53 99  .(_SDD..h..BFDS.
    9800: 42 46 44 53 46 44 45 56 8C 68 0A 9A 42 46 52 50  BFDSFDEV.h..BFRP
    9810: 99 42 46 52 50 46 44 52 50 14 4F 04 5F 47 54 46  .BFRPFDRP.O._GTF
    9820: 08 A0 32 90 90 93 44 56 53 32 01 93 7B 46 44 45  ..2...DVS2..{FDE
    9830: 56 01 00 01 93 7B 46 44 52 50 0A 80 00 0A 80 08  V....{FDRP......
    9840: 50 49 42 31 11 0A 0A 07 10 09 00 00 00 B0 EF A4  PIB1............
    9850: 50 49 42 31 08 50 49 42 32 11 0A 0A 07 00 00 00  PIB1.PIB2.......
    9860: 00 00 00 00 A4 50 49 42 32 5B 82 45 09 50 52 54  .....PIB2[.E.PRT
    9870: 33 08 5F 41 44 52 0C FF FF 03 00 08 46 44 45 56  3._ADR......FDEV
    9880: 00 08 46 44 52 50 00 14 28 5F 53 44 44 09 8C 68  ..FDRP..(_SDD..h
    9890: 0A 9D 42 46 44 53 99 42 46 44 53 46 44 45 56 8C  ..BFDS.BFDSFDEV.
    98A0: 68 0A 9A 42 46 52 50 99 42 46 52 50 46 44 52 50  h..BFRP.BFRPFDRP
    98B0: 14 4F 04 5F 47 54 46 08 A0 32 90 90 93 44 56 53  .O._GTF..2...DVS
    98C0: 33 01 93 7B 46 44 45 56 01 00 01 93 7B 46 44 52  3..{FDEV....{FDR
    98D0: 50 0A 80 00 0A 80 08 50 49 42 31 11 0A 0A 07 10  P......PIB1.....
    98E0: 09 00 00 00 B0 EF A4 50 49 42 31 08 50 49 42 32  .......PIB1.PIB2
    98F0: 11 0A 0A 07 00 00 00 00 00 00 00 A4 50 49 42 32  ............PIB2
    9900: 5B 82 0F 53 41 54 31 08 5F 41 44 52 0C 05 00 1F  [..SAT1._ADR....
    9910: 00 5B 82 44 47 53 42 55 53 08 5F 41 44 52 0C 03  .[.DGSBUS._ADR..
    9920: 00 1F 00 5B 80 53 4D 42 50 02 0A 40 0A C0 5B 81  ...[.SMBP..@..[.
    9930: 0D 53 4D 42 50 03 00 02 49 32 43 45 01 5B 80 53  .SMBP...I2CE.[.S
    9940: 4D 50 42 02 0A 20 0A 04 5B 81 0D 53 4D 50 42 03  MPB.. ..[..SMPB.
    9950: 00 05 53 42 41 52 0B 5B 80 53 4D 42 49 01 79 53  ..SBAR.[.SMBI.yS
    9960: 42 41 52 0A 05 00 0A 10 5B 81 3A 53 4D 42 49 01  BAR.....[.:SMBI.
    9970: 48 53 54 53 08 00 08 48 43 4F 4E 08 48 43 4F 4D  HSTS...HCON.HCOM
    9980: 08 54 58 53 41 08 44 41 54 30 08 44 41 54 31 08  .TXSA.DAT0.DAT1.
    9990: 48 42 44 52 08 50 45 43 52 08 52 58 53 41 08 53  HBDR.PECR.RXSA.S
    99A0: 44 41 54 10 14 44 04 53 53 58 42 0A A0 07 53 54  DAT..D.SSXB...ST
    99B0: 52 54 A4 00 70 00 49 32 43 45 70 0A BF 48 53 54  RT..p.I2CEp..HST
    99C0: 53 70 68 54 58 53 41 70 69 48 43 4F 4D 70 0A 48  SphTXSApiHCOMp.H
    99D0: 48 43 4F 4E A0 12 43 4F 4D 50 7D 48 53 54 53 0A  HCON..COMP}HSTS.
    99E0: FF 48 53 54 53 A4 01 A4 00 14 48 04 53 52 58 42  .HSTS.....H.SRXB
    99F0: 09 A0 09 53 54 52 54 A4 0B FF FF 70 00 49 32 43  ...STRT....p.I2C
    9A00: 45 70 0A BF 48 53 54 53 70 7D 68 01 00 54 58 53  Ep..HSTSp}h..TXS
    9A10: 41 70 0A 44 48 43 4F 4E A0 15 43 4F 4D 50 7D 48  Ap.DHCON..COMP}H
    9A20: 53 54 53 0A FF 48 53 54 53 A4 44 41 54 30 A4 0B  STS..HSTS.DAT0..
    9A30: FF FF 14 4A 04 53 57 52 42 0B A0 07 53 54 52 54  ...J.SWRB...STRT
    9A40: A4 00 70 00 49 32 43 45 70 0A BF 48 53 54 53 70  ..p.I2CEp..HSTSp
    9A50: 68 54 58 53 41 70 69 48 43 4F 4D 70 6A 44 41 54  hTXSApiHCOMpjDAT
    9A60: 30 70 0A 48 48 43 4F 4E A0 12 43 4F 4D 50 7D 48  0p.HHCON..COMP}H
    9A70: 53 54 53 0A FF 48 53 54 53 A4 01 A4 00 14 4E 04  STS..HSTS.....N.
    9A80: 53 52 44 42 0A A0 09 53 54 52 54 A4 0B FF FF 70  SRDB...STRT....p
    9A90: 00 49 32 43 45 70 0A BF 48 53 54 53 70 7D 68 01  .I2CEp..HSTSp}h.
    9AA0: 00 54 58 53 41 70 69 48 43 4F 4D 70 0A 48 48 43  .TXSApiHCOMp.HHC
    9AB0: 4F 4E A0 15 43 4F 4D 50 7D 48 53 54 53 0A FF 48  ON..COMP}HSTS..H
    9AC0: 53 54 53 A4 44 41 54 30 A4 0B FF FF 14 48 05 53  STS.DAT0.....H.S
    9AD0: 57 52 57 0B A0 07 53 54 52 54 A4 00 70 00 49 32  WRW...STRT..p.I2
    9AE0: 43 45 70 0A BF 48 53 54 53 70 68 54 58 53 41 70  CEp..HSTSphTXSAp
    9AF0: 69 48 43 4F 4D 7B 6A 0A FF 44 41 54 31 7B 7A 6A  iHCOM{j..DAT1{zj
    9B00: 0A 08 00 0A FF 44 41 54 30 70 0A 4C 48 43 4F 4E  .....DAT0p.LHCON
    9B10: A0 12 43 4F 4D 50 7D 48 53 54 53 0A FF 48 53 54  ..COMP}HSTS..HST
    9B20: 53 A4 01 A4 00 14 4A 05 53 52 44 57 0A A0 09 53  S.....J.SRDW...S
    9B30: 54 52 54 A4 0B FF FF 70 00 49 32 43 45 70 0A BF  TRT....p.I2CEp..
    9B40: 48 53 54 53 70 7D 68 01 00 54 58 53 41 70 69 48  HSTSp}h..TXSApiH
    9B50: 43 4F 4D 70 0A 4C 48 43 4F 4E A0 1F 43 4F 4D 50  COMp.LHCON..COMP
    9B60: 7D 48 53 54 53 0A FF 48 53 54 53 A4 7D 79 44 41  }HSTS..HSTS.}yDA
    9B70: 54 30 0A 08 00 44 41 54 31 00 A4 0C FF FF FF FF  T0...DAT1.......
    9B80: 14 4A 09 53 42 4C 57 0C A0 07 53 54 52 54 A4 00  .J.SBLW...STRT..
    9B90: 70 6B 49 32 43 45 70 0A BF 48 53 54 53 70 68 54  pkI2CEp..HSTSphT
    9BA0: 58 53 41 70 69 48 43 4F 4D 70 87 6A 44 41 54 30  XSApiHCOMp.jDAT0
    9BB0: 70 00 61 70 83 88 6A 00 00 48 42 44 52 70 0A 54  p.ap..j..HBDRp.T
    9BC0: 48 43 4F 4E A2 41 04 94 87 6A 61 70 0B A0 0F 60  HCON.A...jap...`
    9BD0: A2 12 90 92 7B 48 53 54 53 0A 80 00 60 76 60 5B  ....{HSTS...`v`[
    9BE0: 21 0A 32 A0 09 92 60 4B 49 4C 4C A4 00 70 0A 80  !.2...`KILL..p..
    9BF0: 48 53 54 53 75 61 A0 0F 94 87 6A 61 70 83 88 6A  HSTSua....jap..j
    9C00: 61 00 48 42 44 52 A0 12 43 4F 4D 50 7D 48 53 54  a.HBDR..COMP}HST
    9C10: 53 0A FF 48 53 54 53 A4 01 A4 00 14 40 0D 53 42  S..HSTS.....@.SB
    9C20: 4C 52 0B 08 54 42 55 46 11 04 0B 00 01 A0 07 53  LR..TBUF.......S
    9C30: 54 52 54 A4 00 70 6A 49 32 43 45 70 0A BF 48 53  TRT..pjI2CEp..HS
    9C40: 54 53 70 7D 68 01 00 54 58 53 41 70 69 48 43 4F  TSp}h..TXSApiHCO
    9C50: 4D 70 0A 54 48 43 4F 4E 70 0B A0 0F 60 A2 12 90  Mp.THCONp...`...
    9C60: 92 7B 48 53 54 53 0A 80 00 60 76 60 5B 21 0A 32  .{HSTS...`v`[!.2
    9C70: A0 09 92 60 4B 49 4C 4C A4 00 70 44 41 54 30 88  ...`KILL..pDAT0.
    9C80: 54 42 55 46 00 00 70 0A 80 48 53 54 53 70 01 61  TBUF..p..HSTSp.a
    9C90: A2 43 04 95 61 83 88 54 42 55 46 00 00 70 0B A0  .C..a..TBUF..p..
    9CA0: 0F 60 A2 12 90 92 7B 48 53 54 53 0A 80 00 60 76  .`....{HSTS...`v
    9CB0: 60 5B 21 0A 32 A0 09 92 60 4B 49 4C 4C A4 00 70  `[!.2...`KILL..p
    9CC0: 48 42 44 52 88 54 42 55 46 61 00 70 0A 80 48 53  HBDR.TBUFa.p..HS
    9CD0: 54 53 75 61 A0 15 43 4F 4D 50 7D 48 53 54 53 0A  TSua..COMP}HSTS.
    9CE0: FF 48 53 54 53 A4 54 42 55 46 A4 00 14 4F 04 53  .HSTS.TBUF...O.S
    9CF0: 54 52 54 08 70 0A C8 60 A2 1D 60 A0 15 7B 48 53  TRT.p..`..`..{HS
    9D00: 54 53 0A 40 00 76 60 5B 22 01 A0 06 93 60 00 A4  TS.@.v`["....`..
    9D10: 01 A1 04 70 00 60 70 0B A0 0F 60 A2 1E 60 A0 17  ...p.`p...`..`..
    9D20: 7B 48 53 54 53 01 00 76 60 5B 21 0A 32 A0 08 93  {HSTS..v`[!.2...
    9D30: 60 00 4B 49 4C 4C A1 03 A4 00 A4 01 14 2D 43 4F  `.KILL.......-CO
    9D40: 4D 50 08 70 0B A0 0F 60 A2 1F 60 A0 0B 7B 48 53  MP.p...`..`..{HS
    9D50: 54 53 0A 02 00 A4 01 A1 10 76 60 5B 21 0A 32 A0  TS.......v`[!.2.
    9D60: 08 93 60 00 4B 49 4C 4C A4 00 14 1C 4B 49 4C 4C  ..`.KILL....KILL
    9D70: 08 7D 48 43 4F 4E 0A 02 48 43 4F 4E 7D 48 53 54  .}HCON..HCON}HST
    9D80: 53 0A FF 48 53 54 53 10 4B 16 2F 03 5F 53 42 5F  S..HSTS.K./._SB_
    9D90: 50 43 49 30 4C 50 43 42 5B 80 43 50 53 42 00 0C  PCI0LPCB[.CPSB..
    9DA0: 98 AF FE C8 0A 10 5B 81 46 06 43 50 53 42 00 52  ......[.F.CPSB.R
    9DB0: 54 43 58 01 50 57 42 53 01 53 33 57 45 01 53 42  TCX.PWBS.S3WE.SB
    9DC0: 42 30 05 53 42 42 31 08 53 42 42 32 08 53 42 42  B0.SBB1.SBB2.SBB
    9DD0: 33 08 53 42 42 34 08 53 42 42 35 08 53 42 42 36  3.SBB4.SBB5.SBB6
    9DE0: 08 53 42 42 37 08 53 42 42 38 08 53 42 42 39 08  .SBB7.SBB8.SBB9.
    9DF0: 53 42 42 41 08 53 42 42 42 08 53 42 42 43 08 53  SBBA.SBBB.SBBC.S
    9E00: 42 42 44 08 53 42 42 45 08 53 42 42 46 08 14 4B  BBD.SBBE.SBBF..K
    9E10: 07 53 50 54 53 01 70 01 53 4C 50 58 70 01 53 4C  .SPTS.p.SLPXp.SL
    9E20: 50 45 70 00 5E 5E 2E 52 50 30 31 52 50 41 56 70  PEp.^^.RP01RPAVp
    9E30: 00 5E 5E 2E 52 50 30 32 52 50 41 56 70 00 5E 5E  .^^.RP02RPAVp.^^
    9E40: 2E 52 50 30 33 52 50 41 56 70 00 5E 5E 2E 52 50  .RP03RPAVp.^^.RP
    9E50: 30 34 52 50 41 56 70 00 5E 5E 2E 52 50 30 35 52  04RPAVp.^^.RP05R
    9E60: 50 41 56 70 00 5E 5E 2E 52 50 30 36 52 50 41 56  PAVp.^^.RP06RPAV
    9E70: 70 00 5E 5E 2E 52 50 30 37 52 50 41 56 70 00 5E  p.^^.RP07RPAVp.^
    9E80: 5E 2E 52 50 30 38 52 50 41 56 14 12 53 57 41 4B  ^.RP08RPAV..SWAK
    9E90: 01 70 00 53 4C 50 45 A0 05 52 54 43 53 5B 80 53  .p.SLPE..RTCS[.S
    9EA0: 4D 49 45 01 50 4D 42 53 0A 04 5B 81 22 53 4D 49  MIE.PMBS..[."SMI
    9EB0: 45 01 00 0A 52 54 43 53 01 00 03 50 45 58 53 01  E...RTCS...PEXS.
    9EC0: 57 41 4B 53 01 00 08 50 57 42 54 01 00 07 5B 80  WAKS...PWBT...[.
    9ED0: 53 4C 50 52 01 53 4D 43 52 0A 08 5B 81 16 53 4C  SLPR.SMCR..[..SL
    9EE0: 50 52 01 00 04 53 4C 50 45 01 00 1F 53 4C 50 58  PR...SLPE...SLPX
    9EF0: 01 00 1B 10 2B 2F 04 5F 53 42 5F 50 43 49 30 52  ....+/._SB_PCI0R
    9F00: 50 30 32 50 58 53 58 14 17 5F 50 53 57 01 A0 08  P02PXSX.._PSW...
    9F10: 68 70 01 50 4D 46 47 A1 07 70 00 50 4D 46 47 10  hp.PMFG..p.PMFG.
    9F20: 4B 04 2F 03 5F 53 42 5F 50 43 49 30 52 50 30 31  K./._SB_PCI0RP01
    9F30: 14 2A 5F 49 4E 49 00 70 4C 54 52 31 4C 54 52 45  .*_INI.pLTR1LTRE
    9F40: 70 50 4D 4C 31 4C 4D 53 4C 70 50 4E 4C 31 4C 4E  pPML1LMSLpPNL1LN
    9F50: 53 4C 70 4F 42 46 31 4F 42 46 46 14 0F 5F 50 52  SLpOBF1OBFF.._PR
    9F60: 57 00 A4 47 50 52 57 0A 09 0A 04 10 4B 04 2F 03  W..GPRW.....K./.
    9F70: 5F 53 42 5F 50 43 49 30 52 50 30 32 14 2A 5F 49  _SB_PCI0RP02.*_I
    9F80: 4E 49 00 70 4C 54 52 32 4C 54 52 45 70 50 4D 4C  NI.pLTR2LTREpPML
    9F90: 32 4C 4D 53 4C 70 50 4E 4C 32 4C 4E 53 4C 70 4F  2LMSLpPNL2LNSLpO
    9FA0: 42 46 32 4F 42 46 46 14 0F 5F 50 52 57 00 A4 47  BF2OBFF.._PRW..G
    9FB0: 50 52 57 0A 09 0A 04 10 4B 04 2F 03 5F 53 42 5F  PRW.....K./._SB_
    9FC0: 50 43 49 30 52 50 30 33 14 2A 5F 49 4E 49 00 70  PCI0RP03.*_INI.p
    9FD0: 4C 54 52 33 4C 54 52 45 70 50 4D 4C 33 4C 4D 53  LTR3LTREpPML3LMS
    9FE0: 4C 70 50 4E 4C 33 4C 4E 53 4C 70 4F 42 46 33 4F  LpPNL3LNSLpOBF3O
    9FF0: 42 46 46 14 0F 5F 50 52 57 00 A4 47 50 52 57 0A  BFF.._PRW..GPRW.
    A000: 09 0A 04 10 4B 04 2F 03 5F 53 42 5F 50 43 49 30  ....K./._SB_PCI0
    A010: 52 50 30 34 14 2A 5F 49 4E 49 00 70 4C 54 52 34  RP04.*_INI.pLTR4
    A020: 4C 54 52 45 70 50 4D 4C 34 4C 4D 53 4C 70 50 4E  LTREpPML4LMSLpPN
    A030: 4C 34 4C 4E 53 4C 70 4F 42 46 34 4F 42 46 46 14  L4LNSLpOBF4OBFF.
    A040: 0F 5F 50 52 57 00 A4 47 50 52 57 0A 09 0A 04 10  ._PRW..GPRW.....
    A050: 4B 04 2F 03 5F 53 42 5F 50 43 49 30 52 50 30 35  K./._SB_PCI0RP05
    A060: 14 2A 5F 49 4E 49 00 70 4C 54 52 35 4C 54 52 45  .*_INI.pLTR5LTRE
    A070: 70 50 4D 4C 35 4C 4D 53 4C 70 50 4E 4C 35 4C 4E  pPML5LMSLpPNL5LN
    A080: 53 4C 70 4F 42 46 35 4F 42 46 46 14 0F 5F 50 52  SLpOBF5OBFF.._PR
    A090: 57 00 A4 47 50 52 57 0A 09 0A 04 10 4B 04 2F 03  W..GPRW.....K./.
    A0A0: 5F 53 42 5F 50 43 49 30 52 50 30 36 14 2A 5F 49  _SB_PCI0RP06.*_I
    A0B0: 4E 49 00 70 4C 54 52 36 4C 54 52 45 70 50 4D 4C  NI.pLTR6LTREpPML
    A0C0: 36 4C 4D 53 4C 70 50 4E 4C 36 4C 4E 53 4C 70 4F  6LMSLpPNL6LNSLpO
    A0D0: 42 46 36 4F 42 46 46 14 0F 5F 50 52 57 00 A4 47  BF6OBFF.._PRW..G
    A0E0: 50 52 57 0A 09 0A 04 10 4B 04 2F 03 5F 53 42 5F  PRW.....K./._SB_
    A0F0: 50 43 49 30 52 50 30 37 14 2A 5F 49 4E 49 00 70  PCI0RP07.*_INI.p
    A100: 4C 54 52 37 4C 54 52 45 70 50 4D 4C 37 4C 4D 53  LTR7LTREpPML7LMS
    A110: 4C 70 50 4E 4C 37 4C 4E 53 4C 70 4F 42 46 37 4F  LpPNL7LNSLpOBF7O
    A120: 42 46 46 14 0F 5F 50 52 57 00 A4 47 50 52 57 0A  BFF.._PRW..GPRW.
    A130: 09 0A 04 10 1C 2F 04 5F 53 42 5F 50 43 49 30 52  ...../._SB_PCI0R
    A140: 50 30 37 50 58 53 58 14 08 5F 52 4D 56 00 A4 01  P07PXSX.._RMV...
    A150: 10 4B 04 2F 03 5F 53 42 5F 50 43 49 30 52 50 30  .K./._SB_PCI0RP0
    A160: 38 14 2A 5F 49 4E 49 00 70 4C 54 52 38 4C 54 52  8.*_INI.pLTR8LTR
    A170: 45 70 50 4D 4C 38 4C 4D 53 4C 70 50 4E 4C 38 4C  EpPML8LMSLpPNL8L
    A180: 4E 53 4C 70 4F 42 46 38 4F 42 46 46 14 0F 5F 50  NSLpOBF8OBFF.._P
    A190: 52 57 00 A4 47 50 52 57 0A 09 0A 04 5B 80 2F 04  RW..GPRW....[./.
    A1A0: 5F 53 42 5F 50 43 49 30 4C 50 43 42 4C 50 43 52  _SB_PCI0LPCBLPCR
    A1B0: 02 0A 80 0A 04 5B 81 48 06 5C 2F 04 5F 53 42 5F  .....[.H.\/._SB_
    A1C0: 50 43 49 30 4C 50 43 42 4C 50 43 52 01 43 41 44  PCI0LPCBLPCR.CAD
    A1D0: 52 03 00 01 43 42 44 52 03 00 01 4C 54 44 52 02  R...CBDR...LTDR.
    A1E0: 00 02 46 44 44 52 01 00 03 43 41 4C 45 01 43 42  ..FDDR...CALE.CB
    A1F0: 4C 45 01 4C 54 4C 45 01 46 44 4C 45 01 00 04 47  LE.LTLE.FDLE...G
    A200: 4C 4C 45 01 47 48 4C 45 01 4B 43 4C 45 01 4D 43  LLE.GHLE.KCLE.MC
    A210: 4C 45 01 43 31 4C 45 01 43 32 4C 45 01 00 02 14  LE.C1LE.C2LE....
    A220: 40 0A 55 58 44 56 09 08 5F 54 5F 30 00 70 0A FF  @.UXDV.._T_0.p..
    A230: 60 A2 4C 08 01 70 72 68 00 00 5F 54 5F 30 A0 0C  `.L..prh.._T_0..
    A240: 93 5F 54 5F 30 0B F8 03 70 00 60 A1 41 07 A0 0C  ._T_0...p.`.A...
    A250: 93 5F 54 5F 30 0B F8 02 70 01 60 A1 41 06 A0 0D  ._T_0...p.`.A...
    A260: 93 5F 54 5F 30 0B 20 02 70 0A 02 60 A1 40 05 A0  ._T_0. .p..`.@..
    A270: 0D 93 5F 54 5F 30 0B 28 02 70 0A 03 60 A1 3F A0  .._T_0.(.p..`.?.
    A280: 0D 93 5F 54 5F 30 0B 38 02 70 0A 04 60 A1 2F A0  .._T_0.8.p..`./.
    A290: 0D 93 5F 54 5F 30 0B E8 02 70 0A 05 60 A1 1F A0  .._T_0...p..`...
    A2A0: 0D 93 5F 54 5F 30 0B 38 03 70 0A 06 60 A1 0F A0  .._T_0.8.p..`...
    A2B0: 0D 93 5F 54 5F 30 0B E8 03 70 0A 07 60 A5 A4 60  .._T_0...p..`..`
    A2C0: 14 47 22 52 52 49 4F 0C 08 5F 54 5F 30 00 A2 49  .G"RRIO.._T_0..I
    A2D0: 21 01 70 72 68 00 00 5F 54 5F 30 A0 2A 93 5F 54  !.prh.._T_0.*._T
    A2E0: 5F 30 00 70 00 43 41 4C 45 70 55 58 44 56 6A 60  _0.p.CALEpUXDVj`
    A2F0: A0 0C 92 93 60 0A FF 70 60 43 41 44 52 A0 08 69  ....`..p`CADR..i
    A300: 70 01 43 41 4C 45 A1 40 1E A0 2A 93 5F 54 5F 30  p.CALE.@..*._T_0
    A310: 01 70 00 43 42 4C 45 70 55 58 44 56 6A 60 A0 0C  .p.CBLEpUXDVj`..
    A320: 92 93 60 0A FF 70 60 43 42 44 52 A0 08 69 70 01  ..`..p`CBDR..ip.
    A330: 43 42 4C 45 A1 42 1B A0 3F 93 5F 54 5F 30 0A 02  CBLE.B..?._T_0..
    A340: 70 00 4C 54 4C 45 A0 0C 93 6A 0B 78 03 70 00 4C  p.LTLE...j.x.p.L
    A350: 54 44 52 A0 0C 93 6A 0B 78 02 70 01 4C 54 44 52  TDR...j.x.p.LTDR
    A360: A0 0D 93 6A 0B BC 03 70 0A 02 4C 54 44 52 A0 08  ...j...p..LTDR..
    A370: 69 70 01 4C 54 4C 45 A1 4F 16 A0 31 93 5F 54 5F  ip.LTLE.O..1._T_
    A380: 30 0A 03 70 00 46 44 4C 45 A0 0C 93 6A 0B F0 03  0..p.FDLE...j...
    A390: 70 00 46 44 44 52 A0 0C 93 6A 0B 70 03 70 01 46  p.FDDR...j.p.p.F
    A3A0: 44 44 52 A0 08 69 70 01 46 44 4C 45 A1 4A 13 A0  DDR..ip.FDLE.J..
    A3B0: 38 93 5F 54 5F 30 0A 08 A0 17 93 6A 0B 00 02 A0  8._T_0.....j....
    A3C0: 08 69 70 01 47 4C 4C 45 A1 07 70 00 47 4C 4C 45  .ip.GLLE..p.GLLE
    A3D0: A0 17 93 6A 0B 08 02 A0 08 69 70 01 47 48 4C 45  ...j.....ip.GHLE
    A3E0: A1 07 70 00 47 48 4C 45 A1 4E 0F A0 38 93 5F 54  ..p.GHLE.N..8._T
    A3F0: 5F 30 0A 09 A0 17 93 6A 0B 00 02 A0 08 69 70 01  _0.....j.....ip.
    A400: 47 4C 4C 45 A1 07 70 00 47 4C 4C 45 A0 17 93 6A  GLLE..p.GLLE...j
    A410: 0B 08 02 A0 08 69 70 01 47 48 4C 45 A1 07 70 00  .....ip.GHLE..p.
    A420: 47 48 4C 45 A1 42 0C A0 24 93 5F 54 5F 30 0A 0A  GHLE.B..$._T_0..
    A430: A0 1B 91 93 6A 0A 60 93 6A 0A 64 A0 08 69 70 01  ....j.`.j.d..ip.
    A440: 4B 43 4C 45 A1 07 70 00 4B 43 4C 45 A1 4A 09 A0  KCLE..p.KCLE.J..
    A450: 24 93 5F 54 5F 30 0A 0B A0 1B 91 93 6A 0A 62 93  $._T_0......j.b.
    A460: 6A 0A 66 A0 08 69 70 01 4D 43 4C 45 A1 07 70 00  j.f..ip.MCLE..p.
    A470: 4D 43 4C 45 A1 42 07 A0 36 93 5F 54 5F 30 0A 0C  MCLE.B..6._T_0..
    A480: A0 16 93 6A 0A 2E A0 08 69 70 01 43 31 4C 45 A1  ...j....ip.C1LE.
    A490: 07 70 00 43 31 4C 45 A0 16 93 6A 0A 4E A0 08 69  .p.C1LE...j.N..i
    A4A0: 70 01 43 32 4C 45 A1 07 70 00 43 32 4C 45 A1 38  p.C2LE..p.C2LE.8
    A4B0: A0 36 93 5F 54 5F 30 0A 0D A0 16 93 6A 0A 2E A0  .6._T_0.....j...
    A4C0: 08 69 70 01 43 31 4C 45 A1 07 70 00 43 31 4C 45  .ip.C1LE..p.C1LE
    A4D0: A0 16 93 6A 0A 4E A0 08 69 70 01 43 32 4C 45 A1  ...j.N..ip.C2LE.
    A4E0: 07 70 00 43 32 4C 45 A5 14 06 52 44 4D 41 03 10  .p.C2LE...RDMA..
    A4F0: 43 15 2E 5F 53 42 5F 50 43 49 30 08 50 41 30 48  C.._SB_PCI0.PA0H
    A500: 00 08 50 41 31 48 00 08 50 41 31 4C 00 08 50 41  ..PA1H..PA1L..PA
    A510: 32 48 00 08 50 41 32 4C 00 08 50 41 33 48 00 08  2H..PA2L..PA3H..
    A520: 50 41 33 4C 00 08 50 41 34 48 00 08 50 41 34 4C  PA3L..PA4H..PA4L
    A530: 00 08 50 41 35 48 00 08 50 41 35 4C 00 08 50 41  ..PA5H..PA5L..PA
    A540: 36 48 00 08 50 41 36 4C 00 14 4C 07 4E 50 54 53  6H..PA6L..L.NPTS
    A550: 01 70 50 4D 30 48 50 41 30 48 70 50 4D 31 48 50  .pPM0HPA0HpPM1HP
    A560: 41 31 48 70 50 4D 31 4C 50 41 31 4C 70 50 4D 32  A1HpPM1LPA1LpPM2
    A570: 48 50 41 32 48 70 50 4D 32 4C 50 41 32 4C 70 50  HPA2HpPM2LPA2LpP
    A580: 4D 33 48 50 41 33 48 70 50 4D 33 4C 50 41 33 4C  M3HPA3HpPM3LPA3L
    A590: 70 50 4D 34 48 50 41 34 48 70 50 4D 34 4C 50 41  pPM4HPA4HpPM4LPA
    A5A0: 34 4C 70 50 4D 35 48 50 41 35 48 70 50 4D 35 4C  4LpPM5HPA5HpPM5L
    A5B0: 50 41 35 4C 70 50 4D 36 48 50 41 36 48 70 50 4D  PA5LpPM6HPA6HpPM
    A5C0: 36 4C 50 41 36 4C 14 4C 07 4E 57 41 4B 01 70 50  6LPA6L.L.NWAK.pP
    A5D0: 41 30 48 50 4D 30 48 70 50 41 31 48 50 4D 31 48  A0HPM0HpPA1HPM1H
    A5E0: 70 50 41 31 4C 50 4D 31 4C 70 50 41 32 48 50 4D  pPA1LPM1LpPA2HPM
    A5F0: 32 48 70 50 41 32 4C 50 4D 32 4C 70 50 41 33 48  2HpPA2LPM2LpPA3H
    A600: 50 4D 33 48 70 50 41 33 4C 50 4D 33 4C 70 50 41  PM3HpPA3LPM3LpPA
    A610: 34 48 50 4D 34 48 70 50 41 34 4C 50 4D 34 4C 70  4HPM4HpPA4LPM4Lp
    A620: 50 41 35 48 50 4D 35 48 70 50 41 35 4C 50 4D 35  PA5HPM5HpPA5LPM5
    A630: 4C 70 50 41 36 48 50 4D 36 48 70 50 41 36 4C 50  LpPA6HPM6HpPA6LP
    A640: 4D 36 4C 10 8C 5E 01 2E 5F 53 42 5F 50 43 49 30  M6L..^.._SB_PCI0
    A650: 08 4C 54 52 53 00 08 4F 42 46 53 00 5B 82 4C 21  .LTRS..OBFS.[.L!
    A660: 50 45 47 30 08 5F 41 44 52 0C 00 00 01 00 5B 80  PEG0._ADR.....[.
    A670: 50 45 47 52 02 0A C0 0A 30 5B 81 1C 50 45 47 52  PEGR....0[..PEGR
    A680: 03 00 10 50 53 54 53 01 00 4F 14 47 45 4E 47 01  ...PSTS..O.GENG.
    A690: 00 01 50 4D 45 47 01 14 0F 5F 50 52 57 00 A4 47  ..PMEG..._PRW..G
    A6A0: 50 52 57 0A 09 0A 04 14 23 5F 50 53 57 01 A0 0E  PRW.....#_PSW...
    A6B0: 68 70 01 47 45 4E 47 70 01 50 4D 45 47 A1 0D 70  hp.GENGp.PMEG..p
    A6C0: 00 47 45 4E 47 70 00 50 4D 45 47 14 0C 48 50 4D  .GENGp.PMEG..HPM
    A6D0: 45 08 70 01 50 53 54 53 14 16 5F 50 52 54 00 A0  E.p.PSTS.._PRT..
    A6E0: 0A 50 49 43 4D A4 41 52 30 32 A4 50 52 30 32 14  .PICM.AR02.PR02.
    A6F0: 18 5F 49 4E 49 00 70 4C 54 52 41 4C 54 52 53 70  ._INI.pLTRALTRSp
    A700: 4F 42 46 41 4F 42 46 53 08 4C 54 52 56 12 06 04  OBFAOBFS.LTRV...
    A710: 00 00 00 00 08 4F 50 54 53 00 14 42 14 5F 44 53  .....OPTS..B._DS
    A720: 4D 0C 08 5F 54 5F 31 00 08 5F 54 5F 30 00 A2 49  M.._T_1.._T_0..I
    A730: 12 01 70 99 68 00 5F 54 5F 30 A0 4C 11 93 5F 54  ..p.h._T_0.L.._T
    A740: 5F 30 11 13 0A 10 D0 37 C9 E5 53 35 7A 4D 91 17  _0.....7..S5zM..
    A750: EA 4D 19 C3 43 4D A2 40 10 01 70 99 6A 00 5F 54  .M..CM.@..p.j._T
    A760: 5F 31 A0 3E 93 5F 54 5F 31 00 A0 32 93 69 0A 02  _1.>._T_1..2.i..
    A770: 70 01 4F 50 54 53 A0 10 4C 54 52 53 7D 4F 50 54  p.OPTS..LTRS}OPT
    A780: 53 0A 40 4F 50 54 53 A0 10 4F 42 46 53 7D 4F 50  S.@OPTS..OBFS}OP
    A790: 54 53 0A 10 4F 50 54 53 A4 4F 50 54 53 A1 03 A4  TS..OPTS.OPTS...
    A7A0: 00 A1 44 0B A0 41 04 93 5F 54 5F 31 0A 04 A0 37  ..D..A.._T_1...7
    A7B0: 93 69 0A 02 A0 1A 4F 42 46 53 A4 11 13 0A 10 00  .i....OBFS......
    A7C0: 00 00 00 00 00 00 00 00 00 00 08 00 00 00 00 A1  ................
    A7D0: 16 A4 11 13 0A 10 00 00 00 00 00 00 00 00 00 00  ................
    A7E0: 00 00 00 00 00 00 A1 4F 06 A0 4C 06 93 5F 54 5F  .......O..L.._T_
    A7F0: 31 0A 06 A0 42 06 93 69 0A 02 A0 47 05 4C 54 52  1...B..i...G.LTR
    A800: 53 70 7B 7A 53 4D 53 4C 0A 0A 00 0A 07 00 88 4C  Sp{zSMSL.......L
    A810: 54 52 56 00 00 70 7B 53 4D 53 4C 0B FF 03 00 88  TRV..p{SMSL.....
    A820: 4C 54 52 56 01 00 70 7B 7A 53 4E 53 4C 0A 0A 00  LTRV..p{zSNSL...
    A830: 0A 07 00 88 4C 54 52 56 0A 02 00 70 7B 53 4E 53  ....LTRV...p{SNS
    A840: 4C 0B FF 03 00 88 4C 54 52 56 0A 03 00 A4 4C 54  L.....LTRV....LT
    A850: 52 56 A1 03 A4 00 A5 A5 A4 11 03 01 00 5B 82 1B  RV...........[..
    A860: 50 45 47 50 08 5F 41 44 52 00 14 0F 5F 50 52 57  PEGP._ADR..._PRW
    A870: 00 A4 47 50 52 57 0A 09 0A 04 5B 82 4F 1F 50 45  ..GPRW....[.O.PE
    A880: 47 31 08 5F 41 44 52 0C 01 00 01 00 5B 80 50 45  G1._ADR.....[.PE
    A890: 47 52 02 0A C0 0A 30 5B 81 1C 50 45 47 52 03 00  GR....0[..PEGR..
    A8A0: 10 50 53 54 53 01 00 4F 14 47 45 4E 47 01 00 01  .PSTS..O.GENG...
    A8B0: 50 4D 45 47 01 14 0F 5F 50 52 57 00 A4 47 50 52  PMEG..._PRW..GPR
    A8C0: 57 0A 09 0A 04 14 23 5F 50 53 57 01 A0 0E 68 70  W.....#_PSW...hp
    A8D0: 01 47 45 4E 47 70 01 50 4D 45 47 A1 0D 70 00 47  .GENGp.PMEG..p.G
    A8E0: 45 4E 47 70 00 50 4D 45 47 14 0C 48 50 4D 45 08  ENGp.PMEG..HPME.
    A8F0: 70 01 50 53 54 53 14 16 5F 50 52 54 00 A0 0A 50  p.PSTS.._PRT...P
    A900: 49 43 4D A4 41 52 30 41 A4 50 52 30 41 14 18 5F  ICM.AR0A.PR0A.._
    A910: 49 4E 49 00 70 4C 54 52 42 4C 54 52 53 70 4F 42  INI.pLTRBLTRSpOB
    A920: 46 42 4F 42 46 53 08 4C 54 52 56 12 06 04 00 00  FBOBFS.LTRV.....
    A930: 00 00 08 4F 50 54 53 00 14 42 14 5F 44 53 4D 0C  ...OPTS..B._DSM.
    A940: 08 5F 54 5F 31 00 08 5F 54 5F 30 00 A2 49 12 01  ._T_1.._T_0..I..
    A950: 70 99 68 00 5F 54 5F 30 A0 4C 11 93 5F 54 5F 30  p.h._T_0.L.._T_0
    A960: 11 13 0A 10 D0 37 C9 E5 53 35 7A 4D 91 17 EA 4D  .....7..S5zM...M
    A970: 19 C3 43 4D A2 40 10 01 70 99 6A 00 5F 54 5F 31  ..CM.@..p.j._T_1
    A980: A0 3E 93 5F 54 5F 31 00 A0 32 93 69 0A 02 70 01  .>._T_1..2.i..p.
    A990: 4F 50 54 53 A0 10 4C 54 52 53 7D 4F 50 54 53 0A  OPTS..LTRS}OPTS.
    A9A0: 40 4F 50 54 53 A0 10 4F 42 46 53 7D 4F 50 54 53  @OPTS..OBFS}OPTS
    A9B0: 0A 10 4F 50 54 53 A4 4F 50 54 53 A1 03 A4 00 A1  ..OPTS.OPTS.....
    A9C0: 44 0B A0 41 04 93 5F 54 5F 31 0A 04 A0 37 93 69  D..A.._T_1...7.i
    A9D0: 0A 02 A0 1A 4F 42 46 53 A4 11 13 0A 10 00 00 00  ....OBFS........
    A9E0: 00 00 00 00 00 00 00 00 08 00 00 00 00 A1 16 A4  ................
    A9F0: 11 13 0A 10 00 00 00 00 00 00 00 00 00 00 00 00  ................
    AA00: 00 00 00 00 A1 4F 06 A0 4C 06 93 5F 54 5F 31 0A  .....O..L.._T_1.
    AA10: 06 A0 42 06 93 69 0A 02 A0 47 05 4C 54 52 53 70  ..B..i...G.LTRSp
    AA20: 7B 7A 53 4D 53 4C 0A 0A 00 0A 07 00 88 4C 54 52  {zSMSL.......LTR
    AA30: 56 00 00 70 7B 53 4D 53 4C 0B FF 03 00 88 4C 54  V..p{SMSL.....LT
    AA40: 52 56 01 00 70 7B 7A 53 4E 53 4C 0A 0A 00 0A 07  RV..p{zSNSL.....
    AA50: 00 88 4C 54 52 56 0A 02 00 70 7B 53 4E 53 4C 0B  ..LTRV...p{SNSL.
    AA60: FF 03 00 88 4C 54 52 56 0A 03 00 A4 4C 54 52 56  ....LTRV....LTRV
    AA70: A1 03 A4 00 A5 A5 A4 11 03 01 00 5B 82 4A 0A 50  ...........[.J.P
    AA80: 45 47 32 08 5F 41 44 52 0C 02 00 01 00 5B 80 50  EG2._ADR.....[.P
    AA90: 45 47 52 02 0A C0 0A 30 5B 81 1C 50 45 47 52 03  EGR....0[..PEGR.
    AAA0: 00 10 50 53 54 53 01 00 4F 14 47 45 4E 47 01 00  ..PSTS..O.GENG..
    AAB0: 01 50 4D 45 47 01 14 0F 5F 50 52 57 00 A4 47 50  .PMEG..._PRW..GP
    AAC0: 52 57 0A 09 0A 04 14 23 5F 50 53 57 01 A0 0E 68  RW.....#_PSW...h
    AAD0: 70 01 47 45 4E 47 70 01 50 4D 45 47 A1 0D 70 00  p.GENGp.PMEG..p.
    AAE0: 47 45 4E 47 70 00 50 4D 45 47 14 0C 48 50 4D 45  GENGp.PMEG..HPME
    AAF0: 08 70 01 50 53 54 53 14 16 5F 50 52 54 00 A0 0A  .p.PSTS.._PRT...
    AB00: 50 49 43 4D A4 41 52 30 42 A4 50 52 30 42 14 18  PICM.AR0B.PR0B..
    AB10: 5F 49 4E 49 00 70 4C 54 52 43 4C 54 52 53 70 4F  _INI.pLTRCLTRSpO
    AB20: 42 46 43 4F 42 46 53 5B 82 48 4E 42 30 44 33 08  BFCOBFS[.HNB0D3.
    AB30: 5F 41 44 52 0C 00 00 03 00 08 42 41 52 41 0C 00  _ADR......BARA..
    AB40: 00 00 80 08 54 42 41 52 00 08 54 43 4D 44 00 08  ....TBAR..TCMD..
    AB50: 4D 4F 44 42 00 14 16 5F 53 54 41 00 A0 0D 92 93  MODB..._STA.....
    AB60: 41 55 56 44 0B FF FF A4 0A 0F A4 00 14 32 5F 49  AUVD.........2_I
    AB70: 4E 49 00 A0 2B 90 92 93 7B 41 42 41 52 0C 04 C0  NI..+...{ABAR...
    AB80: FF FF 00 0C 04 C0 FF FF 92 93 7B 41 42 41 52 0C  ..........{ABAR.
    AB90: 00 C0 FF FF 00 00 70 41 42 41 52 42 41 52 41 5B  ......pABARBARA[
    ABA0: 80 52 50 43 53 00 58 42 41 53 0C 40 80 01 00 5B  .RPCS.XBAS.@...[
    ABB0: 81 17 52 50 43 53 00 00 80 02 C0 41 43 4D 44 08  ..RPCS.....ACMD.
    ABC0: 00 48 05 41 42 41 52 20 5B 80 52 50 43 5A 02 00  .H.ABAR [.RPCZ..
    ABD0: 0A 40 5B 81 0B 52 50 43 5A 13 41 55 56 44 10 14  .@[..RPCZ.AUVD..
    ABE0: 4A 08 41 53 54 52 08 A0 42 08 90 92 93 7B 41 42  J.ASTR..B....{AB
    ABF0: 41 52 0C 04 C0 FF FF 00 0C 04 C0 FF FF 92 93 7B  AR.............{
    AC00: 41 42 41 52 0C 00 C0 FF FF 00 00 7B 41 42 41 52  ABAR.......{ABAR
    AC10: 0C F0 FF FF FF 42 42 41 52 72 42 42 41 52 0B 00  .....BBARrBBAR..
    AC20: 10 42 42 41 52 5B 80 52 50 43 59 00 42 42 41 52  .BBAR[.RPCY.BBAR
    AC30: 0A 25 5B 81 1B 52 50 43 59 03 00 40 06 45 4D 34  .%[..RPCY..@.EM4
    AC40: 57 20 45 4D 57 41 20 00 40 04 41 44 57 41 20 70  W EMWA .@.ADWA p
    AC50: 41 55 44 41 45 4D 57 41 70 41 55 44 42 41 44 57  AUDAEMWApAUDBADW
    AC60: 41 70 41 55 44 43 45 4D 34 57 14 4D 0F 56 53 54  ApAUDCEM4W.M.VST
    AC70: 52 09 08 43 4F 4E 54 0B E8 03 08 41 44 44 52 0C  R..CONT....ADDR.
    AC80: 00 00 00 80 70 68 41 44 44 52 5B 80 43 43 44 43  ....phADDR[.CCDC
    AC90: 00 41 44 44 52 0A 04 5B 81 0B 43 43 44 43 01 43  .ADDR..[..CCDC.C
    ACA0: 44 45 43 20 A0 43 0C 90 92 93 7B 41 42 41 52 0C  DEC .C....{ABAR.
    ACB0: 04 C0 FF FF 00 0C 04 C0 FF FF 92 93 7B 41 42 41  ............{ABA
    ACC0: 52 0C 00 C0 FF FF 00 00 A0 4F 09 92 93 43 44 45  R........O...CDE
    ACD0: 43 00 7B 41 42 41 52 0C F0 FF FF FF 42 42 41 52  C.{ABAR.....BBAR
    ACE0: 5B 80 49 50 43 56 00 42 42 41 52 0A 70 5B 81 15  [.IPCV.BBAR.p[..
    ACF0: 49 50 43 56 03 00 40 30 41 56 49 43 20 00 20 41  IPCV..@0AVIC . A
    AD00: 49 52 53 10 70 0B E8 03 43 4F 4E 54 A2 1A 90 93  IRS.p...CONT....
    AD10: 7B 41 49 52 53 01 00 01 92 93 43 4F 4E 54 00 5B  {AIRS.....CONT.[
    AD20: 21 01 76 43 4F 4E 54 7D 41 49 52 53 0A 02 41 49  !.vCONT}AIRS..AI
    AD30: 52 53 70 43 44 45 43 41 56 49 43 7D 41 49 52 53  RSpCDECAVIC}AIRS
    AD40: 01 41 49 52 53 70 0B E8 03 43 4F 4E 54 A2 1A 90  .AIRSp...CONT...
    AD50: 93 7B 41 49 52 53 01 00 01 92 93 43 4F 4E 54 00  .{AIRS.....CONT.
    AD60: 5B 21 01 76 43 4F 4E 54 14 44 05 43 58 44 43 08  [!.vCONT.D.CXDC.
    AD70: 08 49 44 44 58 0C 00 00 00 80 A0 42 04 90 92 93  .IDDX......B....
    AD80: 43 43 53 41 00 92 93 43 43 4E 54 00 70 43 43 53  CCSA...CCNT.pCCS
    AD90: 41 49 44 44 58 A2 27 95 49 44 44 58 72 43 43 53  AIDDX.'.IDDXrCCS
    ADA0: 41 77 43 43 4E 54 0A 04 00 00 56 53 54 52 49 44  AwCCNT....VSTRID
    ADB0: 44 58 72 49 44 44 58 0A 04 49 44 44 58 14 4C 0B  DXrIDDX..IDDX.L.
    ADC0: 41 52 53 54 08 A0 44 0B 90 92 93 7B 41 42 41 52  ARST..D....{ABAR
    ADD0: 0C 04 C0 FF FF 00 0C 04 C0 FF FF 92 93 7B 41 42  .............{AB
    ADE0: 41 52 0C 00 C0 FF FF 00 00 7B 41 42 41 52 0C F0  AR.......{ABAR..
    ADF0: FF FF FF 42 42 41 52 5B 80 49 50 43 56 00 42 42  ...BBAR[.IPCV.BB
    AE00: 41 52 0A BF 5B 81 2E 49 50 43 56 00 00 40 04 43  AR..[..IPCV..@.C
    AE10: 52 53 54 20 00 40 20 43 4F 52 42 20 00 40 06 52  RST .@ CORB .@.R
    AE20: 49 52 42 20 00 40 10 4F 53 44 31 20 00 40 0E 4F  IRB .@.OSD1 .@.O
    AE30: 53 44 32 20 7B 43 4F 52 42 0C FD FF FF FF 43 4F  SD2 {CORB.....CO
    AE40: 52 42 7B 52 49 52 42 0C FD FF FF FF 52 49 52 42  RB{RIRB.....RIRB
    AE50: 7B 4F 53 44 31 0C FD FF FF FF 4F 53 44 31 7B 4F  {OSD1.....OSD1{O
    AE60: 53 44 32 0C FD FF FF FF 4F 53 44 32 7B 43 52 53  SD2.....OSD2{CRS
    AE70: 54 0C FE FF FF FF 43 52 53 54 14 4A 11 41 49 4E  T.....CRST.J.AIN
    AE80: 49 08 08 43 4F 4E 54 0B E8 03 A0 4A 10 90 92 93  I..CONT....J....
    AE90: 7B 41 42 41 52 0C 04 C0 FF FF 00 0C 04 C0 FF FF  {ABAR...........
    AEA0: 92 93 7B 41 42 41 52 0C 00 C0 FF FF 00 00 7B 41  ..{ABAR.......{A
    AEB0: 42 41 52 0C F0 FF FF FF 42 42 41 52 5B 80 49 50  BAR.....BBAR[.IP
    AEC0: 43 56 00 42 42 41 52 0A 70 5B 81 28 49 50 43 56  CV.BBAR.p[.(IPCV
    AED0: 03 47 43 41 50 10 00 30 47 43 54 4C 20 00 10 53  .GCAP..0GCTL ..S
    AEE0: 53 54 53 08 00 48 28 41 56 49 43 20 00 20 41 49  STS..H(AVIC . AI
    AEF0: 52 53 10 7D 47 43 54 4C 01 47 43 54 4C 70 0B E8  RS.}GCTL.GCTLp..
    AF00: 03 43 4F 4E 54 A2 1A 90 93 7B 47 43 54 4C 01 00  .CONT....{GCTL..
    AF10: 00 92 93 43 4F 4E 54 00 5B 21 01 76 43 4F 4E 54  ...CONT.[!.vCONT
    AF20: 7B 47 43 41 50 0B FF FF 47 43 41 50 7D 53 53 54  {GCAP...GCAP}SST
    AF30: 53 0A 0F 53 53 54 53 7B 47 43 54 4C 0C FE FF FF  S..SSTS{GCTL....
    AF40: FF 47 43 54 4C 70 0B E8 03 43 4F 4E 54 A2 1A 90  .GCTLp...CONT...
    AF50: 93 7B 47 43 54 4C 01 00 01 92 93 43 4F 4E 54 00  .{GCTL.....CONT.
    AF60: 5B 21 01 76 43 4F 4E 54 7D 47 43 54 4C 01 47 43  [!.vCONT}GCTL.GC
    AF70: 54 4C 70 0B E8 03 43 4F 4E 54 A2 1A 90 93 7B 47  TLp...CONT....{G
    AF80: 43 54 4C 01 00 00 92 93 43 4F 4E 54 00 5B 21 01  CTL.....CONT.[!.
    AF90: 76 43 4F 4E 54 14 4B 07 41 42 57 41 09 A0 4E 04  vCONT.K.ABWA..N.
    AFA0: 68 A0 4A 04 90 92 93 7B 42 41 52 41 0C 00 00 00  h.J....{BARA....
    AFB0: 80 00 0C 00 00 00 80 93 7B 41 42 41 52 0C 00 C0  ........{ABAR...
    AFC0: FF FF 00 00 70 41 42 41 52 54 42 41 52 70 41 43  ....pABARTBARpAC
    AFD0: 4D 44 54 43 4D 44 70 42 41 52 41 41 42 41 52 70  MDTCMDpBARAABARp
    AFE0: 0A 06 41 43 4D 44 70 01 4D 4F 44 42 A1 24 A0 22  ..ACMDp.MODB.$."
    AFF0: 4D 4F 44 42 A0 1C 93 41 42 41 52 42 41 52 41 70  MODB...ABARBARAp
    B000: 54 42 41 52 41 42 41 52 70 54 43 4D 44 41 43 4D  TBARABARpTCMDACM
    B010: 44 5B 82 4D C1 47 46 58 30 08 5F 41 44 52 0C 00  D[.M.GFX0._ADR..
    B020: 00 02 00 14 41 05 5F 44 45 50 00 41 44 42 47 0D  ....A._DEP.ADBG.
    B030: 47 46 58 30 20 44 45 50 20 43 61 6C 6C 00 A0 1D  GFX0 DEP Call...
    B040: 93 53 30 49 44 01 41 44 42 47 0D 47 46 58 30 20  .S0ID.ADBG.GFX0 
    B050: 44 45 50 00 A4 12 06 01 50 45 50 44 A1 18 41 44  DEP.....PEPD..AD
    B060: 42 47 0D 47 46 58 30 20 44 45 50 20 4E 55 4C 4C  BG.GFX0 DEP NULL
    B070: 00 A4 12 02 00 10 2C 5E 5E 50 43 49 30 5B 80 4D  ......,^^PCI0[.M
    B080: 43 48 50 02 0A 40 0A C0 5B 81 18 4D 43 48 50 00  CHP..@..[..MCHP.
    B090: 00 40 0A 41 55 44 45 08 00 48 25 54 41 53 4D 0A  .@.AUDE..H%TASM.
    B0A0: 00 06 5B 80 49 47 44 50 02 0A 40 0A C0 5B 81 45  ..[.IGDP..@..[.E
    B0B0: 05 49 47 44 50 00 00 40 09 00 01 47 49 56 44 01  .IGDP..@...GIVD.
    B0C0: 00 02 47 55 4D 41 03 00 09 00 04 47 4D 46 4E 01  ..GUMA.....GMFN.
    B0D0: 00 1B 00 40 46 41 53 4C 45 08 00 18 47 53 53 45  ...@FASLE...GSSE
    B0E0: 01 47 53 53 42 0E 47 53 45 53 01 00 30 00 0C 43  .GSSB.GSES..0..C
    B0F0: 44 56 4C 01 00 03 00 18 4C 42 50 43 08 00 30 41  DVL.....LBPC..0A
    B100: 53 4C 53 20 5B 80 49 47 44 4D 00 41 53 4C 42 0B  SLS [.IGDM.ASLB.
    B110: 00 20 5B 81 42 20 49 47 44 4D 00 53 49 47 4E 40  . [.B IGDM.SIGN@
    B120: 08 53 49 5A 45 20 4F 56 45 52 20 53 56 45 52 40  .SIZE OVER SVER@
    B130: 10 56 56 45 52 40 08 47 56 45 52 40 08 4D 42 4F  .VVER@.GVER@.MBO
    B140: 58 20 44 4D 4F 44 20 50 43 4F 4E 20 44 56 45 52  X DMOD PCON DVER
    B150: 40 04 00 40 4A 44 52 44 59 20 43 53 54 53 20 43  @..@JDRDY CSTS C
    B160: 45 56 54 20 00 40 0A 44 49 44 4C 20 44 44 4C 32  EVT .@.DIDL DDL2
    B170: 20 44 44 4C 33 20 44 44 4C 34 20 44 44 4C 35 20   DDL3 DDL4 DDL5 
    B180: 44 44 4C 36 20 44 44 4C 37 20 44 44 4C 38 20 43  DDL6 DDL7 DDL8 C
    B190: 50 44 4C 20 43 50 4C 32 20 43 50 4C 33 20 43 50  PDL CPL2 CPL3 CP
    B1A0: 4C 34 20 43 50 4C 35 20 43 50 4C 36 20 43 50 4C  L4 CPL5 CPL6 CPL
    B1B0: 37 20 43 50 4C 38 20 43 41 44 4C 20 43 41 4C 32  7 CPL8 CADL CAL2
    B1C0: 20 43 41 4C 33 20 43 41 4C 34 20 43 41 4C 35 20   CAL3 CAL4 CAL5 
    B1D0: 43 41 4C 36 20 43 41 4C 37 20 43 41 4C 38 20 4E  CAL6 CAL7 CAL8 N
    B1E0: 41 44 4C 20 4E 44 4C 32 20 4E 44 4C 33 20 4E 44  ADL NDL2 NDL3 ND
    B1F0: 4C 34 20 4E 44 4C 35 20 4E 44 4C 36 20 4E 44 4C  L4 NDL5 NDL6 NDL
    B200: 37 20 4E 44 4C 38 20 41 53 4C 50 20 54 49 44 58  7 NDL8 ASLP TIDX
    B210: 20 43 48 50 44 20 43 4C 49 44 20 43 44 43 4B 20   CHPD CLID CDCK 
    B220: 53 58 53 57 20 45 56 54 53 20 43 4E 4F 54 20 4E  SXSW EVTS CNOT N
    B230: 52 44 59 20 44 44 4C 39 20 44 44 31 30 20 44 44  RDY DDL9 DD10 DD
    B240: 31 31 20 44 44 31 32 20 44 44 31 33 20 44 44 31  11 DD12 DD13 DD1
    B250: 34 20 44 44 31 35 20 43 50 4C 39 20 43 50 31 30  4 DD15 CPL9 CP10
    B260: 20 43 50 31 31 20 43 50 31 32 20 43 50 31 33 20   CP11 CP12 CP13 
    B270: 43 50 31 34 20 43 50 31 35 20 00 20 53 43 49 45  CP14 CP15 . SCIE
    B280: 01 47 45 46 43 04 47 58 46 43 03 47 45 53 46 08  .GEFC.GXFC.GESF.
    B290: 00 10 50 41 52 4D 20 44 53 4C 50 20 00 40 7A 41  ..PARM DSLP .@zA
    B2A0: 52 44 59 20 41 53 4C 43 20 54 43 48 45 20 41 4C  RDY ASLC TCHE AL
    B2B0: 53 49 20 42 43 4C 50 20 50 46 49 54 20 43 42 4C  SI BCLP PFIT CBL
    B2C0: 56 20 42 43 4C 4D 40 14 43 50 46 4D 20 45 50 46  V BCLM@.CPFM EPF
    B2D0: 4D 20 50 4C 55 54 40 25 50 46 4D 42 20 43 43 44  M PLUT@%PFMB CCD
    B2E0: 56 20 50 43 46 54 20 53 52 4F 54 20 49 55 45 52  V PCFT SROT IUER
    B2F0: 20 46 44 53 50 40 04 46 44 53 53 20 53 54 41 54   FDSP@.FDSS STAT
    B300: 20 00 40 23 47 56 44 31 80 00 0C 50 48 45 44 20   .@#GVD1...PHED 
    B310: 42 44 44 43 40 80 08 44 42 54 42 12 32 15 00 0A  BDDC@..DBTB.2...
    B320: 07 0A 38 0B C0 01 0B 00 0E 0A 3F 0B C7 01 0B 07  ..8.......?.....
    B330: 0E 0B F8 01 0B 38 0E 0B C0 0F 00 00 00 00 00 0B  .....8..........
    B340: 00 70 0B 07 70 0B 38 70 0B C0 71 0B 00 7E 08 43  .p..p.8p..q..~.C
    B350: 44 43 54 12 27 05 12 07 02 0A E4 0B 40 01 12 07  DCT.'.......@...
    B360: 02 0A DE 0B 4D 01 12 07 02 0A DE 0B 4D 01 12 04  ....M.......M...
    B370: 02 00 00 12 07 02 0A DE 0B 4D 01 08 53 55 43 43  .........M..SUCC
    B380: 01 08 4E 56 4C 44 0A 02 08 43 52 49 54 0A 04 08  ..NVLD...CRIT...
    B390: 4E 43 52 54 0A 06 14 45 58 47 53 43 49 08 14 40  NCRT...EXGSCI..@
    B3A0: 1D 47 42 44 41 08 A0 1A 93 47 45 53 46 00 70 0B  .GBDA....GESF.p.
    B3B0: 59 06 50 41 52 4D 70 00 47 45 53 46 A4 53 55 43  Y.PARMp.GESF.SUC
    B3C0: 43 A0 30 93 47 45 53 46 01 70 0C 82 04 30 00 50  C.0.GESF.p...0.P
    B3D0: 41 52 4D A0 13 93 53 30 49 44 01 7D 50 41 52 4D  ARM...S0ID.}PARM
    B3E0: 0B 00 01 50 41 52 4D 70 00 47 45 53 46 A4 53 55  ...PARMp.GESF.SU
    B3F0: 43 43 A0 47 04 93 47 45 53 46 0A 04 7B 50 41 52  CC.G..GESF..{PAR
    B400: 4D 0C 00 00 FF EF 50 41 52 4D 7B 50 41 52 4D 79  M.....PARM{PARMy
    B410: 83 88 44 42 54 42 49 42 54 54 00 0A 10 00 50 41  ..DBTBIBTT....PA
    B420: 52 4D 7D 49 42 54 54 50 41 52 4D 50 41 52 4D 70  RM}IBTTPARMPARMp
    B430: 00 47 45 53 46 A4 53 55 43 43 A0 4A 06 93 47 45  .GESF.SUCC.J..GE
    B440: 53 46 0A 05 70 49 50 53 43 50 41 52 4D 7D 50 41  SF..pIPSCPARM}PA
    B450: 52 4D 79 49 50 41 54 0A 08 00 50 41 52 4D 72 50  RMyIPAT...PARMrP
    B460: 41 52 4D 0B 00 01 50 41 52 4D 7D 50 41 52 4D 79  ARM...PARM}PARMy
    B470: 4C 49 44 53 0A 10 00 50 41 52 4D 72 50 41 52 4D  LIDS...PARMrPARM
    B480: 0C 00 00 01 00 50 41 52 4D 7D 50 41 52 4D 79 49  .....PARM}PARMyI
    B490: 42 49 41 0A 14 00 50 41 52 4D 70 00 47 45 53 46  BIA...PARMp.GESF
    B4A0: A4 53 55 43 43 A0 43 07 93 47 45 53 46 0A 07 70  .SUCC.C..GESF..p
    B4B0: 47 49 56 44 50 41 52 4D 7F 50 41 52 4D 01 50 41  GIVDPARM.PARM.PA
    B4C0: 52 4D 7D 50 41 52 4D 79 47 4D 46 4E 01 00 50 41  RM}PARMyGMFN..PA
    B4D0: 52 4D 7D 50 41 52 4D 0B 00 18 50 41 52 4D 7D 50  RM}PARM...PARM}P
    B4E0: 41 52 4D 79 49 44 4D 53 0A 11 00 50 41 52 4D 7D  ARMyIDMS...PARM}
    B4F0: 79 83 88 83 88 43 44 43 54 48 56 43 4F 00 43 44  y....CDCTHVCO.CD
    B500: 56 4C 00 0A 15 00 50 41 52 4D 50 41 52 4D 70 01  VL....PARMPARMp.
    B510: 47 45 53 46 A4 53 55 43 43 A0 2A 93 47 45 53 46  GESF.SUCC.*.GESF
    B520: 0A 0A 70 00 50 41 52 4D A0 10 49 53 53 43 7D 50  ..p.PARM..ISSC}P
    B530: 41 52 4D 0A 03 50 41 52 4D 70 00 47 45 53 46 A4  ARM..PARMp.GESF.
    B540: 53 55 43 43 A0 1F 93 47 45 53 46 0A 0B 70 4B 53  SUCC...GESF..pKS
    B550: 56 30 50 41 52 4D 70 4B 53 56 31 47 45 53 46 A4  V0PARMpKSV1GESF.
    B560: 53 55 43 43 70 00 47 45 53 46 A4 43 52 49 54 14  SUCCp.GESF.CRIT.
    B570: 4E 36 53 42 43 42 08 A0 22 93 47 45 53 46 00 70  N6SBCB..".GESF.p
    B580: 00 50 41 52 4D 70 0C DD 87 0F 00 50 41 52 4D 70  .PARMp.....PARMp
    B590: 00 47 45 53 46 A4 53 55 43 43 A0 18 93 47 45 53  .GESF.SUCC...GES
    B5A0: 46 01 70 00 47 45 53 46 70 00 50 41 52 4D A4 53  F.p.GESFp.PARM.S
    B5B0: 55 43 43 A0 19 93 47 45 53 46 0A 03 70 00 47 45  UCC...GESF..p.GE
    B5C0: 53 46 70 00 50 41 52 4D A4 53 55 43 43 A0 19 93  SFp.PARM.SUCC...
    B5D0: 47 45 53 46 0A 04 70 00 47 45 53 46 70 00 50 41  GESF..p.GESFp.PA
    B5E0: 52 4D A4 53 55 43 43 A0 19 93 47 45 53 46 0A 05  RM.SUCC...GESF..
    B5F0: 70 00 47 45 53 46 70 00 50 41 52 4D A4 53 55 43  p.GESFp.PARM.SUC
    B600: 43 A0 4E 05 93 47 45 53 46 0A 07 A0 18 93 53 30  C.N..GESF.....S0
    B610: 49 44 01 A0 10 93 7B 50 41 52 4D 0A FF 00 01 47  ID....{PARM....G
    B620: 55 41 4D 01 A0 2A 93 50 41 52 4D 00 70 43 4C 49  UAM..*.PARM.pCLI
    B630: 44 60 A0 1C 7B 0C 00 00 00 80 60 00 7B 43 4C 49  D`..{.....`.{CLI
    B640: 44 0A 0F 43 4C 49 44 47 4C 49 44 43 4C 49 44 70  D..CLIDGLIDCLIDp
    B650: 00 47 45 53 46 70 00 50 41 52 4D A4 53 55 43 43  .GESFp.PARM.SUCC
    B660: A0 39 93 47 45 53 46 0A 08 A0 1F 93 53 30 49 44  .9.GESF.....S0ID
    B670: 01 70 7B 7A 50 41 52 4D 0A 08 00 0A FF 00 60 A0  .p{zPARM......`.
    B680: 09 93 60 00 47 55 41 4D 00 70 00 47 45 53 46 70  ..`.GUAM.p.GESFp
    B690: 00 50 41 52 4D A4 53 55 43 43 A0 24 93 47 45 53  .PARM.SUCC.$.GES
    B6A0: 46 0A 09 7B 50 41 52 4D 0A FF 49 42 54 54 70 00  F..{PARM..IBTTp.
    B6B0: 47 45 53 46 70 00 50 41 52 4D A4 53 55 43 43 A0  GESFp.PARM.SUCC.
    B6C0: 46 05 93 47 45 53 46 0A 0A 7B 50 41 52 4D 0A FF  F..GESF..{PARM..
    B6D0: 49 50 53 43 A0 21 7B 7A 50 41 52 4D 0A 08 00 0A  IPSC.!{zPARM....
    B6E0: FF 00 7B 7A 50 41 52 4D 0A 08 00 0A FF 49 50 41  ..{zPARM.....IPA
    B6F0: 54 76 49 50 41 54 7B 7A 50 41 52 4D 0A 14 00 0A  TvIPAT{zPARM....
    B700: 07 49 42 49 41 70 00 47 45 53 46 70 00 50 41 52  .IBIAp.GESFp.PAR
    B710: 4D A4 53 55 43 43 A0 44 05 93 47 45 53 46 0A 0B  M.SUCC.D..GESF..
    B720: 7B 7A 50 41 52 4D 01 00 01 49 46 31 45 A0 1B 7B  {zPARM...IF1E..{
    B730: 50 41 52 4D 0C 00 E0 01 00 00 7B 7A 50 41 52 4D  PARM......{zPARM
    B740: 0A 0D 00 0A 0F 49 44 4D 53 A1 10 7B 7A 50 41 52  .....IDMS..{zPAR
    B750: 4D 0A 11 00 0A 0F 49 44 4D 53 70 00 47 45 53 46  M.....IDMSp.GESF
    B760: 70 00 50 41 52 4D A4 53 55 43 43 A0 19 93 47 45  p.PARM.SUCC...GE
    B770: 53 46 0A 10 70 00 47 45 53 46 70 00 50 41 52 4D  SF..p.GESFp.PARM
    B780: A4 53 55 43 43 A0 2C 93 47 45 53 46 0A 11 70 79  .SUCC.,.GESF..py
    B790: 4C 49 44 53 0A 08 00 50 41 52 4D 72 50 41 52 4D  LIDS...PARMrPARM
    B7A0: 0B 00 01 50 41 52 4D 70 00 47 45 53 46 A4 53 55  ...PARMp.GESF.SU
    B7B0: 43 43 A0 49 04 93 47 45 53 46 0A 12 A0 26 7B 50  CC.I..GESF...&{P
    B7C0: 41 52 4D 01 00 A0 10 93 7A 50 41 52 4D 01 00 01  ARM.....zPARM...
    B7D0: 70 01 49 53 53 43 A1 0C 70 00 47 45 53 46 A4 43  p.ISSC..p.GESF.C
    B7E0: 52 49 54 A1 07 70 00 49 53 53 43 70 00 47 45 53  RIT..p.ISSCp.GES
    B7F0: 46 70 00 50 41 52 4D A4 53 55 43 43 A0 19 93 47  Fp.PARM.SUCC...G
    B800: 45 53 46 0A 13 70 00 47 45 53 46 70 00 50 41 52  ESF..p.GESFp.PAR
    B810: 4D A4 53 55 43 43 A0 24 93 47 45 53 46 0A 14 7B  M.SUCC.$.GESF..{
    B820: 50 41 52 4D 0A 0F 50 41 56 50 70 00 47 45 53 46  PARM..PAVPp.GESF
    B830: 70 00 50 41 52 4D A4 53 55 43 43 A0 47 09 93 47  p.PARM.SUCC.G..G
    B840: 45 53 46 0A 15 A0 43 06 93 50 41 52 4D 01 7D 41  ESF...C..PARM.}A
    B850: 55 44 45 0A 20 41 55 44 45 5E 5E 5E 2E 42 30 44  UDE. AUDE^^^.B0D
    B860: 33 41 52 53 54 5E 5E 5E 2E 42 30 44 33 41 42 57  3ARST^^^.B0D3ABW
    B870: 41 01 5E 5E 5E 2E 42 30 44 33 41 53 54 52 5E 5E  A.^^^.B0D3ASTR^^
    B880: 5E 2E 42 30 44 33 41 49 4E 49 5E 5E 5E 2E 42 30  ^.B0D3AINI^^^.B0
    B890: 44 33 43 58 44 43 5E 5E 5E 2E 42 30 44 33 41 42  D3CXDC^^^.B0D3AB
    B8A0: 57 41 00 86 50 43 49 30 00 A0 18 93 50 41 52 4D  WA..PCI0....PARM
    B8B0: 00 7B 41 55 44 45 0A DF 41 55 44 45 86 50 43 49  .{AUDE..AUDE.PCI
    B8C0: 30 00 70 00 47 45 53 46 70 00 50 41 52 4D A4 53  0.p.GESFp.PARM.S
    B8D0: 55 43 43 70 00 47 45 53 46 A4 53 55 43 43 A0 11  UCCp.GESF.SUCC..
    B8E0: 93 47 45 46 43 0A 04 70 47 42 44 41 47 58 46 43  .GEFC..pGBDAGXFC
    B8F0: A0 11 93 47 45 46 43 0A 06 70 53 42 43 42 47 58  ...GEFC..pSBCBGX
    B900: 46 43 70 00 47 45 46 43 70 01 53 43 49 53 70 00  FCp.GEFCp.SCISp.
    B910: 47 53 53 45 70 00 53 43 49 45 A4 00 14 0C 50 44  GSSEp.SCIE....PD
    B920: 52 44 00 A4 92 44 52 44 59 14 1D 50 53 54 53 00  RD...DRDY..PSTS.
    B930: A0 0E 94 43 53 54 53 0A 02 5B 22 41 53 4C 50 A4  ...CSTS..["ASLP.
    B940: 93 43 53 54 53 0A 03 14 42 06 47 4E 4F 54 02 A0  .CSTS...B.GNOT..
    B950: 07 50 44 52 44 A4 01 70 68 43 45 56 54 70 0A 03  .PDRD..phCEVTp..
    B960: 43 53 54 53 A0 2C 90 93 43 48 50 44 00 93 69 00  CSTS.,..CHPD..i.
    B970: A0 18 91 94 4F 53 59 53 0B D0 07 95 4F 53 59 53  ....OSYS....OSYS
    B980: 0B D6 07 86 50 43 49 30 69 A1 07 86 47 46 58 30  ....PCI0i...GFX0
    B990: 69 A0 0D 5B 12 48 4E 4F 54 00 48 4E 4F 54 68 A1  i..[.HNOT.HNOTh.
    B9A0: 08 86 47 46 58 30 0A 80 A4 00 14 13 47 48 44 53  ..GFX0......GHDS
    B9B0: 01 70 68 54 49 44 58 A4 47 4E 4F 54 01 00 14 35  .phTIDX.GNOT...5
    B9C0: 47 4C 49 44 01 A0 0B 93 68 01 70 0A 03 43 4C 49  GLID....h.p..CLI
    B9D0: 44 A1 07 70 68 43 4C 49 44 A0 18 47 4E 4F 54 0A  D..phCLID..GNOT.
    B9E0: 02 00 7D 43 4C 49 44 0C 00 00 00 80 43 4C 49 44  ..}CLID.....CLID
    B9F0: A4 01 A4 00 14 14 47 44 43 4B 01 70 68 43 44 43  ......GDCK.phCDC
    BA00: 4B A4 47 4E 4F 54 0A 04 00 14 19 50 41 52 44 00  K.GNOT.....PARD.
    BA10: A0 0C 92 41 52 44 59 5B 22 41 53 4C 50 A4 92 41  ...ARDY["ASLP..A
    BA20: 52 44 59 14 36 49 55 45 48 09 7B 49 55 45 52 0A  RDY.6IUEH.{IUER.
    BA30: C0 49 55 45 52 7F 49 55 45 52 79 01 68 00 49 55  .IUER.IUERy.h.IU
    BA40: 45 52 A0 0E 92 94 68 0A 04 A4 41 49 4E 54 0A 05  ER....h...AINT..
    BA50: 00 A1 08 A4 41 49 4E 54 68 00 14 45 15 41 49 4E  ....AINTh..E.AIN
    BA60: 54 02 A0 0E 92 7B 54 43 48 45 79 01 68 00 00 A4  T....{TCHEy.h...
    BA70: 01 A0 07 50 41 52 44 A4 01 A0 34 90 92 95 68 0A  ...PARD...4...h.
    BA80: 05 92 94 68 0A 07 70 79 01 68 00 41 53 4C 43 70  ...h..py.h.ASLCp
    BA90: 01 41 53 4C 45 70 00 62 A2 13 90 95 62 0A FA 92  .ASLEp.b....b...
    BAA0: 93 41 53 4C 43 00 5B 22 0A 04 75 62 A4 00 A0 40  .ASLC.["..ub...@
    BAB0: 0C 93 68 0A 02 A0 47 09 43 50 46 4D 7B 43 50 46  ..h...G.CPFM{CPF
    BAC0: 4D 0A 0F 60 7B 45 50 46 4D 0A 0F 61 A0 2A 93 60  M..`{EPFM..a.*.`
    BAD0: 01 A0 0D 7B 61 0A 06 00 70 0A 06 50 46 49 54 A1  ...{a...p..PFIT.
    BAE0: 17 A0 0D 7B 61 0A 08 00 70 0A 08 50 46 49 54 A1  ...{a...p..PFIT.
    BAF0: 07 70 01 50 46 49 54 A0 2A 93 60 0A 06 A0 0D 7B  .p.PFIT.*.`....{
    BB00: 61 0A 08 00 70 0A 08 50 46 49 54 A1 16 A0 0B 7B  a...p..PFIT....{
    BB10: 61 01 00 70 01 50 46 49 54 A1 08 70 0A 06 50 46  a..p.PFIT..p..PF
    BB20: 49 54 A0 2A 93 60 0A 08 A0 0B 7B 61 01 00 70 01  IT.*.`....{a..p.
    BB30: 50 46 49 54 A1 18 A0 0D 7B 61 0A 06 00 70 0A 06  PFIT....{a...p..
    BB40: 50 46 49 54 A1 08 70 0A 08 50 46 49 54 A1 0C 7F  PFIT..p..PFIT...
    BB50: 50 46 49 54 0A 07 50 46 49 54 7D 50 46 49 54 0C  PFIT..PFIT}PFIT.
    BB60: 00 00 00 80 50 46 49 54 70 0A 04 41 53 4C 43 A1  ....PFITp..ASLC.
    BB70: 38 A0 1F 93 68 01 70 69 42 43 4C 50 7D 42 43 4C  8...h.piBCLP}BCL
    BB80: 50 0C 00 00 00 80 42 43 4C 50 70 0A 02 41 53 4C  P.....BCLPp..ASL
    BB90: 43 A1 16 A0 10 93 68 00 70 69 41 4C 53 49 70 01  C.....h.piALSIp.
    BBA0: 41 53 4C 43 A1 03 A4 01 70 01 41 53 4C 45 A4 00  ASLC....p.ASLE..
    BBB0: 14 17 53 43 49 50 00 A0 0E 92 93 4F 56 45 52 00  ..SCIP.....OVER.
    BBC0: A4 92 47 53 4D 49 A4 00 5B 82 46 06 5E 5E 4D 45  ..GSMI..[.F.^^ME
    BBD0: 4D 32 08 5F 48 49 44 0C 41 D0 0C 01 08 5F 55 49  M2._HID.A...._UI
    BBE0: 44 0A 02 08 43 52 53 32 11 1D 0A 1A 86 09 00 01  D...CRS2........
    BBF0: 00 00 00 20 00 00 20 00 86 09 00 01 00 40 00 40  ... .. ......@.@
    BC00: 00 10 00 00 79 00 14 1D 5F 53 54 41 00 A0 14 49  ....y..._STA...I
    BC10: 47 44 53 A0 0E 93 50 4E 48 4D 0C C1 06 03 00 A4  GDS...PNHM......
    BC20: 0A 0F A4 00 14 0B 5F 43 52 53 00 A4 43 52 53 32  ......_CRS..CRS2
    BC30: 10 46 33 5F 50 52 5F 5B 83 44 06 43 50 55 30 01  .F3_PR_[.D.CPU0.
    BC40: 10 18 00 00 06 14 47 05 5F 44 45 50 00 41 44 42  ......G._DEP.ADB
    BC50: 47 0D 43 50 55 30 20 44 45 50 20 43 61 6C 6C 00  G.CPU0 DEP Call.
    BC60: A0 23 93 53 30 49 44 01 41 44 42 47 0D 43 50 55  .#.S0ID.ADBG.CPU
    BC70: 30 20 44 45 50 00 A4 12 0C 01 5C 2E 5F 53 42 5F  0 DEP.....\._SB_
    BC80: 50 45 50 44 A1 18 41 44 42 47 0D 43 50 55 30 20  PEPD..ADBG.CPU0 
    BC90: 44 45 50 20 4E 55 4C 4C 00 A4 12 02 00 5B 83 44  DEP NULL.....[.D
    BCA0: 06 43 50 55 31 02 10 18 00 00 06 14 47 05 5F 44  .CPU1.......G._D
    BCB0: 45 50 00 41 44 42 47 0D 43 50 55 31 20 44 45 50  EP.ADBG.CPU1 DEP
    BCC0: 20 43 61 6C 6C 00 A0 23 93 53 30 49 44 01 41 44   Call..#.S0ID.AD
    BCD0: 42 47 0D 43 50 55 31 20 44 45 50 00 A4 12 0C 01  BG.CPU1 DEP.....
    BCE0: 5C 2E 5F 53 42 5F 50 45 50 44 A1 18 41 44 42 47  \._SB_PEPD..ADBG
    BCF0: 0D 43 50 55 31 20 44 45 50 20 4E 55 4C 4C 00 A4  .CPU1 DEP NULL..
    BD00: 12 02 00 5B 83 44 06 43 50 55 32 03 10 18 00 00  ...[.D.CPU2.....
    BD10: 06 14 47 05 5F 44 45 50 00 41 44 42 47 0D 43 50  ..G._DEP.ADBG.CP
    BD20: 55 32 20 44 45 50 20 43 61 6C 6C 00 A0 23 93 53  U2 DEP Call..#.S
    BD30: 30 49 44 01 41 44 42 47 0D 43 50 55 32 20 44 45  0ID.ADBG.CPU2 DE
    BD40: 50 00 A4 12 0C 01 5C 2E 5F 53 42 5F 50 45 50 44  P.....\._SB_PEPD
    BD50: A1 18 41 44 42 47 0D 43 50 55 32 20 44 45 50 20  ..ADBG.CPU2 DEP 
    BD60: 4E 55 4C 4C 00 A4 12 02 00 5B 83 44 06 43 50 55  NULL.....[.D.CPU
    BD70: 33 04 10 18 00 00 06 14 47 05 5F 44 45 50 00 41  3.......G._DEP.A
    BD80: 44 42 47 0D 43 50 55 33 20 44 45 50 20 43 61 6C  DBG.CPU3 DEP Cal
    BD90: 6C 00 A0 23 93 53 30 49 44 01 41 44 42 47 0D 43  l..#.S0ID.ADBG.C
    BDA0: 50 55 33 20 44 45 50 00 A4 12 0C 01 5C 2E 5F 53  PU3 DEP.....\._S
    BDB0: 42 5F 50 45 50 44 A1 18 41 44 42 47 0D 43 50 55  B_PEPD..ADBG.CPU
    BDC0: 33 20 44 45 50 20 4E 55 4C 4C 00 A4 12 02 00 5B  3 DEP NULL.....[
    BDD0: 83 44 06 43 50 55 34 05 10 18 00 00 06 14 47 05  .D.CPU4.......G.
    BDE0: 5F 44 45 50 00 41 44 42 47 0D 43 50 55 34 20 44  _DEP.ADBG.CPU4 D
    BDF0: 45 50 20 43 61 6C 6C 00 A0 23 93 53 30 49 44 01  EP Call..#.S0ID.
    BE00: 41 44 42 47 0D 43 50 55 34 20 44 45 50 00 A4 12  ADBG.CPU4 DEP...
    BE10: 0C 01 5C 2E 5F 53 42 5F 50 45 50 44 A1 18 41 44  ..\._SB_PEPD..AD
    BE20: 42 47 0D 43 50 55 34 20 44 45 50 20 4E 55 4C 4C  BG.CPU4 DEP NULL
    BE30: 00 A4 12 02 00 5B 83 44 06 43 50 55 35 06 10 18  .....[.D.CPU5...
    BE40: 00 00 06 14 47 05 5F 44 45 50 00 41 44 42 47 0D  ....G._DEP.ADBG.
    BE50: 43 50 55 35 20 44 45 50 20 43 61 6C 6C 00 A0 23  CPU5 DEP Call..#
    BE60: 93 53 30 49 44 01 41 44 42 47 0D 43 50 55 35 20  .S0ID.ADBG.CPU5 
    BE70: 44 45 50 00 A4 12 0C 01 5C 2E 5F 53 42 5F 50 45  DEP.....\._SB_PE
    BE80: 50 44 A1 18 41 44 42 47 0D 43 50 55 35 20 44 45  PD..ADBG.CPU5 DE
    BE90: 50 20 4E 55 4C 4C 00 A4 12 02 00 5B 83 44 06 43  P NULL.....[.D.C
    BEA0: 50 55 36 07 10 18 00 00 06 14 47 05 5F 44 45 50  PU6.......G._DEP
    BEB0: 00 41 44 42 47 0D 43 50 55 36 20 44 45 50 20 43  .ADBG.CPU6 DEP C
    BEC0: 61 6C 6C 00 A0 23 93 53 30 49 44 01 41 44 42 47  all..#.S0ID.ADBG
    BED0: 0D 43 50 55 36 20 44 45 50 00 A4 12 0C 01 5C 2E  .CPU6 DEP.....\.
    BEE0: 5F 53 42 5F 50 45 50 44 A1 18 41 44 42 47 0D 43  _SB_PEPD..ADBG.C
    BEF0: 50 55 36 20 44 45 50 20 4E 55 4C 4C 00 A4 12 02  PU6 DEP NULL....
    BF00: 00 5B 83 44 06 43 50 55 37 08 10 18 00 00 06 14  .[.D.CPU7.......
    BF10: 47 05 5F 44 45 50 00 41 44 42 47 0D 43 50 55 37  G._DEP.ADBG.CPU7
    BF20: 20 44 45 50 20 43 61 6C 6C 00 A0 23 93 53 30 49   DEP Call..#.S0I
    BF30: 44 01 41 44 42 47 0D 43 50 55 37 20 44 45 50 00  D.ADBG.CPU7 DEP.
    BF40: A4 12 0C 01 5C 2E 5F 53 42 5F 50 45 50 44 A1 18  ....\._SB_PEPD..
    BF50: 41 44 42 47 0D 43 50 55 37 20 44 45 50 20 4E 55  ADBG.CPU7 DEP NU
    BF60: 4C 4C 00 A4 12 02 00 08 45 43 55 50 01 10 4B 07  LL......ECUP..K.
    BF70: 5C 00 5B 82 26 4E 46 43 31 08 5F 48 49 44 0C 4D  \.[.&NFC1._HID.M
    BF80: 74 D0 00 14 16 5F 53 54 41 00 A0 0B 93 4E 46 43  t...._STA....NFC
    BF90: 45 0A 03 A4 0A 0F A1 03 A4 00 5B 82 26 4E 46 43  E.........[.&NFC
    BFA0: 32 08 5F 48 49 44 0C 3B 10 54 42 14 16 5F 53 54  2._HID.;.TB.._ST
    BFB0: 41 00 A0 0B 93 4E 46 43 45 0A 02 A4 0A 0F A1 03  A....NFCE.......
    BFC0: A4 00 5B 82 25 4E 46 43 33 08 5F 48 49 44 0C 24  ..[.%NFC3._HID.$
    BFD0: 76 0A 12 14 15 5F 53 54 41 00 A0 0A 93 4E 46 43  v...._STA....NFC
    BFE0: 45 01 A4 0A 0F A1 03 A4 00 5B 80 53 57 53 4D 01  E........[.SWSM.
    BFF0: 0A B2 01 5B 81 0B 53 57 53 4D 01 53 57 42 32 08  ...[..SWSM.SWB2.
    C000: 5B 01 4D 55 54 58 00 5B 80 44 45 42 30 01 0A 80  [.MUTX.[.DEB0...
    C010: 01 5B 81 0B 44 45 42 30 01 44 42 47 38 08 5B 80  .[..DEB0.DBG8.[.
    C020: 44 45 42 31 01 0A 90 0A 02 5B 81 0B 44 45 42 31  DEB1.....[..DEB1
    C030: 02 44 42 47 39 10 5B 80 50 52 54 30 01 0A 80 0A  .DBG9.[.PRT0....
    C040: 04 5B 81 0B 50 52 54 30 13 50 38 30 48 20 14 4E  .[..PRT0.P80H .N
    C050: 07 50 38 58 48 0A A0 17 93 68 00 70 7D 7B 50 38  .P8XH....h.p}{P8
    C060: 30 44 0C 00 FF FF FF 00 69 00 50 38 30 44 A0 1B  0D......i.P80D..
    C070: 93 68 01 70 7D 7B 50 38 30 44 0C FF 00 FF FF 00  .h.p}{P80D......
    C080: 79 69 0A 08 00 00 50 38 30 44 A0 1C 93 68 0A 02  yi....P80D...h..
    C090: 70 7D 7B 50 38 30 44 0C FF FF 00 FF 00 79 69 0A  p}{P80D......yi.
    C0A0: 10 00 00 50 38 30 44 A0 1C 93 68 0A 03 70 7D 7B  ...P80D...h..p}{
    C0B0: 50 38 30 44 0C FF FF FF 00 00 79 69 0A 18 00 00  P80D......yi....
    C0C0: 50 38 30 44 70 50 38 30 44 50 38 30 48 14 17 41  P80DpP80DP80H..A
    C0D0: 44 42 47 09 A0 0E 5B 12 4D 44 42 47 00 A4 4D 44  DBG...[.MDBG..MD
    C0E0: 42 47 68 A4 00 5B 80 53 50 52 54 01 0A B2 0A 02  BGh..[.SPRT.....
    C0F0: 5B 81 0B 53 50 52 54 11 53 53 4D 50 08 5B 80 55  [..SPRT.SSMP.[.U
    C100: 53 42 44 00 0C 9C F5 D1 FE 0A 0E 5B 81 0D 55 53  SBD........[..US
    C110: 42 44 00 00 0C 50 4F 31 32 01 5B 80 55 42 4C 4B  BD...PO12.[.UBLK
    C120: 01 0B 3C 04 0A 02 5B 81 0D 55 42 4C 4B 01 00 01  ..<...[..UBLK...
    C130: 55 53 42 4C 01 14 12 5F 50 49 43 01 70 68 47 50  USBL..._PIC.phGP
    C140: 49 43 70 68 50 49 43 4D 14 46 24 5F 50 54 53 01  ICphPICM.F$_PTS.
    C150: 70 00 50 38 30 44 50 38 58 48 00 68 50 54 53 5F  p.P80DP8XH.hPTS_
    C160: 68 41 44 42 47 73 0D 5F 50 54 53 3D 00 98 68 00  hADBGs._PTS=..h.
    C170: 00 5B 22 0B 2C 01 A0 2E 7B 49 43 4E 46 0A 10 00  .[".,...{ICNF...
    C180: A0 24 5B 12 5C 2F 03 5F 53 42 5F 49 41 4F 45 50  .$[.\/._SB_IAOEP
    C190: 54 53 4C 00 70 68 5C 2F 03 5F 53 42 5F 49 41 4F  TSL.ph\/._SB_IAO
    C1A0: 45 50 54 53 4C A0 2C 93 52 50 33 44 00 5C 2F 04  EPTSL.,.RP3D.\/.
    C1B0: 5F 53 42 5F 50 43 49 30 52 50 30 33 48 50 4D 45  _SB_PCI0RP03HPME
    C1C0: 86 5C 2F 03 5F 53 42 5F 50 43 49 30 52 50 30 33  .\/._SB_PCI0RP03
    C1D0: 0A 02 A0 4B 14 93 68 0A 03 A0 4B 0C 93 50 57 52  ...K..h...K..PWR
    C1E0: 53 00 70 00 5C 2F 04 5F 53 42 5F 50 43 49 30 58  S.p.\/._SB_PCI0X
    C1F0: 48 43 5F 50 4D 45 42 70 00 5C 2F 04 5F 53 42 5F  HC_PMEBp.\/._SB_
    C200: 50 43 49 30 45 48 43 31 50 4D 45 42 70 00 5C 2F  PCI0EHC1PMEBp.\/
    C210: 04 5F 53 42 5F 50 43 49 30 45 48 43 32 50 4D 45  ._SB_PCI0EHC2PME
    C220: 42 A0 2B 93 5C 2F 04 5F 53 42 5F 50 43 49 30 58  B.+.\/._SB_PCI0X
    C230: 48 43 5F 50 4D 53 54 01 70 01 5C 2F 04 5F 53 42  HC_PMST.p.\/._SB
    C240: 5F 50 43 49 30 58 48 43 5F 50 4D 53 54 A0 2B 93  _PCI0XHC_PMST.+.
    C250: 5C 2F 04 5F 53 42 5F 50 43 49 30 45 48 43 31 50  \/._SB_PCI0EHC1P
    C260: 4D 53 54 01 70 01 5C 2F 04 5F 53 42 5F 50 43 49  MST.p.\/._SB_PCI
    C270: 30 45 48 43 31 50 4D 53 54 A0 2B 93 5C 2F 04 5F  0EHC1PMST.+.\/._
    C280: 53 42 5F 50 43 49 30 45 48 43 32 50 4D 53 54 01  SB_PCI0EHC2PMST.
    C290: 70 01 5C 2F 04 5F 53 42 5F 50 43 49 30 45 48 43  p.\/._SB_PCI0EHC
    C2A0: 32 50 4D 53 54 A1 41 06 A0 4E 05 91 93 4F 53 59  2PMST.A..N...OSY
    C2B0: 53 0B D2 07 93 4F 53 59 53 0B D1 07 70 01 55 53  S....OSYS...p.US
    C2C0: 42 4C 70 50 4F 31 32 43 41 4D 44 70 01 50 4F 31  BLpPO12CAMDp.PO1
    C2D0: 32 70 00 55 53 42 4C 5B 22 0A 14 A0 2B 93 5C 2F  2p.USBL["...+.\/
    C2E0: 04 5F 53 42 5F 50 43 49 30 45 48 43 32 50 4D 53  ._SB_PCI0EHC2PMS
    C2F0: 54 01 70 01 5C 2F 04 5F 53 42 5F 50 43 49 30 45  T.p.\/._SB_PCI0E
    C300: 48 43 32 50 4D 53 54 A0 16 90 44 54 53 45 94 54  HC2PMST...DTSE.T
    C310: 43 4E 54 01 54 52 41 50 54 52 54 44 0A 1E A0 23  CNT.TRAPTRTD...#
    C320: 5B 12 5C 2F 03 5F 53 42 5F 54 50 4D 5F 50 54 53  [.\/._SB_TPM_PTS
    C330: 5F 00 5C 2F 03 5F 53 42 5F 54 50 4D 5F 50 54 53  _.\/._SB_TPM_PTS
    C340: 5F 68 A0 20 91 91 93 68 0A 03 93 68 0A 04 93 68  _h. ...h...h...h
    C350: 0A 05 A0 10 93 50 46 4C 56 46 44 54 50 70 01 47  .....PFLVFDTPp.G
    C360: 50 32 37 45 56 31 5F 68 00 A0 25 93 68 0A 05 41  P27EV1_h..%.h..A
    C370: 44 42 47 0D 53 4D 49 46 4E 5F 53 45 52 56 49 43  DBG.SMIFN_SERVIC
    C380: 45 5F 41 53 53 45 54 00 70 0A E0 53 57 42 32 14  E_ASSET.p..SWB2.
    C390: 4C 5D 5F 57 41 4B 09 50 38 58 48 01 0A AB 57 41  L]_WAK.P8XH...WA
    C3A0: 4B 5F 68 41 44 42 47 0D 5F 57 41 4B 00 A0 41 07  K_hADBG._WAK..A.
    C3B0: 91 93 68 0A 03 93 68 0A 04 A0 32 5B 12 5C 2F 05  ..h...h...2[.\/.
    C3C0: 5F 53 42 5F 50 43 49 30 50 45 47 30 50 45 47 50  _SB_PCI0PEG0PEGP
    C3D0: 45 50 4F 4E 00 5C 2F 05 5F 53 42 5F 50 43 49 30  EPON.\/._SB_PCI0
    C3E0: 50 45 47 30 50 45 47 50 45 50 4F 4E A0 32 5B 12  PEG0PEGPEPON.2[.
    C3F0: 5C 2F 05 5F 53 42 5F 50 43 49 30 52 50 30 35 50  \/._SB_PCI0RP05P
    C400: 45 47 50 45 50 4F 4E 00 5C 2F 05 5F 53 42 5F 50  EGPEPON.\/._SB_P
    C410: 43 49 30 52 50 30 35 50 45 47 50 45 50 4F 4E A0  CI0RP05PEGPEPON.
    C420: 48 06 90 92 93 7B 5C 2F 04 5F 53 42 5F 50 43 49  H....{\/._SB_PCI
    C430: 30 42 30 44 33 41 42 41 52 0C 04 C0 FF FF 00 0C  0B0D3ABAR.......
    C440: 04 C0 FF FF 92 93 7B 5C 2F 04 5F 53 42 5F 50 43  ......{\/._SB_PC
    C450: 49 30 42 30 44 33 41 42 41 52 0C 00 C0 FF FF 00  I0B0D3ABAR......
    C460: 00 70 5C 2F 04 5F 53 42 5F 50 43 49 30 42 30 44  .p\/._SB_PCI0B0D
    C470: 33 41 42 41 52 5C 2F 04 5F 53 42 5F 50 43 49 30  3ABAR\/._SB_PCI0
    C480: 42 30 44 33 42 41 52 41 A0 2C 93 52 50 33 44 00  B0D3BARA.,.RP3D.
    C490: 5C 2F 04 5F 53 42 5F 50 43 49 30 52 50 30 33 48  \/._SB_PCI0RP03H
    C4A0: 50 4D 45 86 5C 2F 03 5F 53 42 5F 50 43 49 30 52  PME.\/._SB_PCI0R
    C4B0: 50 30 33 0A 02 A0 37 91 91 93 4F 53 59 53 0B D2  P03...7...OSYS..
    C4C0: 07 93 4F 53 59 53 0B D1 07 93 68 0A 03 70 01 55  ..OSYS....h..p.U
    C4D0: 53 42 4C A0 0B 43 41 4D 44 70 01 50 4F 31 32 A1  SBL..CAMDp.PO12.
    C4E0: 07 70 00 50 4F 31 32 70 00 55 53 42 4C A0 4E 14  .p.PO12p.USBL.N.
    C4F0: 7B 49 43 4E 46 0A 10 00 A0 44 0D 7B 5C 2F 04 5F  {ICNF....D.{\/._
    C500: 53 42 5F 50 43 49 30 47 46 58 30 54 43 48 45 0B  SB_PCI0GFX0TCHE.
    C510: 00 01 00 A0 49 0B 93 5C 2F 03 5F 53 42 5F 49 41  ....I..\/._SB_IA
    C520: 4F 45 49 54 4D 52 01 A0 41 07 90 7B 5C 2F 03 5F  OEITMR..A..{\/._
    C530: 53 42 5F 49 41 4F 45 49 42 54 31 01 00 91 7B 5C  SB_IAOEIBT1...{\
    C540: 2F 03 5F 53 42 5F 49 41 4F 45 57 4B 52 53 0A 02  /._SB_IAOEWKRS..
    C550: 00 7B 5C 2F 03 5F 53 42 5F 49 41 4F 45 57 4B 52  .{\/._SB_IAOEWKR
    C560: 53 0A 10 00 70 7D 7B 5C 2F 04 5F 53 42 5F 50 43  S...p}{\/._SB_PC
    C570: 49 30 47 46 58 30 53 54 41 54 0E FC FF FF FF FF  I0GFX0STAT......
    C580: FF FF FF 00 01 00 5C 2F 04 5F 53 42 5F 50 43 49  ......\/._SB_PCI
    C590: 30 47 46 58 30 53 54 41 54 A1 33 70 7B 5C 2F 04  0GFX0STAT.3p{\/.
    C5A0: 5F 53 42 5F 50 43 49 30 47 46 58 30 53 54 41 54  _SB_PCI0GFX0STAT
    C5B0: 0E FC FF FF FF FF FF FF FF 00 5C 2F 04 5F 53 42  ..........\/._SB
    C5C0: 5F 50 43 49 30 47 46 58 30 53 54 41 54 A0 24 5B  _PCI0GFX0STAT.$[
    C5D0: 12 5C 2F 03 5F 53 42 5F 49 41 4F 45 50 54 53 4C  .\/._SB_IAOEPTSL
    C5E0: 00 70 00 5C 2F 03 5F 53 42 5F 49 41 4F 45 50 54  .p.\/._SB_IAOEPT
    C5F0: 53 4C A0 24 5B 12 5C 2F 03 5F 53 42 5F 49 41 4F  SL.$[.\/._SB_IAO
    C600: 45 45 43 54 4D 00 70 00 5C 2F 03 5F 53 42 5F 49  EECTM.p.\/._SB_I
    C610: 41 4F 45 45 43 54 4D A0 24 5B 12 5C 2F 03 5F 53  AOEECTM.$[.\/._S
    C620: 42 5F 49 41 4F 45 52 43 54 4D 00 70 00 5C 2F 03  B_IAOERCTM.p.\/.
    C630: 5F 53 42 5F 49 41 4F 45 52 43 54 4D A0 37 4E 45  _SB_IAOERCTM.7NE
    C640: 58 50 A0 18 7B 4F 53 43 43 0A 02 00 5C 2F 03 5F  XP..{OSCC...\/._
    C650: 53 42 5F 50 43 49 30 4E 48 50 47 A0 18 7B 4F 53  SB_PCI0NHPG..{OS
    C660: 43 43 0A 04 00 5C 2F 03 5F 53 42 5F 50 43 49 30  CC...\/._SB_PCI0
    C670: 4E 50 4D 45 A0 05 93 68 0A 03 A0 4F 2A 91 93 68  NPME...h...O*..h
    C680: 0A 03 93 68 0A 04 A0 1E 7B 47 42 53 58 0A 40 00  ...h....{GBSX.@.
    C690: 5C 2F 04 5F 53 42 5F 50 43 49 30 47 46 58 30 49  \/._SB_PCI0GFX0I
    C6A0: 55 45 48 0A 06 A0 1E 7B 47 42 53 58 0A 80 00 5C  UEH....{GBSX...\
    C6B0: 2F 04 5F 53 42 5F 50 43 49 30 47 46 58 30 49 55  /._SB_PCI0GFX0IU
    C6C0: 45 48 0A 07 A0 16 90 44 54 53 45 94 54 43 4E 54  EH.....DTSE.TCNT
    C6D0: 01 54 52 41 50 54 52 54 44 0A 14 5B 80 4E 56 49  .TRAPTRTD..[.NVI
    C6E0: 44 00 0C 00 00 10 F8 0A 02 5B 81 0B 4E 56 49 44  D........[..NVID
    C6F0: 01 56 56 49 44 10 A0 42 05 92 95 4F 53 59 53 0B  .VVID..B...OSYS.
    C700: D9 07 A0 46 04 93 56 56 49 44 0B DE 10 A0 20 93  ...F..VVID.... .
    C710: 4E 48 44 41 01 70 01 5C 2F 05 5F 53 42 5F 50 43  NHDA.p.\/._SB_PC
    C720: 49 30 50 45 47 30 50 45 47 50 4D 4C 54 46 A1 1A  I0PEG0PEGPMLTF..
    C730: 70 00 5C 2F 05 5F 53 42 5F 50 43 49 30 50 45 47  p.\/._SB_PCI0PEG
    C740: 30 50 45 47 50 4D 4C 54 46 A0 41 0C 93 4F 53 59  0PEGPMLTF.A..OSY
    C750: 53 0B D2 07 A0 46 0B 7B 5C 2E 5F 50 52 5F 43 46  S....F.{\._PR_CF
    C760: 47 44 01 00 A0 4B 05 94 5C 2F 03 5F 50 52 5F 43  GD...K..\/._PR_C
    C770: 50 55 30 5F 50 50 43 00 74 5C 2F 03 5F 50 52 5F  PU0_PPC.t\/._PR_
    C780: 43 50 55 30 5F 50 50 43 01 5C 2F 03 5F 50 52 5F  CPU0_PPC.\/._PR_
    C790: 43 50 55 30 5F 50 50 43 50 4E 4F 54 72 5C 2F 03  CPU0_PPCPNOTr\/.
    C7A0: 5F 50 52 5F 43 50 55 30 5F 50 50 43 01 5C 2F 03  _PR_CPU0_PPC.\/.
    C7B0: 5F 50 52 5F 43 50 55 30 5F 50 50 43 50 4E 4F 54  _PR_CPU0_PPCPNOT
    C7C0: A1 4A 04 72 5C 2F 03 5F 50 52 5F 43 50 55 30 5F  .J.r\/._PR_CPU0_
    C7D0: 50 50 43 01 5C 2F 03 5F 50 52 5F 43 50 55 30 5F  PPC.\/._PR_CPU0_
    C7E0: 50 50 43 50 4E 4F 54 74 5C 2F 03 5F 50 52 5F 43  PPCPNOTt\/._PR_C
    C7F0: 50 55 30 5F 50 50 43 01 5C 2F 03 5F 50 52 5F 43  PU0_PPC.\/._PR_C
    C800: 50 55 30 5F 50 50 43 50 4E 4F 54 5B 80 44 58 48  PU0_PPCPNOT[.DXH
    C810: 43 00 0C 18 F4 D1 FE 0A 04 5B 81 0D 44 58 48 43  C........[..DXHC
    C820: 00 00 1B 58 48 43 44 01 A0 29 90 95 4F 53 59 53  ...XHCD..)..OSYS
    C830: 0B D6 07 94 4F 53 59 53 0B E8 03 70 01 58 48 43  ....OSYS...p.XHC
    C840: 44 86 5C 2F 03 5F 53 42 5F 50 43 49 30 58 48 43  D.\/._SB_PCI0XHC
    C850: 5F 00 A0 18 93 52 50 31 44 00 86 5C 2F 03 5F 53  _....RP1D..\/._S
    C860: 42 5F 50 43 49 30 52 50 30 31 00 A0 18 93 52 50  B_PCI0RP01....RP
    C870: 32 44 00 86 5C 2F 03 5F 53 42 5F 50 43 49 30 52  2D..\/._SB_PCI0R
    C880: 50 30 32 00 A0 18 93 52 50 33 44 00 86 5C 2F 03  P02....RP3D..\/.
    C890: 5F 53 42 5F 50 43 49 30 52 50 30 33 00 A0 18 93  _SB_PCI0RP03....
    C8A0: 52 50 34 44 00 86 5C 2F 03 5F 53 42 5F 50 43 49  RP4D..\/._SB_PCI
    C8B0: 30 52 50 30 34 00 A0 18 93 52 50 35 44 00 86 5C  0RP04....RP5D..\
    C8C0: 2F 03 5F 53 42 5F 50 43 49 30 52 50 30 35 00 A0  /._SB_PCI0RP05..
    C8D0: 18 93 52 50 36 44 00 86 5C 2F 03 5F 53 42 5F 50  ..RP6D..\/._SB_P
    C8E0: 43 49 30 52 50 30 36 00 A0 20 93 52 50 37 44 00  CI0RP06.. .RP7D.
    C8F0: A0 18 93 44 53 54 53 00 86 5C 2F 03 5F 53 42 5F  ...DSTS..\/._SB_
    C900: 50 43 49 30 52 50 30 37 00 A0 20 93 52 50 38 44  PCI0RP07.. .RP8D
    C910: 00 A0 18 93 44 53 54 53 00 86 5C 2F 03 5F 53 42  ....DSTS..\/._SB
    C920: 5F 50 43 49 30 52 50 30 38 00 A0 1D 91 93 68 0A  _PCI0RP08.....h.
    C930: 03 93 68 0A 04 5C 2F 04 5F 53 42 5F 50 43 49 30  ..h..\/._SB_PCI0
    C940: 58 48 43 5F 58 57 41 4B 45 56 32 5F 68 00 A0 0D  XHC_XWAKEV2_h...
    C950: 45 43 47 34 47 45 4E 53 0A 1C 01 00 A1 09 47 45  ECG4GENS......GE
    C960: 4E 53 0A 1C 00 00 A4 12 04 02 00 00 14 1E 47 45  NS............GE
    C970: 54 42 0B 77 68 0A 08 60 77 69 0A 08 61 5B 13 6A  TB.wh..`wi..a[.j
    C980: 60 61 54 42 46 33 A4 54 42 46 33 14 46 1C 50 4E  `aTBF3.TBF3.F.PN
    C990: 4F 54 00 A0 17 5B 12 5C 2F 03 5F 53 42 5F 50 43  OT...[.\/._SB_PC
    C9A0: 43 44 50 45 4E 42 00 70 0A 82 60 A1 05 70 0A 80  CDPENB.p..`..p..
    C9B0: 60 A0 40 17 94 54 43 4E 54 01 A0 2C 7B 50 44 43  `.@..TCNT..,{PDC
    C9C0: 30 0A 08 00 86 5C 2E 5F 50 52 5F 43 50 55 30 60  0....\._PR_CPU0`
    C9D0: A0 16 7B 50 44 43 30 0A 10 00 86 5C 2E 5F 50 52  ..{PDC0....\._PR
    C9E0: 5F 43 50 55 30 0A 81 A0 2C 7B 50 44 43 31 0A 08  _CPU0...,{PDC1..
    C9F0: 00 86 5C 2E 5F 50 52 5F 43 50 55 31 60 A0 16 7B  ..\._PR_CPU1`..{
    CA00: 50 44 43 31 0A 10 00 86 5C 2E 5F 50 52 5F 43 50  PDC1....\._PR_CP
    CA10: 55 31 0A 81 A0 2C 7B 50 44 43 32 0A 08 00 86 5C  U1...,{PDC2....\
    CA20: 2E 5F 50 52 5F 43 50 55 32 60 A0 16 7B 50 44 43  ._PR_CPU2`..{PDC
    CA30: 32 0A 10 00 86 5C 2E 5F 50 52 5F 43 50 55 32 0A  2....\._PR_CPU2.
    CA40: 81 A0 2C 7B 50 44 43 33 0A 08 00 86 5C 2E 5F 50  ..,{PDC3....\._P
    CA50: 52 5F 43 50 55 33 60 A0 16 7B 50 44 43 33 0A 10  R_CPU3`..{PDC3..
    CA60: 00 86 5C 2E 5F 50 52 5F 43 50 55 33 0A 81 A0 2C  ..\._PR_CPU3...,
    CA70: 7B 50 44 43 34 0A 08 00 86 5C 2E 5F 50 52 5F 43  {PDC4....\._PR_C
    CA80: 50 55 34 60 A0 16 7B 50 44 43 34 0A 10 00 86 5C  PU4`..{PDC4....\
    CA90: 2E 5F 50 52 5F 43 50 55 34 0A 81 A0 2C 7B 50 44  ._PR_CPU4...,{PD
    CAA0: 43 35 0A 08 00 86 5C 2E 5F 50 52 5F 43 50 55 35  C5....\._PR_CPU5
    CAB0: 60 A0 16 7B 50 44 43 35 0A 10 00 86 5C 2E 5F 50  `..{PDC5....\._P
    CAC0: 52 5F 43 50 55 35 0A 81 A0 2C 7B 50 44 43 36 0A  R_CPU5...,{PDC6.
    CAD0: 08 00 86 5C 2E 5F 50 52 5F 43 50 55 36 60 A0 16  ...\._PR_CPU6`..
    CAE0: 7B 50 44 43 36 0A 10 00 86 5C 2E 5F 50 52 5F 43  {PDC6....\._PR_C
    CAF0: 50 55 36 0A 81 A0 2C 7B 50 44 43 37 0A 08 00 86  PU6...,{PDC7....
    CB00: 5C 2E 5F 50 52 5F 43 50 55 37 60 A0 16 7B 50 44  \._PR_CPU7`..{PD
    CB10: 43 37 0A 10 00 86 5C 2E 5F 50 52 5F 43 50 55 37  C7....\._PR_CPU7
    CB20: 0A 81 A1 1A 86 5C 2E 5F 50 52 5F 43 50 55 30 60  .....\._PR_CPU0`
    CB30: 86 5C 2E 5F 50 52 5F 43 50 55 30 0A 81 A0 14 93  .\._PR_CPU0.....
    CB40: 44 50 54 46 01 86 5C 2E 5F 53 42 5F 49 45 54 4D  DPTF..\._SB_IETM
    CB50: 0A 86 5B 80 4D 42 41 52 00 72 79 5C 2F 03 5F 53  ..[.MBAR.ry\/._S
    CB60: 42 5F 50 43 49 30 4D 48 42 52 0A 0F 00 0B 00 50  B_PCI0MHBR.....P
    CB70: 00 0B 00 10 5B 81 21 4D 42 41 52 01 00 80 9C 04  ....[.!MBAR.....
    CB80: 50 57 52 55 04 00 4C 33 50 50 4C 31 0F 50 4C 31  PWRU..L3PPL1.PL1
    CB90: 45 01 43 4C 50 31 01 08 43 4C 4D 50 00 08 50 4C  E.CLP1..CLMP..PL
    CBA0: 45 4E 00 08 50 4C 53 56 0B 00 80 08 43 53 45 4D  EN..PLSV....CSEM
    CBB0: 00 14 47 07 53 50 4C 31 08 08 50 50 55 55 00 A0  ..G.SPL1..PPUU..
    CBC0: 09 93 43 53 45 4D 01 A4 00 70 01 43 53 45 4D 70  ..CSEM...p.CSEMp
    CBD0: 50 50 4C 31 50 4C 53 56 70 50 4C 31 45 50 4C 45  PPL1PLSVpPL1EPLE
    CBE0: 4E 70 43 4C 50 31 43 4C 4D 50 A0 0D 93 50 57 52  NpCLP1CLMP...PWR
    CBF0: 55 00 70 01 50 50 55 55 A1 0D 79 76 50 57 52 55  U.p.PPUU..yvPWRU
    CC00: 0A 02 50 50 55 55 77 50 4C 56 4C 50 50 55 55 60  ..PPUUwPLVLPPUU`
    CC10: 78 60 0B E8 03 00 61 70 61 50 50 4C 31 70 01 50  x`....apaPPL1p.P
    CC20: 4C 31 45 70 01 43 4C 50 31 14 27 52 50 4C 31 08  L1Ep.CLP1.'RPL1.
    CC30: 70 50 4C 53 56 50 50 4C 31 70 50 4C 45 4E 50 4C  pPLSVPPL1pPLENPL
    CC40: 31 45 70 43 4C 4D 50 43 4C 50 31 70 00 43 53 45  1EpCLMPCLP1p.CSE
    CC50: 4D 08 44 44 50 53 00 08 55 41 4D 53 00 14 42 16  M.DDPS..UAMS..B.
    CC60: 47 55 41 4D 09 A0 4A 15 92 93 68 44 44 50 53 70  GUAM..J...hDDPSp
    CC70: 68 44 44 50 53 70 90 68 80 50 57 52 53 00 55 41  hDDPSp.h.PWRS.UA
    CC80: 4D 53 A0 47 0B 68 A0 3A 93 45 43 4E 4F 01 41 44  MS.G.h.:.ECNO.AD
    CC90: 42 47 0D 45 43 20 4E 6F 74 69 66 79 00 A0 15 93  BG.EC Notify....
    CCA0: 45 43 44 42 01 41 44 42 47 0D 45 43 20 44 65 62  ECDB.ADBG.EC Deb
    CCB0: 75 67 00 A0 0D 93 45 43 4C 50 01 70 00 45 43 55  ug....ECLP.p.ECU
    CCC0: 50 50 38 58 48 00 0A C5 50 38 58 48 01 00 41 44  PP8XH...P8XH..AD
    CCD0: 42 47 0D 45 6E 74 65 72 20 43 53 00 A0 43 05 50  BG.Enter CS..C.P
    CCE0: 53 43 50 A0 4C 04 90 5B 12 5C 2F 03 5F 50 52 5F  SCP.L..[.\/._PR_
    CCF0: 43 50 55 30 5F 50 53 53 00 5B 12 5C 2F 03 5F 50  CPU0_PSS.[.\/._P
    CD00: 52 5F 43 50 55 30 5F 50 50 43 00 74 87 5C 2F 03  R_CPU0_PPC.t.\/.
    CD10: 5F 50 52 5F 43 50 55 30 5F 50 53 53 01 5C 2F 03  _PR_CPU0_PSS.\/.
    CD20: 5F 50 52 5F 43 50 55 30 5F 50 50 43 50 4E 4F 54  _PR_CPU0_PPCPNOT
    CD30: A0 09 50 4C 43 53 53 50 4C 31 A1 41 08 A0 2A 93  ..PLCSSPL1.A..*.
    CD40: 45 43 4E 4F 01 41 44 42 47 0D 45 43 20 4E 6F 74  ECNO.ADBG.EC Not
    CD50: 69 66 79 00 70 01 45 43 55 50 41 44 42 47 0D 45  ify.p.ECUPADBG.E
    CD60: 43 20 44 65 62 75 67 00 50 38 58 48 00 0A C5 50  C Debug.P8XH...P
    CD70: 38 58 48 01 0A AB 41 44 42 47 0D 45 78 69 74 20  8XH...ADBG.Exit 
    CD80: 43 53 00 A0 2E 50 53 43 50 A0 28 5B 12 5C 2F 03  CS...PSCP.([.\/.
    CD90: 5F 50 52 5F 43 50 55 30 5F 50 50 43 00 70 00 5C  _PR_CPU0_PPC.p.\
    CDA0: 2F 03 5F 50 52 5F 43 50 55 30 5F 50 50 43 50 4E  /._PR_CPU0_PPCPN
    CDB0: 4F 54 A0 09 50 4C 43 53 52 50 4C 31 50 5F 43 53  OT..PLCSRPL1P_CS
    CDC0: 14 47 06 50 5F 43 53 08 A0 2A 5B 12 5C 2F 04 5F  .G.P_CS..*[.\/._
    CDD0: 53 42 5F 50 43 49 30 50 41 55 44 50 55 41 4D 00  SB_PCI0PAUDPUAM.
    CDE0: 5C 2F 04 5F 53 42 5F 50 43 49 30 50 41 55 44 50  \/._SB_PCI0PAUDP
    CDF0: 55 41 4D A0 34 93 4F 53 59 53 0B DC 07 A0 2A 5B  UAM.4.OSYS....*[
    CE00: 12 5C 2F 04 5F 53 42 5F 50 43 49 30 58 48 43 5F  .\/._SB_PCI0XHC_
    CE10: 44 55 41 4D 00 5C 2F 04 5F 53 42 5F 50 43 49 30  DUAM.\/._SB_PCI0
    CE20: 58 48 43 5F 44 55 41 4D 14 47 04 54 52 41 50 0A  XHC_DUAM.G.TRAP.
    CE30: 70 69 53 4D 49 46 A0 18 93 68 54 52 54 44 70 69  piSMIF...hTRTDpi
    CE40: 44 54 53 46 70 00 54 52 50 44 A4 44 54 53 46 A0  DTSFp.TRPD.DTSF.
    CE50: 0D 93 68 54 52 54 49 70 00 54 52 50 48 A0 0D 93  ..hTRTIp.TRPH...
    CE60: 68 50 46 54 49 70 00 54 52 50 46 A4 53 4D 49 46  hPFTIp.TRPF.SMIF
    CE70: 10 47 35 2E 5F 53 42 5F 50 43 49 30 14 0B 50 54  .G5._SB_PCI0..PT
    CE80: 4D 41 00 A4 50 46 4D 41 14 0B 50 54 4D 53 00 A4  MA..PFMA..PTMS..
    CE90: 50 46 4D 53 14 0B 50 54 49 41 00 A4 50 46 49 41  PFMS..PTIA..PFIA
    CEA0: 14 47 19 5F 49 4E 49 00 70 0B D0 07 4F 53 59 53  .G._INI.p...OSYS
    CEB0: A0 49 10 5B 12 5C 5F 4F 53 49 60 A0 14 5F 4F 53  .I.[.\_OSI`.._OS
    CEC0: 49 0D 4C 69 6E 75 78 00 70 0B E8 03 4F 53 59 53  I.Linux.p...OSYS
    CED0: A0 1B 5F 4F 53 49 0D 57 69 6E 64 6F 77 73 20 32  .._OSI.Windows 2
    CEE0: 30 30 31 00 70 0B D1 07 4F 53 59 53 A0 1F 5F 4F  001.p...OSYS.._O
    CEF0: 53 49 0D 57 69 6E 64 6F 77 73 20 32 30 30 31 20  SI.Windows 2001 
    CF00: 53 50 31 00 70 0B D1 07 4F 53 59 53 A0 1F 5F 4F  SP1.p...OSYS.._O
    CF10: 53 49 0D 57 69 6E 64 6F 77 73 20 32 30 30 31 20  SI.Windows 2001 
    CF20: 53 50 32 00 70 0B D2 07 4F 53 59 53 A0 1D 5F 4F  SP2.p...OSYS.._O
    CF30: 53 49 0D 57 69 6E 64 6F 77 73 20 32 30 30 31 2E  SI.Windows 2001.
    CF40: 31 00 70 0B D3 07 4F 53 59 53 A0 1B 5F 4F 53 49  1.p...OSYS.._OSI
    CF50: 0D 57 69 6E 64 6F 77 73 20 32 30 30 36 00 70 0B  .Windows 2006.p.
    CF60: D6 07 4F 53 59 53 A0 1B 5F 4F 53 49 0D 57 69 6E  ..OSYS.._OSI.Win
    CF70: 64 6F 77 73 20 32 30 30 39 00 70 0B D9 07 4F 53  dows 2009.p...OS
    CF80: 59 53 A0 1B 5F 4F 53 49 0D 57 69 6E 64 6F 77 73  YS.._OSI.Windows
    CF90: 20 32 30 31 32 00 70 0B DC 07 4F 53 59 53 A0 1B   2012.p...OSYS..
    CFA0: 5F 4F 53 49 0D 57 69 6E 64 6F 77 73 20 32 30 31  _OSI.Windows 201
    CFB0: 33 00 70 0B DD 07 4F 53 59 53 50 49 4E 49 45 56  3.p...OSYSPINIEV
    CFC0: 33 5F 0A 02 00 A0 11 45 43 47 33 5E 2E 47 46 58  3_.....ECG3^.GFX
    CFD0: 30 47 4C 49 44 0A 03 A1 0C 5E 2E 47 46 58 30 47  0GLID....^.GFX0G
    CFE0: 4C 49 44 00 5B 80 44 58 48 43 00 0C 18 F4 D1 FE  LID.[.DXHC......
    CFF0: 0A 04 5B 81 0D 44 58 48 43 00 00 1B 58 48 43 44  ..[..DXHC...XHCD
    D000: 01 A0 1E 90 95 4F 53 59 53 0B D6 07 94 4F 53 59  .....OSYS....OSY
    D010: 53 0B E8 03 70 01 58 48 43 44 86 58 48 43 5F 00  S...p.XHCD.XHC_.
    D020: A0 0D 45 43 47 34 47 45 4E 53 0A 1C 01 00 A1 09  ..ECG4GENS......
    D030: 47 45 4E 53 0A 1C 00 00 14 47 0C 4E 48 50 47 08  GENS.....G.NHPG.
    D040: 70 00 5E 2E 52 50 30 31 48 50 45 58 70 00 5E 2E  p.^.RP01HPEXp.^.
    D050: 52 50 30 32 48 50 45 58 70 00 5E 2E 52 50 30 33  RP02HPEXp.^.RP03
    D060: 48 50 45 58 70 00 5E 2E 52 50 30 34 48 50 45 58  HPEXp.^.RP04HPEX
    D070: 70 00 5E 2E 52 50 30 35 48 50 45 58 70 00 5E 2E  p.^.RP05HPEXp.^.
    D080: 52 50 30 36 48 50 45 58 70 00 5E 2E 52 50 30 37  RP06HPEXp.^.RP07
    D090: 48 50 45 58 70 00 5E 2E 52 50 30 38 48 50 45 58  HPEXp.^.RP08HPEX
    D0A0: 70 01 5E 2E 52 50 30 31 48 50 53 58 70 01 5E 2E  p.^.RP01HPSXp.^.
    D0B0: 52 50 30 32 48 50 53 58 70 01 5E 2E 52 50 30 33  RP02HPSXp.^.RP03
    D0C0: 48 50 53 58 70 01 5E 2E 52 50 30 34 48 50 53 58  HPSXp.^.RP04HPSX
    D0D0: 70 01 5E 2E 52 50 30 35 48 50 53 58 70 01 5E 2E  p.^.RP05HPSXp.^.
    D0E0: 52 50 30 36 48 50 53 58 70 01 5E 2E 52 50 30 37  RP06HPSXp.^.RP07
    D0F0: 48 50 53 58 70 01 5E 2E 52 50 30 38 48 50 53 58  HPSXp.^.RP08HPSX
    D100: 14 47 0C 4E 50 4D 45 08 70 00 5E 2E 52 50 30 31  .G.NPME.p.^.RP01
    D110: 50 4D 45 58 70 00 5E 2E 52 50 30 32 50 4D 45 58  PMEXp.^.RP02PMEX
    D120: 70 00 5E 2E 52 50 30 33 50 4D 45 58 70 00 5E 2E  p.^.RP03PMEXp.^.
    D130: 52 50 30 34 50 4D 45 58 70 00 5E 2E 52 50 30 35  RP04PMEXp.^.RP05
    D140: 50 4D 45 58 70 00 5E 2E 52 50 30 36 50 4D 45 58  PMEXp.^.RP06PMEX
    D150: 70 00 5E 2E 52 50 30 37 50 4D 45 58 70 00 5E 2E  p.^.RP07PMEXp.^.
    D160: 52 50 30 38 50 4D 45 58 70 01 5E 2E 52 50 30 31  RP08PMEXp.^.RP01
    D170: 50 4D 53 58 70 01 5E 2E 52 50 30 32 50 4D 53 58  PMSXp.^.RP02PMSX
    D180: 70 01 5E 2E 52 50 30 33 50 4D 53 58 70 01 5E 2E  p.^.RP03PMSXp.^.
    D190: 52 50 30 34 50 4D 53 58 70 01 5E 2E 52 50 30 35  RP04PMSXp.^.RP05
    D1A0: 50 4D 53 58 70 01 5E 2E 52 50 30 36 50 4D 53 58  PMSXp.^.RP06PMSX
    D1B0: 70 01 5E 2E 52 50 30 37 50 4D 53 58 70 01 5E 2E  p.^.RP07PMSXp.^.
    D1C0: 52 50 30 38 50 4D 53 58 10 45 07 5C 00 08 50 49  RP08PMSX.E.\..PI
    D1D0: 43 4D 00 08 50 52 57 50 12 04 02 00 00 14 40 06  CM..PRWP......@.
    D1E0: 47 50 52 57 02 70 68 88 50 52 57 50 00 00 70 79  GPRW.ph.PRWP..py
    D1F0: 53 53 31 5F 01 00 60 7D 60 79 53 53 32 5F 0A 02  SS1_..`}`ySS2_..
    D200: 00 60 7D 60 79 53 53 33 5F 0A 03 00 60 7D 60 79  .`}`ySS3_...`}`y
    D210: 53 53 34 5F 0A 04 00 60 A0 11 7B 79 01 69 00 60  SS4_...`..{y.i.`
    D220: 00 70 69 88 50 52 57 50 01 00 A1 0E 7A 60 01 60  .pi.PRWP....z`.`
    D230: 81 60 88 50 52 57 50 01 00 A4 50 52 57 50 10 4E  .`.PRWP...PRWP.N
    D240: 95 5F 53 42 5F 08 4F 53 43 49 00 08 4F 53 43 4F  ._SB_.OSCI..OSCO
    D250: 00 14 45 10 5F 4F 53 43 0C 8A 6B 00 53 54 53 30  ..E._OSC..k.STS0
    D260: 8A 6B 0A 04 43 41 50 30 A0 41 0D 93 68 11 13 0A  .k..CAP0.A..h...
    D270: 10 6E B0 11 08 27 4A F9 44 8D 60 3C BB C2 2E 7B  .n...'J.D.`<...{
    D280: 48 A0 4D 09 93 69 01 A0 3C 7B 43 41 50 30 0A 04  H.M..i..<{CAP0..
    D290: 00 70 0A 04 4F 53 43 4F A0 2B 92 93 7B 53 47 4D  .p..OSCO.+..{SGM
    D2A0: 44 0A 0F 00 0A 02 A0 1D 93 52 54 44 33 00 7B 43  D........RTD3.{C
    D2B0: 41 50 30 0A 3B 43 41 50 30 7D 53 54 53 30 0A 10  AP0.;CAP0}STS0..
    D2C0: 53 54 53 30 A0 4A 05 7B 43 41 50 30 0A 20 00 A0  STS0.J.{CAP0. ..
    D2D0: 37 5B 12 5C 2F 03 5F 53 42 5F 50 43 43 44 50 45  7[.\/._SB_PCCDPE
    D2E0: 4E 42 00 A0 23 93 5E 2E 50 43 43 44 50 45 4E 42  NB..#.^.PCCDPENB
    D2F0: 00 7B 43 41 50 30 0A 1F 43 41 50 30 7D 53 54 53  .{CAP0..CAP0}STS
    D300: 30 0A 10 53 54 53 30 A1 17 7B 43 41 50 30 0A 1F  0..STS0..{CAP0..
    D310: 43 41 50 30 7D 53 54 53 30 0A 10 53 54 53 30 A1  CAP0}STS0..STS0.
    D320: 1A 7B 53 54 53 30 0C 00 FF FF FF 53 54 53 30 7D  .{STS0.....STS0}
    D330: 53 54 53 30 0A 0A 53 54 53 30 A1 1A 7B 53 54 53  STS0..STS0..{STS
    D340: 30 0C 00 FF FF FF 53 54 53 30 7D 53 54 53 30 0A  0.....STS0}STS0.
    D350: 06 53 54 53 30 A4 6B 5B 82 44 84 50 45 50 44 08  .STS0.k[.D.PEPD.
    D360: 5F 48 49 44 0D 49 4E 54 33 33 41 31 00 08 5F 43  _HID.INT33A1.._C
    D370: 49 44 0C 41 D0 0D 80 08 5F 55 49 44 01 08 50 45  ID.A...._UID..PE
    D380: 50 50 00 08 44 45 56 53 12 2F 03 0A 02 12 12 01  PP..DEVS./......
    D390: 0D 5C 5F 53 42 2E 50 43 49 30 2E 47 46 58 30 00  .\_SB.PCI0.GFX0.
    D3A0: 12 17 01 0D 5C 5F 53 42 2E 50 43 49 30 2E 53 41  ....\_SB.PCI0.SA
    D3B0: 54 30 2E 50 52 54 31 00 08 44 45 56 58 12 45 10  T0.PRT1..DEVX.E.
    D3C0: 08 12 17 02 0D 5C 5F 53 42 2E 50 43 49 30 2E 47  .....\_SB.PCI0.G
    D3D0: 46 58 30 00 0C FF FF FF FF 12 1C 02 0D 5C 5F 53  FX0..........\_S
    D3E0: 42 2E 50 43 49 30 2E 53 41 54 30 2E 50 52 54 31  B.PCI0.SAT0.PRT1
    D3F0: 00 0C FF FF FF FF 12 17 02 0D 5C 5F 53 42 2E 50  ..........\_SB.P
    D400: 43 49 30 2E 55 41 30 31 00 0C FF FF FF FF 12 17  CI0.UA01........
    D410: 02 0D 5C 5F 53 42 2E 50 43 49 30 2E 53 44 48 43  ..\_SB.PCI0.SDHC
    D420: 00 0C FF FF FF FF 12 17 02 0D 5C 5F 53 42 2E 50  ..........\_SB.P
    D430: 43 49 30 2E 49 32 43 30 00 0C FF FF FF FF 12 17  CI0.I2C0........
    D440: 02 0D 5C 5F 53 42 2E 50 43 49 30 2E 49 32 43 31  ..\_SB.PCI0.I2C1
    D450: 00 0C FF FF FF FF 12 16 02 0D 5C 5F 53 42 2E 50  ..........\_SB.P
    D460: 43 49 30 2E 58 48 43 00 0C FF FF FF FF 12 45 05  CI0.XHC.......E.
    D470: 02 0D 48 44 41 55 44 49 4F 5C 46 55 4E 43 5F 30  ..HDAUDIO\FUNC_0
    D480: 31 26 56 45 4E 5F 31 30 45 43 26 44 45 56 5F 30  1&VEN_10EC&DEV_0
    D490: 32 38 32 26 53 55 42 53 59 53 5F 30 30 30 30 30  282&SUBSYS_00000
    D4A0: 30 30 30 26 52 45 56 5F 31 30 30 30 5C 34 26 61  000&REV_1000\4&a
    D4B0: 30 32 62 37 34 62 26 30 26 30 30 30 31 00 0C FF  02b74b&0&0001...
    D4C0: FF FF FF 08 44 45 56 59 12 4C 24 12 12 18 03 0D  ....DEVY.L$.....
    D4D0: 5C 5F 50 52 2E 43 50 55 30 00 01 12 09 02 00 12  \_PR.CPU0.......
    D4E0: 05 02 0A FF 00 12 18 03 0D 5C 5F 50 52 2E 43 50  .........\_PR.CP
    D4F0: 55 31 00 01 12 09 02 00 12 05 02 0A FF 00 12 18  U1..............
    D500: 03 0D 5C 5F 50 52 2E 43 50 55 32 00 01 12 09 02  ..\_PR.CPU2.....
    D510: 00 12 05 02 0A FF 00 12 18 03 0D 5C 5F 50 52 2E  ...........\_PR.
    D520: 43 50 55 33 00 01 12 09 02 00 12 05 02 0A FF 00  CPU3............
    D530: 12 1E 03 0D 5C 5F 53 42 2E 50 43 49 30 2E 47 46  ....\_SB.PCI0.GF
    D540: 58 30 00 01 12 0A 02 00 12 06 02 0A FF 0A 03 12  X0..............
    D550: 1E 03 0D 5C 5F 53 42 2E 50 43 49 30 2E 53 41 54  ...\_SB.PCI0.SAT
    D560: 30 00 01 12 0A 02 00 12 06 02 0A FF 0A 03 12 24  0..............$
    D570: 03 0D 5C 5F 53 42 2E 50 43 49 30 2E 53 41 54 30  ..\_SB.PCI0.SAT0
    D580: 2E 50 52 54 30 00 01 12 0B 02 00 12 07 03 0A FF  .PRT0...........
    D590: 00 0A 81 12 24 03 0D 5C 5F 53 42 2E 50 43 49 30  ....$..\_SB.PCI0
    D5A0: 2E 53 41 54 30 2E 50 52 54 31 00 01 12 0B 02 00  .SAT0.PRT1......
    D5B0: 12 07 03 0A FF 00 0A 81 12 24 03 0D 5C 5F 53 42  .........$..\_SB
    D5C0: 2E 50 43 49 30 2E 53 41 54 30 2E 50 52 54 32 00  .PCI0.SAT0.PRT2.
    D5D0: 01 12 0B 02 00 12 07 03 0A FF 00 0A 81 12 24 03  ..............$.
    D5E0: 0D 5C 5F 53 42 2E 50 43 49 30 2E 53 41 54 30 2E  .\_SB.PCI0.SAT0.
    D5F0: 50 52 54 33 00 01 12 0B 02 00 12 07 03 0A FF 00  PRT3............
    D600: 0A 81 12 1E 03 0D 5C 5F 53 42 2E 50 43 49 30 2E  ......\_SB.PCI0.
    D610: 55 41 30 30 00 01 12 0A 02 00 12 06 02 0A FF 0A  UA00............
    D620: 03 12 1E 03 0D 5C 5F 53 42 2E 50 43 49 30 2E 55  .....\_SB.PCI0.U
    D630: 41 30 31 00 01 12 0A 02 00 12 06 02 0A FF 0A 03  A01.............
    D640: 12 1E 03 0D 5C 5F 53 42 2E 50 43 49 30 2E 53 44  ....\_SB.PCI0.SD
    D650: 48 43 00 01 12 0A 02 00 12 06 02 0A FF 0A 03 12  HC..............
    D660: 1E 03 0D 5C 5F 53 42 2E 50 43 49 30 2E 49 32 43  ...\_SB.PCI0.I2C
    D670: 30 00 01 12 0A 02 00 12 06 02 0A FF 0A 03 12 1E  0...............
    D680: 03 0D 5C 5F 53 42 2E 50 43 49 30 2E 49 32 43 31  ..\_SB.PCI0.I2C1
    D690: 00 01 12 0A 02 00 12 06 02 0A FF 0A 03 12 1D 03  ................
    D6A0: 0D 5C 5F 53 42 2E 50 43 49 30 2E 58 48 43 00 01  .\_SB.PCI0.XHC..
    D6B0: 12 0A 02 00 12 06 02 0A FF 0A 03 12 36 03 0D 48  ............6..H
    D6C0: 44 41 55 44 49 4F 5C 46 55 4E 43 5F 30 31 26 56  DAUDIO\FUNC_01&V
    D6D0: 45 4E 5F 31 30 45 43 26 44 45 56 5F 30 32 38 32  EN_10EC&DEV_0282
    D6E0: 2A 00 01 12 0E 03 00 12 04 02 00 00 12 05 02 01  *...............
    D6F0: 0A 03 12 22 03 0D 5C 5F 53 42 2E 50 43 49 30 2E  ..."..\_SB.PCI0.
    D700: 41 44 53 50 00 01 12 0E 03 00 12 04 02 00 00 12  ADSP............
    D710: 05 02 01 0A 03 08 42 43 43 44 12 48 0F 05 12 2C  ......BCCD.H...,
    D720: 02 0D 5C 5F 53 42 2E 50 43 49 30 2E 53 41 54 30  ..\_SB.PCI0.SAT0
    D730: 00 12 19 01 12 16 03 12 09 05 01 0A 08 00 01 0A  ................
    D740: B2 12 06 03 00 0A CD 01 0B 80 3E 12 31 02 0D 5C  ..........>.1..\
    D750: 5F 53 42 2E 50 43 49 30 2E 53 41 54 30 2E 50 52  _SB.PCI0.SAT0.PR
    D760: 54 30 00 12 19 01 12 16 03 12 09 05 01 0A 08 00  T0..............
    D770: 01 0A B2 12 06 03 00 0A CD 01 0B 80 3E 12 31 02  ............>.1.
    D780: 0D 5C 5F 53 42 2E 50 43 49 30 2E 53 41 54 30 2E  .\_SB.PCI0.SAT0.
    D790: 50 52 54 31 00 12 19 01 12 16 03 12 09 05 01 0A  PRT1............
    D7A0: 08 00 01 0A B2 12 06 03 00 0A CD 01 0B 80 3E 12  ..............>.
    D7B0: 31 02 0D 5C 5F 53 42 2E 50 43 49 30 2E 53 41 54  1..\_SB.PCI0.SAT
    D7C0: 30 2E 50 52 54 32 00 12 19 01 12 16 03 12 09 05  0.PRT2..........
    D7D0: 01 0A 08 00 01 0A B2 12 06 03 00 0A CD 01 0B 80  ................
    D7E0: 3E 12 31 02 0D 5C 5F 53 42 2E 50 43 49 30 2E 53  >.1..\_SB.PCI0.S
    D7F0: 41 54 30 2E 50 52 54 33 00 12 19 01 12 16 03 12  AT0.PRT3........
    D800: 09 05 01 0A 08 00 01 0A B2 12 06 03 00 0A CD 01  ................
    D810: 0B 80 3E 14 2D 5F 53 54 41 00 A0 24 92 95 4F 53  ..>.-_STA..$..OS
    D820: 59 53 0B DC 07 A0 19 93 7B 43 44 49 44 0B 00 F0  YS......{CDID...
    D830: 00 0B 00 90 A0 0A 93 53 30 49 44 01 A4 0A 0F A4  .......S0ID.....
    D840: 00 14 4B 35 5F 44 53 4D 0C 08 5F 54 5F 30 00 A0  ..K5_DSM.._T_0..
    D850: 4A 17 93 68 11 13 0A 10 E0 BF FE B8 F8 BA 4B 45  J..h..........KE
    D860: AE CD 49 FB 91 13 7B 21 A0 09 93 6A 00 A4 11 03  ..I...{!...j....
    D870: 01 07 A0 0D 93 6A 01 70 01 50 45 50 50 A4 0A 0F  .....j.p.PEPP...
    D880: A0 49 14 93 6A 0A 02 A0 42 07 93 69 00 A2 4C 06  .I..j...B..i..L.
    D890: 01 70 50 45 50 59 5F 54 5F 30 A0 1F 93 5F 54 5F  .pPEPY_T_0..._T_
    D8A0: 30 01 A4 12 16 02 01 12 12 01 0D 5C 5F 53 42 2E  0..........\_SB.
    D8B0: 50 43 49 30 2E 47 46 58 30 00 A1 3E A0 25 93 5F  PCI0.GFX0..>.%._
    D8C0: 54 5F 30 0A 02 A4 12 1B 02 01 12 17 01 0D 5C 5F  T_0...........\_
    D8D0: 53 42 2E 50 43 49 30 2E 53 41 54 30 2E 50 52 54  SB.PCI0.SAT0.PRT
    D8E0: 31 00 A1 16 A0 0D 93 5F 54 5F 30 0A 03 A4 44 45  1......_T_0...DE
    D8F0: 56 53 A1 06 A4 12 03 01 00 A5 A0 4F 0C 93 69 01  VS.........O..i.
    D900: A0 16 92 7B 50 45 50 59 01 00 70 00 88 83 88 44  ...{PEPY..p....D
    D910: 45 56 58 00 00 01 00 A0 17 92 7B 50 45 50 59 0A  EVX.......{PEPY.
    D920: 02 00 70 00 88 83 88 44 45 56 58 01 00 01 00 A0  ..p....DEVX.....
    D930: 18 92 7B 50 45 50 59 0A 04 00 70 00 88 83 88 44  ..{PEPY...p....D
    D940: 45 56 58 0A 02 00 01 00 A0 18 92 7B 50 45 50 59  EVX........{PEPY
    D950: 0A 08 00 70 00 88 83 88 44 45 56 58 0A 03 00 01  ...p....DEVX....
    D960: 00 A0 18 92 7B 50 45 50 59 0A 10 00 70 00 88 83  ....{PEPY...p...
    D970: 88 44 45 56 58 0A 04 00 01 00 A0 18 92 7B 50 45  .DEVX........{PE
    D980: 50 59 0A 20 00 70 00 88 83 88 44 45 56 58 0A 05  PY. .p....DEVX..
    D990: 00 01 00 A0 18 92 7B 50 45 50 59 0A 40 00 70 00  ......{PEPY.@.p.
    D9A0: 88 83 88 44 45 56 58 0A 06 00 01 00 A0 18 92 7B  ...DEVX........{
    D9B0: 50 45 50 59 0A 80 00 70 00 88 83 88 44 45 56 58  PEPY...p....DEVX
    D9C0: 0A 07 00 01 00 A4 44 45 56 58 A0 40 1D 93 68 11  ......DEVX.@..h.
    D9D0: 13 0A 10 A0 40 EB C4 D2 6C E2 11 BC FD 08 00 20  ....@...l...... 
    D9E0: 0C 9A 66 A0 09 93 6A 00 A4 11 03 01 07 A0 42 1A  ..f...j.......B.
    D9F0: 93 6A 01 A0 45 04 92 93 7B 50 45 50 43 0A 03 00  .j..E...{PEPC...
    DA00: 01 70 00 88 83 88 44 45 56 59 0A 06 00 01 00 70  .p....DEVY.....p
    DA10: 00 88 83 88 44 45 56 59 0A 07 00 01 00 70 00 88  ....DEVY.....p..
    DA20: 83 88 44 45 56 59 0A 08 00 01 00 70 00 88 83 88  ..DEVY.....p....
    DA30: 44 45 56 59 0A 09 00 01 00 A0 4F 07 92 93 7B 50  DEVY......O...{P
    DA40: 45 50 43 0A 03 00 0A 02 70 00 88 83 88 44 45 56  EPC.....p....DEV
    DA50: 59 0A 05 00 01 00 A0 17 92 7B 53 50 53 54 01 00  Y........{SPST..
    DA60: 70 00 88 83 88 44 45 56 59 0A 06 00 01 00 A0 18  p....DEVY.......
    DA70: 92 7B 53 50 53 54 0A 02 00 70 00 88 83 88 44 45  .{SPST...p....DE
    DA80: 56 59 0A 07 00 01 00 A0 18 92 7B 53 50 53 54 0A  VY........{SPST.
    DA90: 04 00 70 00 88 83 88 44 45 56 59 0A 08 00 01 00  ..p....DEVY.....
    DAA0: A0 18 92 7B 53 50 53 54 0A 08 00 70 00 88 83 88  ...{SPST...p....
    DAB0: 44 45 56 59 0A 09 00 01 00 A0 19 93 7B 50 45 50  DEVY........{PEP
    DAC0: 43 0A 04 00 00 70 00 88 83 88 44 45 56 59 0A 0A  C....p....DEVY..
    DAD0: 00 01 00 A0 19 93 7B 50 45 50 43 0A 08 00 00 70  ......{PEPC....p
    DAE0: 00 88 83 88 44 45 56 59 0A 0B 00 01 00 A0 19 93  ....DEVY........
    DAF0: 7B 50 45 50 43 0A 10 00 00 70 00 88 83 88 44 45  {PEPC....p....DE
    DB00: 56 59 0A 0C 00 01 00 A0 19 93 7B 50 45 50 43 0A  VY........{PEPC.
    DB10: 20 00 00 70 00 88 83 88 44 45 56 59 0A 0D 00 01   ..p....DEVY....
    DB20: 00 A0 19 93 7B 50 45 50 43 0A 40 00 00 70 00 88  ....{PEPC.@..p..
    DB30: 83 88 44 45 56 59 0A 0E 00 01 00 A0 19 93 7B 50  ..DEVY........{P
    DB40: 45 50 43 0A 80 00 00 70 00 88 83 88 44 45 56 59  EPC....p....DEVY
    DB50: 0A 0F 00 01 00 A0 1A 93 7B 50 45 50 43 0B 00 01  ........{PEPC...
    DB60: 00 00 70 00 88 83 88 44 45 56 59 0A 10 00 01 00  ..p....DEVY.....
    DB70: A0 1A 93 7B 50 45 50 43 0B 00 02 00 00 70 00 88  ...{PEPC.....p..
    DB80: 83 88 44 45 56 59 0A 11 00 01 00 A4 44 45 56 59  ..DEVY......DEVY
    DB90: A0 0A 93 6A 0A 02 A4 42 43 43 44 A4 01 10 49 07  ...j...BCCD...I.
    DBA0: 5F 53 42 5F 5B 82 41 07 42 54 4B 4C 08 5F 48 49  _SB_[.A.BTKL._HI
    DBB0: 44 0D 49 4E 54 33 34 32 30 00 14 2A 5F 53 54 41  D.INT3420..*_STA
    DBC0: 00 A0 21 5F 4F 53 49 0D 57 69 6E 64 6F 77 73 20  ..!_OSI.Windows 
    DBD0: 32 30 31 32 00 A0 0D 93 42 49 44 5F 42 57 32 43  2012....BID_BW2C
    DBE0: A4 0A 0F A4 00 14 11 5F 50 53 30 08 7B 47 4C 30  ......._PS0.{GL0
    DBF0: 41 0A 7F 47 4C 30 41 14 11 5F 50 53 33 08 7D 47  A..GL0A.._PS3.}G
    DC00: 4C 30 41 0A 80 47 4C 30 41 14 0D 50 53 54 53 00  L0A..GL0A..PSTS.
    DC10: A4 52 44 47 50 0A 57 10 49 05 2F 04 5F 53 42 5F  .RDGP.W.I./._SB_
    DC20: 50 43 49 30 49 32 43 30 53 48 55 42 14 08 5F 53  PCI0I2C0SHUB.._S
    DC30: 54 41 00 A4 00 14 3B 5F 44 53 4D 04 A0 2D 93 68  TA....;_DSM..-.h
    DC40: 11 13 0A 10 F7 F6 DF 3C 67 42 55 45 AD 05 B3 0A  .......<gBUE....
    DC50: 3D 89 38 DE A0 0E 93 6A 00 A0 09 93 69 01 A4 11  =.8....j....i...
    DC60: 03 01 03 A0 06 93 6A 01 A4 01 A1 06 A4 11 03 01  ......j.........
    DC70: 00 10 4B 19 2E 5F 53 42 5F 50 43 49 30 5B 82 4E  ..K.._SB_PCI0[.N
    DC80: 18 50 44 52 43 08 5F 48 49 44 0C 41 D0 0C 02 08  .PDRC._HID.A....
    DC90: 5F 55 49 44 01 08 42 55 46 30 11 46 09 0A 92 86  _UID..BUF0.F....
    DCA0: 09 00 01 00 00 00 00 00 40 00 00 86 09 00 01 00  ........@.......
    DCB0: 00 00 00 00 80 00 00 86 09 00 01 00 00 00 00 00  ................
    DCC0: 10 00 00 86 09 00 01 00 00 00 00 00 10 00 00 86  ................
    DCD0: 09 00 01 00 00 00 00 00 00 00 00 86 09 00 01 00  ................
    DCE0: 00 D2 FE 00 00 02 00 86 09 00 00 00 00 D9 FE 00  ................
    DCF0: 40 00 00 86 09 00 01 00 50 D4 FE 00 B0 04 00 86  @.......P.......
    DD00: 09 00 00 00 00 00 FF 00 00 00 01 86 09 00 00 00  ................
    DD10: 00 E0 FE 00 00 10 00 86 09 00 01 00 00 00 00 00  ................
    DD20: 10 00 00 86 09 00 01 00 00 00 00 00 00 01 00 79  ...............y
    DD30: 00 14 4B 0D 5F 43 52 53 08 8A 42 55 46 30 0A 04  ..K._CRS..BUF0..
    DD40: 52 42 52 30 79 5E 5E 2E 4C 50 43 42 52 43 42 41  RBR0y^^.LPCBRCBA
    DD50: 0A 0E 52 42 52 30 8A 42 55 46 30 0A 7C 54 42 52  ..RBR0.BUF0.|TBR
    DD60: 30 70 54 42 41 42 54 42 52 30 8A 42 55 46 30 0A  0pTBABTBR0.BUF0.
    DD70: 80 54 42 4C 4E A0 0D 93 54 42 41 42 00 70 00 54  .TBLN...TBAB.p.T
    DD80: 42 4C 4E 8A 42 55 46 30 0A 88 53 4E 52 30 70 53  BLN.BUF0..SNR0pS
    DD90: 52 4D 42 53 4E 52 30 8A 42 55 46 30 0A 10 4D 42  RMBSNR0.BUF0..MB
    DDA0: 52 30 79 4D 48 42 52 0A 0F 4D 42 52 30 8A 42 55  R0yMHBR..MBR0.BU
    DDB0: 46 30 0A 1C 44 42 52 30 79 44 49 42 52 0A 0C 44  F0..DBR0yDIBR..D
    DDC0: 42 52 30 8A 42 55 46 30 0A 28 45 42 52 30 79 45  BR0.BUF0.(EBR0yE
    DDD0: 50 42 52 0A 0C 45 42 52 30 8A 42 55 46 30 0A 34  PBR..EBR0.BUF0.4
    DDE0: 58 42 52 30 79 50 58 42 52 0A 1A 58 42 52 30 8A  XBR0yPXBR..XBR0.
    DDF0: 42 55 46 30 0A 38 58 53 5A 30 7A 0C 00 00 00 10  BUF0.8XSZ0z.....
    DE00: 50 58 53 5A 58 53 5A 30 A4 42 55 46 30 5B 82 42  PXSZXSZ0.BUF0[.B
    DE10: 05 57 43 41 4D 08 5F 41 44 52 0A 05 14 18 5F 55  .WCAM._ADR...._U
    DE20: 50 43 08 08 55 50 43 50 12 07 04 00 0A FF 00 00  PC..UPCP........
    DE30: A4 55 50 43 50 14 2B 5F 50 4C 44 08 08 50 4C 44  .UPCP.+_PLD..PLD
    DE40: 50 12 1A 01 11 17 0A 14 82 00 00 00 00 00 00 00  P...............
    DE50: 24 01 00 00 00 00 00 00 C8 00 A0 00 A4 50 4C 44  $............PLD
    DE60: 50 14 18 42 43 4C 52 01 70 00 60 A2 0E 95 60 87  P..BCLR.p.`...`.
    DE70: 68 42 42 57 52 68 60 00 75 60 14 13 42 42 57 52  hBBWRh`.u`..BBWR
    DE80: 03 8C 68 69 56 41 4C 5F 70 6A 56 41 4C 5F 14 12  ..hiVAL_pjVAL_..
    DE90: 42 42 52 44 02 8C 68 69 56 41 4C 5F A4 56 41 4C  BBRD..hiVAL_.VAL
    DEA0: 5F 14 13 42 57 57 52 03 8B 68 69 56 41 4C 5F 70  _..BWWR..hiVAL_p
    DEB0: 6A 56 41 4C 5F 14 12 42 57 52 44 02 8B 68 69 56  jVAL_..BWRD..hiV
    DEC0: 41 4C 5F A4 56 41 4C 5F 14 13 42 44 57 52 03 8A  AL_.VAL_..BDWR..
    DED0: 68 69 56 41 4C 5F 70 6A 56 41 4C 5F 14 12 42 44  hiVAL_pjVAL_..BD
    DEE0: 52 44 02 8A 68 69 56 41 4C 5F A4 56 41 4C 5F 14  RD..hiVAL_.VAL_.
    DEF0: 40 05 53 54 52 45 02 08 53 54 52 31 11 03 0A 50  @.STRE..STR1...P
    DF00: 08 53 54 52 32 11 03 0A 50 70 68 53 54 52 31 70  .STR2...PphSTR1p
    DF10: 69 53 54 52 32 70 00 60 70 01 61 A2 22 61 70 42  iSTR2p.`p.a."apB
    DF20: 42 52 44 53 54 52 31 60 61 70 42 42 52 44 53 54  BRDSTR1`apBBRDST
    DF30: 52 32 60 62 A0 07 92 93 61 62 A4 00 75 60 A4 01  R2`b....ab..u`..
    DF40: 14 38 58 50 54 42 01 70 87 68 60 A0 08 93 8E 68  .8XPTB.p.h`....h
    DF50: 0A 02 75 60 08 4F 42 55 46 11 02 60 70 68 4F 42  ..u`.OBUF..`phOB
    DF60: 55 46 A0 11 93 8E 68 0A 02 76 60 70 00 88 4F 42  UF....h..v`p..OB
    DF70: 55 46 60 00 A4 4F 42 55 46 14 2E 53 54 44 47 03  UF`..OBUF..STDG.
    DF80: 70 68 60 A0 15 92 95 68 0A 0A 78 68 0A 0A 60 61  ph`....h..xh..`a
    DF90: 70 53 54 44 47 61 69 6A 6A 72 60 0A 30 60 70 60  pSTDGaijjr`.0`p`
    DFA0: 88 69 6A 00 75 6A A4 6A 14 3C 58 50 54 53 01 08  .ij.uj.j.<XPTS..
    DFB0: 4C 42 55 46 11 03 0A 20 70 53 54 44 47 68 4C 42  LBUF... pSTDGhLB
    DFC0: 55 46 00 60 70 00 88 4C 42 55 46 60 00 75 60 08  UF.`p..LBUF`.u`.
    DFD0: 4F 42 55 46 11 02 60 70 4C 42 55 46 4F 42 55 46  OBUF..`pLBUFOBUF
    DFE0: A4 4F 42 55 46 10 44 24 5C 00 5B 01 53 4D 49 58  .OBUF.D$\.[.SMIX
    DFF0: 01 08 53 4D 49 42 0C 00 50 7D CA 08 50 53 4D 49  ..SMIB..P}..PSMI
    E000: 0C B2 00 00 00 14 26 53 4E 56 43 01 5B 80 57 57  ......&SNVC.[.WW
    E010: 50 52 00 53 4D 49 42 0A 04 5B 81 0B 57 57 50 52  PR.SMIB..[..WWPR
    E020: 13 53 43 44 57 20 70 68 53 43 44 57 14 3B 53 4E  .SCDW phSCDW.;SN
    E030: 57 42 02 70 53 4D 49 42 60 72 60 69 60 72 60 0A  WB.pSMIB`r`i`r`.
    E040: 04 60 5B 80 57 57 50 52 00 60 01 5B 81 0B 57 57  .`[.WWPR.`.[..WW
    E050: 50 52 11 53 42 59 30 08 8C 68 69 53 56 41 4C 70  PR.SBY0..hiSVALp
    E060: 53 56 41 4C 53 42 59 30 14 3E 53 4E 52 42 02 70  SVALSBY0.>SNRB.p
    E070: 53 4D 49 42 60 72 60 69 60 72 60 0A 04 60 5B 80  SMIB`r`i`r`..`[.
    E080: 57 57 50 52 00 60 0A 04 5B 81 0B 57 57 50 52 11  WWPR.`..[..WWPR.
    E090: 53 42 59 30 08 8C 68 69 53 56 41 4C 70 53 42 59  SBY0..hiSVALpSBY
    E0A0: 30 53 56 41 4C A4 68 14 3C 53 4E 56 50 02 70 53  0SVAL.h.<SNVP.pS
    E0B0: 4D 49 42 60 72 60 69 60 72 60 0A 04 60 5B 80 57  MIB`r`i`r`..`[.W
    E0C0: 57 50 52 00 60 0A 04 5B 81 0B 57 57 50 52 11 53  WPR.`..[..WWPR.S
    E0D0: 44 57 30 20 8A 68 69 53 56 41 4C 70 53 56 41 4C  DW0 .hiSVALpSVAL
    E0E0: 53 44 57 30 14 3E 53 4E 56 47 02 70 53 4D 49 42  SDW0.>SNVG.pSMIB
    E0F0: 60 72 60 69 60 72 60 0A 04 60 5B 80 57 57 50 52  `r`i`r`..`[.WWPR
    E100: 00 60 0A 04 5B 81 0B 57 57 50 52 11 53 44 57 30  .`..[..WWPR.SDW0
    E110: 20 8A 68 69 53 56 41 4C 70 53 44 57 30 53 56 41   .hiSVALpSDW0SVA
    E120: 4C A4 68 14 37 47 45 4E 53 03 5B 23 53 4D 49 58  L.h.7GENS.[#SMIX
    E130: FF FF 70 69 60 A0 0D 93 8E 69 01 70 53 4D 42 49  ..pi`....i.pSMBI
    E140: 68 69 60 A0 0F 93 8E 69 0A 03 70 53 4D 42 46 68  hi`....i..pSMBFh
    E150: 69 6A 60 5B 27 53 4D 49 58 A4 60 14 39 53 4D 42  ij`['SMIX.`.9SMB
    E160: 49 02 53 4E 56 43 68 72 53 4D 49 42 0A 04 60 5B  I.SNVChrSMIB..`[
    E170: 80 57 57 50 52 00 60 0A 04 5B 81 0B 57 57 50 52  .WWPR.`..[..WWPR
    E180: 11 53 44 57 30 20 70 69 53 44 57 30 41 53 4D 49  .SDW0 piSDW0ASMI
    E190: A4 53 44 57 30 14 4D 06 53 4D 42 46 03 A0 08 94  .SDW0.M.SMBF....
    E1A0: 6A 0B 00 10 A4 69 A0 07 95 87 69 6A A4 69 53 4E  j....i....ij.iSN
    E1B0: 56 43 68 78 6A 0A 04 63 64 70 00 60 A2 0C 95 60  VChxj..cdp.`...`
    E1C0: 63 53 4E 57 42 69 60 75 60 A2 0F 95 60 6A 53 4E  cSNWBi`u`...`jSN
    E1D0: 56 50 69 60 72 60 0A 04 60 41 53 4D 49 70 00 60  VPi`r`..`ASMIp.`
    E1E0: A2 0E 95 60 63 70 53 4E 52 42 69 60 69 75 60 A2  ...`cpSNRBi`iu`.
    E1F0: 11 95 60 6A 70 53 4E 56 47 69 60 69 72 60 0A 04  ..`jpSNVGi`ir`..
    E200: 60 A4 69 14 26 41 53 4D 49 00 5B 80 53 4D 49 52  `.i.&ASMI.[.SMIR
    E210: 01 50 53 4D 49 01 5B 81 0B 53 4D 49 52 11 53 43  .PSMI.[..SMIR.SC
    E220: 4D 44 08 70 0A 04 53 43 4D 44 10 49 68 5F 53 42  MD.p..SCMD.Ih_SB
    E230: 5F 5B 82 41 68 41 4D 57 30 5B 01 57 4D 49 58 01  _[.AhAMW0[.WMIX.
    E240: 08 5F 48 49 44 0D 2A 70 6E 70 30 63 31 34 00 08  ._HID.*pnp0c14..
    E250: 5F 55 49 44 00 08 5F 57 44 47 11 48 06 0A 64 BC  _UID.._WDG.H..d.
    E260: DC 9D 8D 97 A9 DA 11 B0 12 B6 22 A1 EF 54 92 41  .........."..T.A
    E270: 41 01 00 CE 93 05 A8 97 A9 DA 11 B0 12 B6 22 A1  A.............".
    E280: EF 54 92 42 41 01 02 94 59 BB 9D 97 A9 DA 11 B0  .T.BA...Y.......
    E290: 12 B6 22 A1 EF 54 92 D0 00 01 08 E0 6C 77 A3 88  .."..T......lw..
    E2A0: 1E DB 11 A9 8B 08 00 20 0C 9A 66 42 43 01 00 21  ....... ..fBC..!
    E2B0: 12 90 05 66 D5 D1 11 B2 F0 00 A0 C9 06 29 10 4D  ...f.........).M
    E2C0: 4F 01 00 08 49 4E 46 4F 11 03 0A 80 08 45 43 44  O...INFO.....ECD
    E2D0: 30 00 14 0E 57 45 44 30 01 70 68 45 43 44 30 A4  0...WED0.phECD0.
    E2E0: 00 14 08 57 43 41 41 01 A4 00 14 44 07 57 51 41  ...WCAA....D.WQA
    E2F0: 41 01 5B 23 57 4D 49 58 FF FF 42 43 4C 52 49 4E  A.[#WMIX..BCLRIN
    E300: 46 4F A0 0B 92 93 68 00 70 49 4E 46 4F 61 A1 48  FO....h.pINFOa.H
    E310: 04 42 44 57 52 49 4E 46 4F 00 0C 44 45 4C 4C 42  .BDWRINFO..DELLB
    E320: 44 57 52 49 4E 46 4F 0A 04 0C 20 57 4D 49 42 44  DWRINFO... WMIBD
    E330: 57 52 49 4E 46 4F 0A 08 01 42 44 57 52 49 4E 46  WRINFO...BDWRINF
    E340: 4F 0A 0C 0B 00 10 42 44 57 52 49 4E 46 4F 0A 10  O.....BDWRINFO..
    E350: 01 70 49 4E 46 4F 61 5B 27 57 4D 49 58 A4 61 14  .pINFOa['WMIX.a.
    E360: 08 57 53 41 41 02 A4 69 14 28 57 4D 42 41 03 8A  .WSAA..i.(WMBA..
    E370: 6A 0A 28 57 42 55 46 72 57 42 55 46 0A 2C 61 A0  j.(WBUFrWBUF.,a.
    E380: 0F 92 94 61 0B 00 10 70 57 4D 49 5F 6A 61 60 A4  ...a...pWMI_ja`.
    E390: 60 14 1A 57 4D 49 5F 02 A0 11 92 94 69 0B 00 10  `..WMI_.....i...
    E3A0: 70 47 45 4E 53 0A 03 68 69 68 A4 68 08 57 51 4D  pGENS..hih.h.WQM
    E3B0: 4F 11 42 50 0B FD 04 46 4F 4D 42 01 00 00 00 ED  O.BP...FOMB.....
    E3C0: 04 00 00 D8 15 00 00 44 53 00 01 1A 7D DA 54 28  .......DS...}.T(
    E3D0: D5 8A 00 01 06 18 42 10 0D 10 22 21 04 12 01 A1  ......B..."!....
    E3E0: C8 2C 0C 86 10 38 2E 84 1C 40 48 1C 14 4A 08 84  .,...8...@H..J..
    E3F0: FA 13 C8 AF 00 84 0E 05 C8 14 60 50 80 53 04 11  ..........`P.S..
    E400: F4 2A C0 A6 00 93 02 2C 0A D0 2E C0 B2 00 DD 02  .*.....,........
    E410: A4 C3 12 91 E0 28 31 E0 28 9D D8 C2 0D 1B BC 50  .....(1.(......P
    E420: 14 CD 20 4A 82 CA 05 F8 46 10 78 B9 02 24 4F 40  .. J....F.x..$O@
    E430: 9A 05 18 16 60 5D 80 EC 21 50 A9 43 40 C9 19 02  ....`]..!P.C@...
    E440: 6A 00 AD 4E 40 F8 95 4E 09 49 10 CE 58 C5 E3 6B  j..N@..N.I..X..k
    E450: 16 4D CF 49 CE 31 E4 78 5C E8 41 F0 40 0A 40 58  .M.I.1.x\.A.@.@X
    E460: 78 08 45 80 41 49 18 0B 75 31 6A D4 48 D9 80 0C  x.E.AI..u1j.H...
    E470: 51 DA A8 D1 03 3A BF 23 39 BB A3 3B 92 04 46 3D  Q....:.#9..;..F=
    E480: A6 63 2C 6C 46 42 8D D1 1C 14 81 C6 0D DA 12 61  .c,lFB.........a
    E490: 35 AE D8 67 66 E1 C3 12 C6 11 1C 58 82 46 D1 34  5..gf......X.F.4
    E4A0: C7 B3 0D 91 E0 20 42 63 64 40 C8 F3 B0 05 7A E4  ..... Bcd@....z.
    E4B0: 09 EC 1E 51 0A 11 34 DF 13 A9 51 80 36 0C D9 3A  ...Q..4...Q.6..:
    E4C0: 1B 68 A8 B1 1A 43 11 44 84 A0 51 0C 16 21 54 88  .h...C.D..Q..!T.
    E4D0: FF 7F 94 A8 A7 14 24 6A 65 20 42 0B 66 04 66 7F  ......$je B.f.f.
    E4E0: 10 24 C6 99 41 87 05 CB 00 91 11 41 A3 61 67 01  .$..A......A.ag.
    E4F0: 0F C7 33 69 7E 62 1A 9C 09 C6 3E 3F 50 51 07 07  ..3i~b....>?PQ..
    E500: 4A 60 29 03 27 B6 C7 A5 F1 9D 71 D4 10 A7 7E 66  J`).'.....q...~f
    E510: FE 47 78 0B 3E 02 F0 31 78 B0 87 10 F0 08 D9 19  .Gx.>..1x.......
    E520: C0 80 78 EF 93 26 73 F1 59 00 C6 F0 E1 1A 1F 85  ..x..&s.Y.......
    E530: C6 C3 CE 07 6C 5C 1C DE 87 82 13 2E 16 44 01 20  ....l\.......D. 
    E540: 24 EB 7C 80 9E F5 B1 05 7C 18 68 F6 0E 41 08 5E  $.|.....|.h..A.^
    E550: 04 7C 74 F0 71 C3 E3 7E DE 00 C3 E1 C0 C3 F1 69  .|t.q..~.......i
    E560: 03 B8 8C 80 4B 7B 52 98 40 92 9F 00 12 03 83 3A  ....K{R.@......:
    E570: 10 F8 60 01 57 12 1C 6A 78 9E D8 03 C2 FF FF 28  ..`.W..jx......(
    E580: 4F E4 C5 C0 D3 7F 0C 80 71 40 F0 B4 4E CA 37 8F  O.......q@..N.7.
    E590: 07 09 0F 2A 4C 02 9F 12 18 1A 3F 6E 80 75 D4 F8  ...*L.....?n.u..
    E5A0: 03 02 BC 93 C4 F9 F5 39 00 1D 1A 4E 91 81 BC 06  .......9...N....
    E5B0: 9C F4 29 79 7C 09 7C E6 80 7D 37 38 8C 83 09 11  ..)y|.|..}78....
    E5C0: E1 3D E0 A9 C3 77 8D 47 81 40 11 7A 3B 73 D0 53  .=...w.G.@.z;s.S
    E5D0: 88 51 A2 9D 55 98 07 8E 28 3E 72 18 E1 DD C3 77  .Q..U...(>r....w
    E5E0: 82 07 90 D6 26 27 DC 40 CF 1C 2C DA 99 45 16 40  ....&'.@..,..E.@
    E5F0: 14 69 34 A8 33 82 4F 03 9E D6 53 8C 8F 12 06 39  .i4.3.O...S....9
    E600: C3 03 7B 4E 78 0C F0 80 D9 FD C0 C7 09 9F 0B F0  ..{Nx...........
    E610: AE 01 35 43 1F 36 E0 1C 3A F0 A7 09 FC C1 02 3F  ..5C.6..:......?
    E620: 1E 5F 73 D8 84 13 58 FE 20 50 23 33 B4 67 79 5A  ._s...X. P#3.gyZ
    E630: AF 01 3E ED 98 C0 E7 0D FF FF FF 39 1E 0F F8 15  ..>........9....
    E640: 9F 2E C8 5D C1 F3 F5 D9 85 D9 18 0F 6A 14 3E E0  ...]........j.>.
    E650: E0 CE 2E 3E 02 F8 EC 02 3C 27 F1 2C 01 DE 43 80  ...>....<'.,..C.
    E660: 4F 24 F1 1E B6 60 8C 18 0F 79 C6 55 0F 43 17 01  O$...`...y.U.C..
    E670: AB BB AF A0 8E 5E 60 82 7A CD C0 9D 5E 80 CF 29  .....^`.z...^..)
    E680: 0B DE FF FF 94 05 DC AF 0A FC 88 02 06 C8 CE 4E  ...............N
    E690: 27 42 78 2F 79 0E F1 ED CA 07 93 20 CF 01 11 9E  'Bx/y...... ....
    E6A0: B2 F8 7D 20 4A CC 03 8A 14 C5 88 41 9E B0 7C 3D  ..} J......A..|=
    E6B0: 89 61 E8 60 E1 C2 47 78 CA 02 2C 5E B2 30 A7 2C  .a.`..Gx..,^.0.,
    E6C0: 98 6F 03 9F B2 C0 F1 FF 3F 65 81 6B DC 4F 59 C0  .o......?e.k.OY.
    E6D0: 4C FA 73 92 9C 6A F4 04 50 F4 83 05 85 F1 29 0B  L.s..j..P.....).
    E6E0: 70 25 EF 80 00 9A B3 93 6F 0B 06 3B 66 5F 32 7C  p%......o..;f_2|
    E6F0: 4A 04 C3 21 C3 77 AA 43 79 E4 78 0A F0 11 0B EC  J..!.w.Cy.x.....
    E700: 71 8E 01 3A AE F8 88 E5 FF FF 11 0B E0 C6 01 04  q..:............
    E710: 7F EA 80 75 0F 08 EB 43 07 F0 90 FD 10 D0 19 C6  ...u...C........
    E720: 92 41 64 E3 5C 43 C7 68 F1 0B D5 4D 21 F6 C1 70  .Ad.\C.h...M!..p
    E730: D9 40 02 F5 70 2D 98 42 A2 68 34 1A 03 13 18 C1  .@..p-.B.h4.....
    E740: 19 C4 80 CE 08 A1 43 19 4E C5 79 08 F5 FF 27 18  ......C.N.y...'.
    E750: EA C6 44 67 E7 F9 F3 DB 88 4F 04 06 F6 15 E2 2D  ..Dg.....O.....-
    E760: 03 2C C3 F2 E2 9E 00 8E F1 24 13 54 73 AC 41 CD  .,.......$.Ts.A.
    E770: C1 57 81 37 32 13 F8 0A 06 B6 D3 0C 46 DF 9D 00  .W.72.......F...
    E780: 14 40 3E 0A F8 BE FC 36 C0 66 F1 CA 6C 34 9F 3F  .@>....6.f..l4.?
    E790: 11 43 47 89 19 3A 05 F1 D0 1D 74 E8 E8 E3 80 4F  .CG..:....t....O
    E7A0: 56 B8 60 87 2F 68 93 3B DA 13 F3 2C 3C 4F DC DC  V.`./h.;...,<O..
    E7B0: C1 74 44 82 31 78 CC E4 C1 2C 70 F2 A0 F8 FF 4F  .tD.1x...,p....O
    E7C0: 1E 26 3C 26 EC E1 90 1E 3A 3C 32 3E 4E 9F 7E 18  .&<&....:<2>N.~.
    E7D0: F6 E9 9C 4B D1 33 D2 1D E3 99 0B 03 EB 91 73 58  ...K.3........sX
    E7E0: A3 85 3D E0 E7 10 DF 61 7C E0 61 B0 3E BD 80 E3  ..=....a|.a.>...
    E7F0: F8 05 FF 34 00 9E 03 88 C7 F0 02 C2 8F 2F 3A FF  ...4........./:.
    E800: 52 A1 8B 93 3C 18 D4 69 0A 70 75 7A 03 CF 55 1F  R...<..i.puz..U.
    E810: 77 96 C2 FD FF CF 52 30 0E BF BE C0 FB 2E 65 84  w.....R0......e.
    E820: 03 79 96 02 7B EC 67 88 0E 01 3E 4B 01 FC 78 7D  .y..{.g...>K..x}
    E830: F8 3C 03 37 F0 E9 17 68 FD FF 4F 21 E0 3F 46 F8  .<.7...h..O!.?F.
    E840: 88 83 3B FA 02 B7 83 31 3F 63 E0 8E 63 C0 E3 E4  ..;....1?c..c...
    E850: 8C 3B 4D 78 08 7C 00 AD 4E 8F 9C 7A 4E 09 77 1C  .;Mx.|..N..zN.w.
    E860: E0 53 C2 0D 00 A3 D0 A6 4F 8D 46 AD 1A 94 A9 51  .S......O.F....Q
    E870: A6 41 AD 3E 95 1A 33 A6 03 CE AF 03 1D 0F 1C EA  .A.>..3.........
    E880: 85 20 10 4B 7A 75 08 C4 A2 3C 80 B0 B8 26 40 98  . .Kzu...<...&@.
    E890: F0 37 81 40 1C 1B 84 8A A5 97 91 F1 19 44 40 0E  .7.@.........D@.
    E8A0: E1 03 88 45 02 11 38 51 02 4A 9D 80 30 A1 AF 06  ...E..8Q.J..0...
    E8B0: 81 F8 FF 0F 10 47 16 2E 5F 53 42 5F 41 4D 57 30  .....G.._SB_AMW0
    E8C0: 08 57 4D 45 56 00 08 57 4D 42 55 11 03 0A 80 08  .WMEV..WMBU.....
    E8D0: 57 4D 5F 5F 00 14 10 53 57 45 56 01 7D 57 4D 45  WM__...SWEV.}WME
    E8E0: 56 68 57 4D 45 56 14 12 43 57 45 56 01 7B 57 4D  VhWMEV..CWEV.{WM
    E8F0: 45 56 80 68 00 57 4D 45 56 14 1C 57 56 53 50 00  EV.h.WMEV..WVSP.
    E900: 5B 23 57 4D 49 58 FF FF 70 00 57 4D 5F 5F 42 43  [#WMIX..p.WM__BC
    E910: 4C 52 57 4D 42 55 14 14 57 56 43 55 00 5B 23 57  LRWMBU..WVCU.[#W
    E920: 4D 49 58 FF FF 70 00 57 4D 5F 5F 14 34 57 56 50  MIX..p.WM__.4WVP
    E930: 54 01 70 57 4D 5F 5F 60 72 60 0A 02 60 A0 22 92  T.pWM__`r`..`.".
    E940: 94 60 87 57 4D 42 55 8B 57 4D 42 55 57 4D 5F 5F  .`.WMBU.WMBUWM__
    E950: 57 4D 57 44 70 68 57 4D 57 44 70 60 57 4D 5F 5F  WMWDphWMWDp`WM__
    E960: 14 4B 0B 5F 57 45 44 01 57 56 53 50 A0 0F 92 93  .K._WED.WVSP....
    E970: 68 0A D0 57 56 43 55 A4 57 4D 42 55 A0 10 93 45  h..WVCU.WMBU...E
    E980: 43 44 30 00 57 56 43 55 A4 57 4D 42 55 A0 23 7B  CD0.WVCU.WMBU.#{
    E990: 57 4D 45 56 0B 00 02 00 43 57 45 56 0B 00 02 57  WMEV....CWEV...W
    E9A0: 56 50 54 0A 02 57 56 50 54 00 57 56 50 54 0B 45  VPT..WVPT.WVPT.E
    E9B0: E0 A1 41 06 A0 3D 7B 57 4D 45 56 0B 00 01 00 43  ..A..={WMEV....C
    E9C0: 57 45 56 0B 00 01 A0 17 45 43 47 34 57 56 50 54  WEV.....ECG4WVPT
    E9D0: 0A 02 57 56 50 54 00 57 56 50 54 0B 43 E0 A1 13  ..WVPT.WVPT.C...
    E9E0: 57 56 50 54 0A 02 57 56 50 54 00 57 56 50 54 0B  WVPT..WVPT.WVPT.
    E9F0: 44 E0 A1 20 A0 1E 7B 57 4D 45 56 0B 00 08 00 70  D.. ..{WMEV....p
    EA00: 45 43 30 41 57 4D 42 55 57 4D 42 55 43 57 45 56  EC0AWMBUWMBUCWEV
    EA10: 0B 00 08 57 56 43 55 A4 57 4D 42 55 10 27 5C 00  ...WVCU.WMBU.'\.
    EA20: 14 23 57 4D 4E 46 02 5C 2F 03 5F 53 42 5F 41 4D  .#WMNF.\/._SB_AM
    EA30: 57 30 53 57 45 56 68 86 5C 2E 5F 53 42 5F 41 4D  W0SWEVh.\._SB_AM
    EA40: 57 30 0A D0 08 57 39 38 53 0D 4D 69 63 72 6F 73  W0...W98S.Micros
    EA50: 6F 66 74 20 57 69 6E 64 6F 77 73 00 08 4E 54 35  oft Windows..NT5
    EA60: 53 0D 4D 69 63 72 6F 73 6F 66 74 20 57 69 6E 64  S.Microsoft Wind
    EA70: 6F 77 73 20 4E 54 00 08 57 49 4E 4D 0D 4D 69 63  ows NT..WINM.Mic
    EA80: 72 6F 73 6F 66 74 20 57 69 6E 64 6F 77 73 4D 45  rosoft WindowsME
    EA90: 3A 20 4D 69 6C 6C 65 6E 6E 69 75 6D 20 45 64 69  : Millennium Edi
    EAA0: 74 69 6F 6E 00 08 57 58 50 5F 0D 57 69 6E 64 6F  tion..WXP_.Windo
    EAB0: 77 73 20 32 30 30 31 00 08 57 4C 47 5F 0D 57 69  ws 2001..WLG_.Wi
    EAC0: 6E 64 6F 77 73 20 32 30 30 36 00 08 57 49 4E 37  ndows 2006..WIN7
    EAD0: 0D 57 69 6E 64 6F 77 73 20 32 30 30 39 00 08 57  .Windows 2009..W
    EAE0: 49 4E 38 0D 57 69 6E 64 6F 77 73 20 32 30 31 32  IN8.Windows 2012
    EAF0: 00 08 4C 49 4E 58 0D 4C 69 6E 75 78 00 10 4D 13  ..LINX.Linux..M.
    EB00: 5F 53 42 5F 08 41 43 4F 53 00 08 41 43 53 45 00  _SB_.ACOS..ACSE.
    EB10: 14 49 0C 4F 53 49 44 00 A0 4C 0B 93 41 43 4F 53  .I.OSID..L..ACOS
    EB20: 00 70 01 41 43 4F 53 70 00 41 43 53 45 A0 45 06  .p.ACOSp.ACSE.E.
    EB30: 5B 12 5C 5F 4F 53 49 60 A0 10 5F 4F 53 49 57 58  [.\_OSI`.._OSIWX
    EB40: 50 5F 70 0A 10 41 43 4F 53 A0 10 5F 4F 53 49 57  P_p..ACOS.._OSIW
    EB50: 4C 47 5F 70 0A 20 41 43 4F 53 A0 10 5F 4F 53 49  LG_p. ACOS.._OSI
    EB60: 57 49 4E 37 70 0A 80 41 43 4F 53 A0 16 5F 4F 53  WIN7p..ACOS.._OS
    EB70: 49 57 49 4E 38 70 0A 80 41 43 4F 53 70 01 41 43  IWIN8p..ACOSp.AC
    EB80: 53 45 A0 10 5F 4F 53 49 4C 49 4E 58 70 0A 40 41  SE.._OSILINXp.@A
    EB90: 43 4F 53 A1 41 04 A0 14 53 54 52 45 5F 4F 53 5F  COS.A...STRE_OS_
    EBA0: 57 39 38 53 70 0A 02 41 43 4F 53 A0 14 53 54 52  W98Sp..ACOS..STR
    EBB0: 45 5F 4F 53 5F 57 49 4E 4D 70 0A 04 41 43 4F 53  E_OS_WINMp..ACOS
    EBC0: A0 14 53 54 52 45 5F 4F 53 5F 4E 54 35 53 70 0A  ..STRE_OS_NT5Sp.
    EBD0: 08 41 43 4F 53 A4 41 43 4F 53 14 12 4F 49 44 45  .ACOS.ACOS..OIDE
    EBE0: 00 4F 53 49 44 70 41 43 53 45 60 A4 60 14 20 53  .OSIDpACSE`.`. S
    EBF0: 54 4F 53 00 4F 53 49 44 47 45 4E 53 0A 06 41 43  TOS.OSIDGENS..AC
    EC00: 4F 53 00 47 45 4E 53 0A 2E 41 43 53 45 00 14 0A  OS.GENS..ACSE...
    EC10: 53 4F 53 30 02 53 54 4F 53 14 10 53 4F 53 34 02  SOS0.STOS..SOS4.
    EC20: A0 09 93 68 0A 04 53 54 4F 53 14 10 53 4F 53 33  ...h..STOS..SOS3
    EC30: 02 A0 09 93 68 0A 03 53 54 4F 53 10 49 85 2F 03  ....h..STOS.I./.
    EC40: 5F 53 42 5F 50 43 49 30 47 46 58 30 08 49 56 44  _SB_PCI0GFX0.IVD
    EC50: 35 11 03 0A 03 8C 49 56 44 35 00 49 56 44 36 8C  5.....IVD5.IVD6.
    EC60: 49 56 44 35 01 49 56 44 37 8C 49 56 44 35 0A 02  IVD5.IVD7.IVD5..
    EC70: 49 56 44 38 5B 80 50 43 53 5F 02 00 0B 00 01 5B  IVD8[.PCS_.....[
    EC80: 81 13 50 43 53 5F 40 56 56 49 44 10 00 40 04 44  ..PCS_@VVID..@.D
    EC90: 43 4C 53 10 14 36 56 49 4E 49 02 A0 2F 93 68 0A  CLS..6VINI../.h.
    ECA0: 02 70 00 49 56 44 36 70 44 43 4C 53 61 A0 1D 93  .p.IVD6pDCLSa...
    ECB0: 44 43 4C 53 0B 00 03 70 01 49 56 44 36 70 5E 5E  DCLS...p.IVD6p^^
    ECC0: 5E 2E 4C 49 44 30 5F 4C 49 44 60 08 56 44 50 37  ^.LID0_LID`.VDP7
    ECD0: 11 05 0A 02 00 00 8C 56 44 50 37 01 56 44 50 38  .......VDP7.VDP8
    ECE0: 14 12 44 49 4E 49 02 A0 0B 93 68 0A 02 70 01 56  ..DINI....h..p.V
    ECF0: 44 50 38 14 15 5F 44 4F 53 01 70 68 56 44 50 38  DP8.._DOS.phVDP8
    ED00: 56 44 50 31 01 56 44 50 38 14 49 04 5F 44 4F 44  VDP1.VDP8.I._DOD
    ED10: 00 A0 23 93 45 43 47 42 01 A4 12 1A 08 0B 00 01  ..#.ECGB........
    ED20: 0B 00 04 0B 02 03 0B 03 03 0B 00 03 0B 01 03 0B  ................
    ED30: 04 03 0B 05 03 A1 1D A4 12 1A 08 0B 00 01 0B 00  ................
    ED40: 04 0B 02 03 0B 03 03 0B 00 03 0B 01 03 0B 04 03  ................
    ED50: 0B 05 03 5B 82 45 04 43 52 54 5F 14 0A 5F 41 44  ...[.E.CRT_.._AD
    ED60: 52 00 A4 0B 00 01 14 12 5F 44 43 53 00 70 56 44  R......._DCS.pVD
    ED70: 50 31 0A 02 0A 02 60 A4 60 14 12 5F 44 47 53 00  P1....`.`.._DGS.
    ED80: 70 56 44 50 31 0A 03 0A 02 60 A4 60 14 0D 5F 44  pVDP1....`.`.._D
    ED90: 53 53 01 56 44 50 32 0A 02 68 5B 82 45 40 4C 43  SS.VDP2..h[.E@LC
    EDA0: 44 5F 14 18 5F 41 44 52 00 A0 0B 93 45 43 47 42  D_.._ADR....ECGB
    EDB0: 01 A4 0B 00 04 A1 05 A4 0B 00 04 14 11 5F 44 43  ............._DC
    EDC0: 53 00 70 56 44 50 31 0A 02 01 60 A4 60 14 11 5F  S.pVDP1...`.`.._
    EDD0: 44 47 53 00 70 56 44 50 31 0A 03 01 60 A4 60 14  DGS.pVDP1...`.`.
    EDE0: 0C 5F 44 53 53 01 56 44 50 32 01 68 08 42 52 54  ._DSS.VDP2.h.BRT
    EDF0: 30 0A 64 08 44 42 43 4C 12 02 12 14 4B 30 5F 42  0.d.DBCL....K0_B
    EE00: 43 4C 08 A0 45 1D 93 4F 49 44 45 01 5B 80 4E 56  CL..E..OIDE.[.NV
    EE10: 49 44 00 0C 00 00 10 F8 0A 02 5B 81 0B 4E 56 49  ID........[..NVI
    EE20: 44 01 56 56 49 44 10 A0 4B 0D 93 56 56 49 44 0B  D.VVID..K..VVID.
    EE30: DE 10 A4 12 4F 0C 67 0A 50 0A 32 00 01 0A 02 0A  ....O.g.P.2.....
    EE40: 03 0A 04 0A 05 0A 06 0A 07 0A 08 0A 09 0A 0A 0A  ................
    EE50: 0B 0A 0C 0A 0D 0A 0E 0A 0F 0A 10 0A 11 0A 12 0A  ................
    EE60: 13 0A 14 0A 15 0A 16 0A 17 0A 18 0A 19 0A 1A 0A  ................
    EE70: 1B 0A 1C 0A 1D 0A 1E 0A 1F 0A 20 0A 21 0A 22 0A  .......... .!.".
    EE80: 23 0A 24 0A 25 0A 26 0A 27 0A 28 0A 29 0A 2A 0A  #.$.%.&.'.(.).*.
    EE90: 2B 0A 2C 0A 2D 0A 2E 0A 2F 0A 30 0A 31 0A 32 0A  +.,.-.../.0.1.2.
    EEA0: 33 0A 34 0A 35 0A 36 0A 37 0A 38 0A 39 0A 3A 0A  3.4.5.6.7.8.9.:.
    EEB0: 3B 0A 3C 0A 3D 0A 3E 0A 3F 0A 40 0A 41 0A 42 0A  ;.<.=.>.?.@.A.B.
    EEC0: 43 0A 44 0A 45 0A 46 0A 47 0A 48 0A 49 0A 4A 0A  C.D.E.F.G.H.I.J.
    EED0: 4B 0A 4C 0A 4D 0A 4E 0A 4F 0A 50 0A 51 0A 52 0A  K.L.M.N.O.P.Q.R.
    EEE0: 53 0A 54 0A 55 0A 56 0A 57 0A 58 0A 59 0A 5A 0A  S.T.U.V.W.X.Y.Z.
    EEF0: 5B 0A 5C 0A 5D 0A 5E 0A 5F 0A 60 0A 61 0A 62 0A  [.\.].^._.`.a.b.
    EF00: 63 0A 64 A1 45 0D A4 12 41 0D 67 0A 50 0A 32 0A  c.d.E...A.g.P.2.
    EF10: 05 0A 05 0A 05 0A 05 0A 05 0A 05 0A 06 0A 07 0A  ................
    EF20: 08 0A 09 0A 0A 0A 0B 0A 0C 0A 0D 0A 0E 0A 0F 0A  ................
    EF30: 10 0A 11 0A 12 0A 13 0A 14 0A 15 0A 16 0A 17 0A  ................
    EF40: 18 0A 19 0A 1A 0A 1B 0A 1C 0A 1D 0A 1E 0A 1F 0A  ................
    EF50: 20 0A 21 0A 22 0A 23 0A 24 0A 25 0A 26 0A 27 0A   .!.".#.$.%.&.'.
    EF60: 28 0A 29 0A 2A 0A 2B 0A 2C 0A 2D 0A 2E 0A 2F 0A  (.).*.+.,.-.../.
    EF70: 30 0A 31 0A 32 0A 33 0A 34 0A 35 0A 36 0A 37 0A  0.1.2.3.4.5.6.7.
    EF80: 38 0A 39 0A 3A 0A 3B 0A 3C 0A 3D 0A 3E 0A 3F 0A  8.9.:.;.<.=.>.?.
    EF90: 40 0A 41 0A 42 0A 43 0A 44 0A 45 0A 46 0A 47 0A  @.A.B.C.D.E.F.G.
    EFA0: 48 0A 49 0A 4A 0A 4B 0A 4C 0A 4D 0A 4E 0A 4F 0A  H.I.J.K.L.M.N.O.
    EFB0: 50 0A 51 0A 52 0A 53 0A 54 0A 55 0A 56 0A 57 0A  P.Q.R.S.T.U.V.W.
    EFC0: 58 0A 59 0A 5A 0A 5B 0A 5C 0A 5D 0A 5E 0A 5F 0A  X.Y.Z.[.\.].^._.
    EFD0: 60 0A 61 0A 62 0A 63 0A 64 A1 4D 12 A0 4C 0D 93  `.a.b.c.d.M..L..
    EFE0: 4F 53 49 44 0A 40 A4 12 41 0D 67 0A 50 0A 32 0A  OSID.@..A.g.P.2.
    EFF0: 05 0A 05 0A 05 0A 05 0A 05 0A 05 0A 06 0A 07 0A  ................
    F000: 08 0A 09 0A 0A 0A 0B 0A 0C 0A 0D 0A 0E 0A 0F 0A  ................
    F010: 10 0A 11 0A 12 0A 13 0A 14 0A 15 0A 16 0A 17 0A  ................
    F020: 18 0A 19 0A 1A 0A 1B 0A 1C 0A 1D 0A 1E 0A 1F 0A  ................
    F030: 20 0A 21 0A 22 0A 23 0A 24 0A 25 0A 26 0A 27 0A   .!.".#.$.%.&.'.
    F040: 28 0A 29 0A 2A 0A 2B 0A 2C 0A 2D 0A 2E 0A 2F 0A  (.).*.+.,.-.../.
    F050: 30 0A 31 0A 32 0A 33 0A 34 0A 35 0A 36 0A 37 0A  0.1.2.3.4.5.6.7.
    F060: 38 0A 39 0A 3A 0A 3B 0A 3C 0A 3D 0A 3E 0A 3F 0A  8.9.:.;.<.=.>.?.
    F070: 40 0A 41 0A 42 0A 43 0A 44 0A 45 0A 46 0A 47 0A  @.A.B.C.D.E.F.G.
    F080: 48 0A 49 0A 4A 0A 4B 0A 4C 0A 4D 0A 4E 0A 4F 0A  H.I.J.K.L.M.N.O.
    F090: 50 0A 51 0A 52 0A 53 0A 54 0A 55 0A 56 0A 57 0A  P.Q.R.S.T.U.V.W.
    F0A0: 58 0A 59 0A 5A 0A 5B 0A 5C 0A 5D 0A 5E 0A 5F 0A  X.Y.Z.[.\.].^._.
    F0B0: 60 0A 61 0A 62 0A 63 0A 64 08 42 52 54 31 11 03  `.a.b.c.d.BRT1..
    F0C0: 0A 12 8C 42 52 54 31 00 42 52 54 32 70 01 42 52  ...BRT1.BRT2p.BR
    F0D0: 54 32 70 47 45 4E 53 0A 09 42 52 54 31 87 42 52  T2pGENS..BRT1.BR
    F0E0: 54 31 62 70 00 60 70 0A 12 61 A2 17 95 60 61 70  T1bp.`p..a...`ap
    F0F0: 42 42 52 44 62 60 63 70 63 88 44 42 43 4C 60 00  BBRDb`cpc.DBCL`.
    F100: 75 60 A4 44 42 43 4C 14 4F 07 5F 42 43 4D 09 A0  u`.DBCL.O._BCM..
    F110: 38 94 4F 53 49 44 0A 10 5B 80 41 54 49 44 00 0C  8.OSID..[.ATID..
    F120: 00 00 10 F8 0A 02 5B 81 0B 41 54 49 44 01 56 56  ......[..ATID.VV
    F130: 49 44 10 A0 14 93 56 56 49 44 0B 02 10 70 68 42  ID....VVID...phB
    F140: 52 54 4C 41 46 4E 37 68 08 42 52 54 33 11 03 0A  RTLAFN7h.BRT3...
    F150: 02 8C 42 52 54 33 00 42 52 54 34 8C 42 52 54 33  ..BRT3.BRT4.BRT3
    F160: 01 42 52 54 35 70 0A 02 42 52 54 34 70 68 42 52  .BRT5p..BRT4phBR
    F170: 54 35 70 68 42 52 54 30 47 45 4E 53 0A 09 42 52  T5phBRT0GENS..BR
    F180: 54 33 87 42 52 54 33 14 19 5F 42 51 43 08 70 47  T3.BRT3.._BQC.pG
    F190: 45 4E 53 0A 09 0A 03 00 60 70 60 42 52 54 30 A4  ENS.....`p`BRT0.
    F1A0: 60 5B 82 45 04 44 56 49 5F 14 0A 5F 41 44 52 00  `[.E.DVI_.._ADR.
    F1B0: A4 0B 02 03 14 12 5F 44 43 53 00 70 56 44 50 31  ......_DCS.pVDP1
    F1C0: 0A 02 0A 08 60 A4 60 14 12 5F 44 47 53 00 70 56  ....`.`.._DGS.pV
    F1D0: 44 50 31 0A 03 0A 08 60 A4 60 14 0D 5F 44 53 53  DP1....`.`.._DSS
    F1E0: 01 56 44 50 32 0A 08 68 5B 82 45 04 44 56 49 32  .VDP2..h[.E.DVI2
    F1F0: 14 0A 5F 41 44 52 00 A4 0B 03 03 14 12 5F 44 43  .._ADR......._DC
    F200: 53 00 70 56 44 50 31 0A 02 0A 10 60 A4 60 14 12  S.pVDP1....`.`..
    F210: 5F 44 47 53 00 70 56 44 50 31 0A 03 0A 10 60 A4  _DGS.pVDP1....`.
    F220: 60 14 0D 5F 44 53 53 01 56 44 50 32 0A 10 68 5B  `.._DSS.VDP2..h[
    F230: 82 45 04 44 56 49 33 14 0A 5F 41 44 52 00 A4 0B  .E.DVI3.._ADR...
    F240: 04 03 14 12 5F 44 43 53 00 70 56 44 50 31 0A 02  ...._DCS.pVDP1..
    F250: 0A 80 60 A4 60 14 12 5F 44 47 53 00 70 56 44 50  ..`.`.._DGS.pVDP
    F260: 31 0A 03 0A 80 60 A4 60 14 0D 5F 44 53 53 01 56  1....`.`.._DSS.V
    F270: 44 50 32 0A 80 68 5B 82 45 04 44 50 5F 5F 14 0A  DP2..h[.E.DP__..
    F280: 5F 41 44 52 00 A4 0B 00 03 14 12 5F 44 43 53 00  _ADR......._DCS.
    F290: 70 56 44 50 31 0A 02 0A 20 60 A4 60 14 12 5F 44  pVDP1... `.`.._D
    F2A0: 47 53 00 70 56 44 50 31 0A 03 0A 20 60 A4 60 14  GS.pVDP1... `.`.
    F2B0: 0D 5F 44 53 53 01 56 44 50 32 0A 20 68 5B 82 45  ._DSS.VDP2. h[.E
    F2C0: 04 44 50 32 5F 14 0A 5F 41 44 52 00 A4 0B 01 03  .DP2_.._ADR.....
    F2D0: 14 12 5F 44 43 53 00 70 56 44 50 31 0A 02 0A 40  .._DCS.pVDP1...@
    F2E0: 60 A4 60 14 12 5F 44 47 53 00 70 56 44 50 31 0A  `.`.._DGS.pVDP1.
    F2F0: 03 0A 40 60 A4 60 14 0D 5F 44 53 53 01 56 44 50  ..@`.`.._DSS.VDP
    F300: 32 0A 40 68 5B 82 44 05 44 50 33 5F 14 0A 5F 41  2.@h[.D.DP3_.._A
    F310: 44 52 00 A4 0B 05 03 14 19 5F 44 43 53 00 70 56  DR......._DCS.pV
    F320: 44 50 31 0A 02 0B 00 01 60 7B 60 0B FF FF 60 A4  DP1.....`{`...`.
    F330: 60 14 19 5F 44 47 53 00 70 56 44 50 31 0A 03 0B  `.._DGS.pVDP1...
    F340: 00 01 60 7B 60 0B FF FF 60 A4 60 14 0E 5F 44 53  ..`{`...`.`.._DS
    F350: 53 01 56 44 50 32 0B 00 01 68 14 20 42 52 54 36  S.VDP2...h. BRT6
    F360: 02 A0 0B 93 68 01 86 4C 43 44 5F 0A 86 A0 0D 7B  ....h..LCD_....{
    F370: 68 0A 02 00 86 4C 43 44 5F 0A 87 14 3D 49 4C 49  h....LCD_...=ILI
    F380: 44 00 A0 2F 93 49 56 44 36 01 70 5E 5E 5E 2E 4C  D../.IVD6.p^^^.L
    F390: 49 44 30 5F 4C 49 44 60 47 4C 49 44 60 86 4C 49  ID0_LID`GLID`.LI
    F3A0: 44 30 0A 80 70 00 49 56 44 38 5B 22 0B F4 01 70  D0..p.IVD8["...p
    F3B0: 01 60 A1 04 70 00 60 A4 60 14 10 49 4C 44 45 02  .`..p.`.`..ILDE.
    F3C0: A0 09 93 68 0A 03 49 4C 49 44 14 0E 49 56 44 31  ...h..ILID..IVD1
    F3D0: 02 A0 07 93 49 56 44 36 01 14 45 05 49 56 44 32  ....IVD6..E.IVD2
    F3E0: 02 A0 4D 04 93 49 56 44 36 01 47 44 43 4B 43 44  ..M..IVD6.GDCKCD
    F3F0: 43 4B A0 3C 93 43 44 43 4B 01 A0 34 93 43 4C 49  CK.<.CDCK..4.CLI
    F400: 44 00 5B 22 0B D0 07 70 01 49 56 44 38 47 4C 49  D.["...p.IVD8GLI
    F410: 44 01 86 4C 49 44 30 0A 80 5B 22 0B EE 02 47 4C  D..LID0..["...GL
    F420: 49 44 00 86 4C 49 44 30 0A 80 5B 22 0B D0 07 14  ID..LID0..["....
    F430: 17 49 56 44 34 02 70 5E 5E 5E 2E 4C 49 44 30 5F  .IVD4.p^^^.LID0_
    F440: 4C 49 44 49 56 44 37 14 4D 04 49 56 44 33 02 A0  LIDIVD7.M.IVD3..
    F450: 45 04 93 49 56 44 36 01 70 5E 5E 5E 2E 4C 49 44  E..IVD6.p^^^.LID
    F460: 30 5F 4C 49 44 60 70 60 43 4C 49 44 A0 28 93 68  0_LID`p`CLID.(.h
    F470: 0A 03 A0 22 7D 92 93 49 56 44 37 60 93 60 00 00  ..."}..IVD7`.`..
    F480: A0 0E 92 95 4F 53 49 44 0A 20 47 4C 49 44 60 A1  ....OSID. GLID`.
    F490: 05 49 4C 49 44 10 45 07 5C 00 14 41 05 56 44 50  .ILID.E.\..A.VDP
    F4A0: 32 02 08 56 44 50 33 11 03 0A 10 8C 56 44 50 33  2..VDP3.....VDP3
    F4B0: 00 56 44 50 34 8B 56 44 50 33 01 56 44 50 35 8A  .VDP4.VDP3.VDP5.
    F4C0: 56 44 50 33 0A 03 56 44 50 36 70 0A 04 56 44 50  VDP3..VDP6p..VDP
    F4D0: 34 70 68 56 44 50 35 70 69 56 44 50 36 47 45 4E  4phVDP5piVDP6GEN
    F4E0: 53 0A 05 56 44 50 33 87 56 44 50 33 14 1E 56 44  S..VDP3.VDP3..VD
    F4F0: 50 31 02 70 69 60 79 60 0A 08 60 7D 60 68 60 70  P1.pi`y`..`}`h`p
    F500: 47 45 4E 53 0A 05 60 00 60 A4 60 10 36 2F 03 5F  GENS..`.`.`.6/._
    F510: 53 42 5F 50 43 49 30 47 46 58 30 14 26 49 42 4C  SB_PCI0GFX0.&IBL
    F520: 31 02 A0 1F 93 49 56 44 36 01 A0 17 90 92 95 68  1....IVD6......h
    F530: 00 92 94 68 0A FF 41 49 4E 54 01 68 70 68 42 52  ...h..AINT.hphBR
    F540: 54 4C 10 4A 20 2F 04 5F 53 42 5F 50 43 49 30 50  TL.J /._SB_PCI0P
    F550: 45 47 30 50 45 47 50 08 45 56 44 34 11 02 01 8C  EG0PEGP.EVD4....
    F560: 45 56 44 34 00 45 56 44 35 08 53 53 42 55 11 03  EVD4.EVD5.SSBU..
    F570: 0A 04 8A 53 53 42 55 00 53 53 44 53 08 4E 4F 50  ...SSBU.SSDS.NOP
    F580: 45 00 08 48 50 45 56 00 5B 80 50 43 53 5F 02 00  E..HPEV.[.PCS_..
    F590: 0A 40 5B 81 17 50 43 53 5F 40 56 56 49 44 10 56  .@[..PCS_@VVID.V
    F5A0: 44 49 44 10 00 30 44 43 4C 53 10 5B 80 50 43 53  DID..0DCLS.[.PCS
    F5B0: 32 02 0A 40 0A 40 5B 81 0B 50 43 53 32 00 53 53  2..@.@[..PCS2.SS
    F5C0: 49 44 20 14 41 06 56 49 4E 49 02 A0 49 05 93 68  ID .A.VINI..I..h
    F5D0: 0A 02 70 00 45 56 44 35 70 44 43 4C 53 61 A0 46  ..p.EVD5pDCLSa.F
    F5E0: 04 93 44 43 4C 53 0B 00 03 70 56 56 49 44 61 70  ..DCLS...pVVIDap
    F5F0: 01 45 56 44 35 A0 2F 93 56 56 49 44 0B DE 10 A0  .EVD5./.VVID....
    F600: 10 92 93 4F 53 49 44 0A 80 56 44 50 31 0A 07 00  ...OSID..VDP1...
    F610: 70 56 44 50 31 0A 08 00 4E 4F 50 45 70 53 53 49  pVDP1...NOPEpSSI
    F620: 44 53 53 44 53 08 56 44 50 37 11 05 0A 02 00 00  DSSDS.VDP7......
    F630: 8C 56 44 50 37 01 56 44 50 38 14 12 44 49 4E 49  .VDP7.VDP8..DINI
    F640: 02 A0 0B 93 68 0A 02 70 01 56 44 50 38 14 2D 45  ....h..p.VDP8.-E
    F650: 56 44 31 02 A0 26 93 45 56 44 35 01 A0 10 93 56  VD1..&.EVD5....V
    F660: 56 49 44 0B DE 10 86 50 45 47 50 0A 80 A0 0D 93  VID....PEGP.....
    F670: 56 56 49 44 0B 02 10 41 46 4E 30 14 3C 45 56 44  VVID...AFN0.<EVD
    F680: 32 02 A0 35 93 45 56 44 35 01 A0 1E 93 56 56 49  2..5.EVD5....VVI
    F690: 44 0B DE 10 A0 0B 93 69 00 86 50 45 47 50 0A D1  D......i..PEGP..
    F6A0: A1 08 86 50 45 47 50 0A D2 A0 0E 93 56 56 49 44  ...PEGP.....VVID
    F6B0: 0B 02 10 41 46 4E 31 69 14 35 45 56 44 36 02 70  ...AFN1i.5EVD6.p
    F6C0: 01 48 50 45 56 A0 19 91 93 56 56 49 44 0B 02 10  .HPEV....VVID...
    F6D0: 93 56 56 49 44 0B FF FF 86 47 46 58 30 0A D9 A0  .VVID....GFX0...
    F6E0: 0E 93 4E 4F 50 45 01 86 50 45 47 50 0A 81 14 35  ..NOPE..PEGP...5
    F6F0: 45 56 44 33 02 A0 2E 93 68 0A 03 A0 28 93 45 56  EVD3....h...(.EV
    F700: 44 35 01 A0 19 93 56 56 49 44 0B DE 10 A0 0F 95  D5....VVID......
    F710: 4F 53 49 44 0A 20 56 44 50 31 0A 05 69 86 4C 49  OSID. VDP1..i.LI
    F720: 44 30 0A 80 14 28 42 52 54 36 02 A0 21 93 45 56  D0...(BRT6..!.EV
    F730: 44 35 01 A0 0B 93 68 01 86 4C 43 44 5F 0A 86 A0  D5....h..LCD_...
    F740: 0D 7B 68 0A 02 00 86 4C 43 44 5F 0A 87 10 44 5A  .{h....LCD_...DZ
    F750: 5F 47 50 45 14 0A 4E 57 41 4B 02 5F 4C 30 31 14  _GPE..NWAK._L01.
    F760: 45 38 5F 4C 30 31 00 A0 30 90 93 52 50 31 44 00  E8_L01..0..RP1D.
    F770: 5C 2F 04 5F 53 42 5F 50 43 49 30 52 50 30 31 48  \/._SB_PCI0RP01H
    F780: 50 53 58 70 01 5C 2F 04 5F 53 42 5F 50 43 49 30  PSXp.\/._SB_PCI0
    F790: 52 50 30 31 48 50 53 58 A0 30 90 93 52 50 31 44  RP01HPSX.0..RP1D
    F7A0: 00 5C 2F 04 5F 53 42 5F 50 43 49 30 52 50 30 31  .\/._SB_PCI0RP01
    F7B0: 50 44 43 58 70 01 5C 2F 04 5F 53 42 5F 50 43 49  PDCXp.\/._SB_PCI
    F7C0: 30 52 50 30 31 50 44 43 58 A0 30 90 93 52 50 32  0RP01PDCX.0..RP2
    F7D0: 44 00 5C 2F 04 5F 53 42 5F 50 43 49 30 52 50 30  D.\/._SB_PCI0RP0
    F7E0: 32 48 50 53 58 70 01 5C 2F 04 5F 53 42 5F 50 43  2HPSXp.\/._SB_PC
    F7F0: 49 30 52 50 30 32 48 50 53 58 A0 30 90 93 52 50  I0RP02HPSX.0..RP
    F800: 32 44 00 5C 2F 04 5F 53 42 5F 50 43 49 30 52 50  2D.\/._SB_PCI0RP
    F810: 30 32 50 44 43 58 70 01 5C 2F 04 5F 53 42 5F 50  02PDCXp.\/._SB_P
    F820: 43 49 30 52 50 30 32 50 44 43 58 A0 30 90 93 52  CI0RP02PDCX.0..R
    F830: 50 33 44 00 5C 2F 04 5F 53 42 5F 50 43 49 30 52  P3D.\/._SB_PCI0R
    F840: 50 30 33 48 50 53 58 70 01 5C 2F 04 5F 53 42 5F  P03HPSXp.\/._SB_
    F850: 50 43 49 30 52 50 30 33 48 50 53 58 A0 30 90 93  PCI0RP03HPSX.0..
    F860: 52 50 33 44 00 5C 2F 04 5F 53 42 5F 50 43 49 30  RP3D.\/._SB_PCI0
    F870: 52 50 30 33 50 44 43 58 70 01 5C 2F 04 5F 53 42  RP03PDCXp.\/._SB
    F880: 5F 50 43 49 30 52 50 30 33 50 44 43 58 A0 30 90  _PCI0RP03PDCX.0.
    F890: 93 52 50 34 44 00 5C 2F 04 5F 53 42 5F 50 43 49  .RP4D.\/._SB_PCI
    F8A0: 30 52 50 30 34 48 50 53 58 70 01 5C 2F 04 5F 53  0RP04HPSXp.\/._S
    F8B0: 42 5F 50 43 49 30 52 50 30 34 48 50 53 58 A0 30  B_PCI0RP04HPSX.0
    F8C0: 90 93 52 50 34 44 00 5C 2F 04 5F 53 42 5F 50 43  ..RP4D.\/._SB_PC
    F8D0: 49 30 52 50 30 34 50 44 43 58 70 01 5C 2F 04 5F  I0RP04PDCXp.\/._
    F8E0: 53 42 5F 50 43 49 30 52 50 30 34 50 44 43 58 A0  SB_PCI0RP04PDCX.
    F8F0: 30 90 93 52 50 35 44 00 5C 2F 04 5F 53 42 5F 50  0..RP5D.\/._SB_P
    F900: 43 49 30 52 50 30 35 48 50 53 58 70 01 5C 2F 04  CI0RP05HPSXp.\/.
    F910: 5F 53 42 5F 50 43 49 30 52 50 30 35 48 50 53 58  _SB_PCI0RP05HPSX
    F920: A0 30 90 93 52 50 35 44 00 5C 2F 04 5F 53 42 5F  .0..RP5D.\/._SB_
    F930: 50 43 49 30 52 50 30 35 50 44 43 58 70 01 5C 2F  PCI0RP05PDCXp.\/
    F940: 04 5F 53 42 5F 50 43 49 30 52 50 30 35 50 44 43  ._SB_PCI0RP05PDC
    F950: 58 A0 30 90 93 52 50 36 44 00 5C 2F 04 5F 53 42  X.0..RP6D.\/._SB
    F960: 5F 50 43 49 30 52 50 30 36 48 50 53 58 70 01 5C  _PCI0RP06HPSXp.\
    F970: 2F 04 5F 53 42 5F 50 43 49 30 52 50 30 36 48 50  /._SB_PCI0RP06HP
    F980: 53 58 A0 30 90 93 52 50 36 44 00 5C 2F 04 5F 53  SX.0..RP6D.\/._S
    F990: 42 5F 50 43 49 30 52 50 30 36 50 44 43 58 70 01  B_PCI0RP06PDCXp.
    F9A0: 5C 2F 04 5F 53 42 5F 50 43 49 30 52 50 30 36 50  \/._SB_PCI0RP06P
    F9B0: 44 43 58 A0 30 90 93 52 50 36 44 00 5C 2F 04 5F  DCX.0..RP6D.\/._
    F9C0: 53 42 5F 50 43 49 30 52 50 30 36 48 50 53 58 70  SB_PCI0RP06HPSXp
    F9D0: 01 5C 2F 04 5F 53 42 5F 50 43 49 30 52 50 30 36  .\/._SB_PCI0RP06
    F9E0: 48 50 53 58 A0 30 90 93 52 50 36 44 00 5C 2F 04  HPSX.0..RP6D.\/.
    F9F0: 5F 53 42 5F 50 43 49 30 52 50 30 36 50 44 43 58  _SB_PCI0RP06PDCX
    FA00: 70 01 5C 2F 04 5F 53 42 5F 50 43 49 30 52 50 30  p.\/._SB_PCI0RP0
    FA10: 36 50 44 43 58 A0 30 90 93 52 50 37 44 00 5C 2F  6PDCX.0..RP7D.\/
    FA20: 04 5F 53 42 5F 50 43 49 30 52 50 30 37 48 50 53  ._SB_PCI0RP07HPS
    FA30: 58 70 01 5C 2F 04 5F 53 42 5F 50 43 49 30 52 50  Xp.\/._SB_PCI0RP
    FA40: 30 37 48 50 53 58 A0 30 90 93 52 50 37 44 00 5C  07HPSX.0..RP7D.\
    FA50: 2F 04 5F 53 42 5F 50 43 49 30 52 50 30 37 50 44  /._SB_PCI0RP07PD
    FA60: 43 58 70 01 5C 2F 04 5F 53 42 5F 50 43 49 30 52  CXp.\/._SB_PCI0R
    FA70: 50 30 37 50 44 43 58 A0 30 90 93 52 50 38 44 00  P07PDCX.0..RP8D.
    FA80: 5C 2F 04 5F 53 42 5F 50 43 49 30 52 50 30 38 48  \/._SB_PCI0RP08H
    FA90: 50 53 58 70 01 5C 2F 04 5F 53 42 5F 50 43 49 30  PSXp.\/._SB_PCI0
    FAA0: 52 50 30 38 48 50 53 58 A0 30 90 93 52 50 38 44  RP08HPSX.0..RP8D
    FAB0: 00 5C 2F 04 5F 53 42 5F 50 43 49 30 52 50 30 38  .\/._SB_PCI0RP08
    FAC0: 50 44 43 58 70 01 5C 2F 04 5F 53 42 5F 50 43 49  PDCXp.\/._SB_PCI
    FAD0: 30 52 50 30 38 50 44 43 58 86 5C 2E 5F 53 42 5F  0RP08PDCX.\._SB_
    FAE0: 50 43 49 30 00 14 40 05 5F 4C 30 36 00 A0 48 04  PCI0..@._L06..H.
    FAF0: 92 93 5C 2F 04 5F 53 42 5F 50 43 49 30 47 46 58  ..\/._SB_PCI0GFX
    FB00: 30 53 43 49 50 00 A0 27 5C 2F 04 5F 53 42 5F 50  0SCIP..'\/._SB_P
    FB10: 43 49 30 47 46 58 30 47 53 53 45 5C 2F 04 5F 53  CI0GFX0GSSE\/._S
    FB20: 42 5F 50 43 49 30 47 46 58 30 47 53 43 49 A1 07  B_PCI0GFX0GSCI..
    FB30: 70 01 53 43 49 53 14 4B 1B 5F 4C 30 39 00 A0 2C  p.SCIS.K._L09..,
    FB40: 93 52 50 31 44 00 5C 2F 04 5F 53 42 5F 50 43 49  .RP1D.\/._SB_PCI
    FB50: 30 52 50 30 31 48 50 4D 45 86 5C 2F 03 5F 53 42  0RP01HPME.\/._SB
    FB60: 5F 50 43 49 30 52 50 30 31 0A 02 A0 2C 93 52 50  _PCI0RP01...,.RP
    FB70: 32 44 00 5C 2F 04 5F 53 42 5F 50 43 49 30 52 50  2D.\/._SB_PCI0RP
    FB80: 30 32 48 50 4D 45 86 5C 2F 03 5F 53 42 5F 50 43  02HPME.\/._SB_PC
    FB90: 49 30 52 50 30 32 0A 02 A0 2C 93 52 50 33 44 00  I0RP02...,.RP3D.
    FBA0: 5C 2F 04 5F 53 42 5F 50 43 49 30 52 50 30 33 48  \/._SB_PCI0RP03H
    FBB0: 50 4D 45 86 5C 2F 03 5F 53 42 5F 50 43 49 30 52  PME.\/._SB_PCI0R
    FBC0: 50 30 33 0A 02 A0 2C 93 52 50 34 44 00 5C 2F 04  P03...,.RP4D.\/.
    FBD0: 5F 53 42 5F 50 43 49 30 52 50 30 34 48 50 4D 45  _SB_PCI0RP04HPME
    FBE0: 86 5C 2F 03 5F 53 42 5F 50 43 49 30 52 50 30 34  .\/._SB_PCI0RP04
    FBF0: 0A 02 A0 2C 93 52 50 35 44 00 5C 2F 04 5F 53 42  ...,.RP5D.\/._SB
    FC00: 5F 50 43 49 30 52 50 30 35 48 50 4D 45 86 5C 2F  _PCI0RP05HPME.\/
    FC10: 03 5F 53 42 5F 50 43 49 30 52 50 30 35 0A 02 A0  ._SB_PCI0RP05...
    FC20: 2C 93 52 50 36 44 00 5C 2F 04 5F 53 42 5F 50 43  ,.RP6D.\/._SB_PC
    FC30: 49 30 52 50 30 36 48 50 4D 45 86 5C 2F 03 5F 53  I0RP06HPME.\/._S
    FC40: 42 5F 50 43 49 30 52 50 30 36 0A 02 A0 2C 93 52  B_PCI0RP06...,.R
    FC50: 50 37 44 00 5C 2F 04 5F 53 42 5F 50 43 49 30 52  P7D.\/._SB_PCI0R
    FC60: 50 30 37 48 50 4D 45 86 5C 2F 03 5F 53 42 5F 50  P07HPME.\/._SB_P
    FC70: 43 49 30 52 50 30 37 0A 02 A0 2C 93 52 50 38 44  CI0RP07...,.RP8D
    FC80: 00 5C 2F 04 5F 53 42 5F 50 43 49 30 52 50 30 38  .\/._SB_PCI0RP08
    FC90: 48 50 4D 45 86 5C 2F 03 5F 53 42 5F 50 43 49 30  HPME.\/._SB_PCI0
    FCA0: 52 50 30 38 0A 02 86 5C 2F 03 5F 53 42 5F 50 43  RP08...\/._SB_PC
    FCB0: 49 30 50 45 47 30 0A 02 86 5C 2F 04 5F 53 42 5F  I0PEG0...\/._SB_
    FCC0: 50 43 49 30 50 45 47 30 50 45 47 50 0A 02 86 5C  PCI0PEG0PEGP...\
    FCD0: 2F 03 5F 53 42 5F 50 43 49 30 50 45 47 31 0A 02  /._SB_PCI0PEG1..
    FCE0: 86 5C 2F 03 5F 53 42 5F 50 43 49 30 50 45 47 32  .\/._SB_PCI0PEG2
    FCF0: 0A 02 10 4C 09 5F 50 52 5F 14 45 09 50 50 43 45  ...L._PR_.E.PPCE
    FD00: 02 70 47 45 4E 53 0A 15 00 00 60 70 60 5E 2E 43  .pGENS....`p`^.C
    FD10: 50 55 30 5F 50 50 43 86 43 50 55 30 0A 80 5B 22  PU0_PPC.CPU0..["
    FD20: 0A 64 A0 4C 06 92 95 54 43 4E 54 0A 02 86 43 50  .d.L...TCNT...CP
    FD30: 55 31 0A 80 5B 22 0A 64 A0 46 05 92 95 54 43 4E  U1..[".d.F...TCN
    FD40: 54 0A 04 86 43 50 55 32 0A 80 5B 22 0A 64 86 43  T...CPU2..[".d.C
    FD50: 50 55 33 0A 80 5B 22 0A 64 A0 35 92 95 54 43 4E  PU3..[".d.5..TCN
    FD60: 54 0A 08 86 43 50 55 34 0A 80 5B 22 0A 64 86 43  T...CPU4..[".d.C
    FD70: 50 55 35 0A 80 5B 22 0A 64 86 43 50 55 36 0A 80  PU5..[".d.CPU6..
    FD80: 5B 22 0A 64 86 43 50 55 37 0A 80 5B 22 0A 64 08  [".d.CPU7..[".d.
    FD90: 41 50 52 45 00 10 49 5C 2F 03 5F 53 42 5F 50 43  APRE..I\/._SB_PC
    FDA0: 49 30 4C 50 43 42 5B 82 47 5B 45 43 44 56 08 5F  I0LPCB[.G[ECDV._
    FDB0: 48 49 44 0C 41 D0 0C 09 08 5F 55 49 44 00 08 45  HID.A...._UID..E
    FDC0: 43 52 53 11 15 0A 12 47 01 00 00 00 00 00 01 47  CRS....G.......G
    FDD0: 01 00 00 00 00 00 01 79 00 14 09 5F 53 54 41 08  .......y..._STA.
    FDE0: A4 0A 0F 14 4E 05 5F 43 52 53 00 8B 45 43 52 53  ....N._CRS..ECRS
    FDF0: 0A 02 44 4D 49 4E 8B 45 43 52 53 0A 04 44 4D 41  ..DMIN.ECRS..DMA
    FE00: 58 8B 45 43 52 53 0A 0A 43 4D 49 4E 8B 45 43 52  X.ECRS..CMIN.ECR
    FE10: 53 0A 0C 43 4D 41 58 72 0B 00 09 0A 30 60 70 60  S..CMAXr....0`p`
    FE20: 44 4D 49 4E 70 60 44 4D 41 58 72 0B 00 09 0A 34  DMINp`DMAXr....4
    FE30: 60 70 60 43 4D 49 4E 70 60 43 4D 41 58 A4 45 43  `p`CMINp`CMAX.EC
    FE40: 52 53 08 5F 47 50 45 0A 10 08 45 43 49 42 11 03  RS._GPE...ECIB..
    FE50: 0A FF 5B 80 45 43 4F 52 03 00 0A FF 5B 81 41 10  ..[.ECOR....[.A.
    FE60: 45 43 4F 52 11 45 43 30 30 08 45 43 30 31 08 45  ECOR.EC00.EC01.E
    FE70: 43 30 32 08 45 43 30 33 08 45 43 30 34 08 45 43  C02.EC03.EC04.EC
    FE80: 30 35 08 45 43 30 36 08 45 43 30 37 08 45 43 30  05.EC06.EC07.EC0
    FE90: 38 08 45 43 30 39 08 45 43 31 30 08 45 43 31 31  8.EC09.EC10.EC11
    FEA0: 08 45 43 31 32 08 45 43 31 33 08 45 43 31 34 08  .EC12.EC13.EC14.
    FEB0: 45 43 31 35 08 45 43 31 36 08 45 43 31 37 08 45  EC15.EC16.EC17.E
    FEC0: 43 31 38 08 45 43 31 39 08 45 43 32 30 08 45 43  C18.EC19.EC20.EC
    FED0: 32 31 08 45 43 32 32 08 45 43 32 33 08 45 43 32  21.EC22.EC23.EC2
    FEE0: 34 08 45 43 32 35 08 45 43 32 36 08 45 43 32 37  4.EC25.EC26.EC27
    FEF0: 08 45 43 32 38 08 45 43 32 39 08 45 43 33 30 08  .EC28.EC29.EC30.
    FF00: 45 43 33 31 08 45 43 33 32 08 45 43 33 33 08 45  EC31.EC32.EC33.E
    FF10: 43 33 34 08 45 43 33 35 08 45 43 33 36 08 45 43  C34.EC35.EC36.EC
    FF20: 33 37 08 45 43 33 38 08 45 43 33 39 08 45 43 34  37.EC38.EC39.EC4
    FF30: 30 08 45 43 34 31 08 45 43 34 32 08 45 43 34 33  0.EC41.EC42.EC43
    FF40: 08 45 43 34 34 08 45 43 34 35 08 45 43 34 36 08  .EC44.EC45.EC46.
    FF50: 45 43 34 37 08 45 43 34 38 08 45 43 34 39 08 14  EC47.EC48.EC49..
    FF60: 2C 45 43 49 4E 00 70 45 43 47 33 4C 49 44 53 45  ,ECIN.pECG3LIDSE
    FF70: 43 53 33 45 43 53 32 41 43 4F 53 A0 10 92 95 4F  CS3ECS2ACOS....O
    FF80: 49 44 45 01 47 45 4E 53 0A 2D 00 00 14 2A 5F 52  IDE.GENS.-...*_R
    FF90: 45 47 02 A0 13 93 93 69 01 93 68 0A 03 70 01 45  EG.....i..h..p.E
    FFA0: 43 52 44 45 43 49 4E A0 0F 90 93 69 00 93 68 0A  CRDECIN....i..h.
    FFB0: 03 70 00 45 43 52 44 14 0F 45 43 4D 39 02 45 43  .p.ECRD..ECM9.EC
    FFC0: 49 4E 45 43 53 36 68 14 17 5F 51 36 36 00 A0 0A  INECS6h.._Q66...
    FFD0: 92 93 45 43 52 44 01 A4 00 4E 45 56 54 A4 00 14  ..ECRD...NEVT...
    FFE0: 44 28 45 43 52 31 01 A0 13 93 45 43 52 44 00 70  D(ECR1....ECRD.p
    FFF0: 45 49 53 43 0A 80 68 00 60 A4 60 5B 23 45 43 4D  EISC..h.`.`[#ECM
   10000: 58 FF FF 70 00 60 A0 0A 93 68 00 70 45 43 30 30  X..p.`...h.pEC00
   10010: 60 A0 0A 93 68 01 70 45 43 30 31 60 A0 0B 93 68  `...h.pEC01`...h
   10020: 0A 02 70 45 43 30 32 60 A0 0B 93 68 0A 03 70 45  ..pEC02`...h..pE
   10030: 43 30 33 60 A0 0B 93 68 0A 04 70 45 43 30 34 60  C03`...h..pEC04`
   10040: A0 0B 93 68 0A 05 70 45 43 30 35 60 A0 0B 93 68  ...h..pEC05`...h
   10050: 0A 06 70 45 43 30 36 60 A0 0B 93 68 0A 07 70 45  ..pEC06`...h..pE
   10060: 43 30 37 60 A0 0B 93 68 0A 08 70 45 43 30 38 60  C07`...h..pEC08`
   10070: A0 0B 93 68 0A 09 70 45 43 30 39 60 A0 0B 93 68  ...h..pEC09`...h
   10080: 0A 0A 70 45 43 31 30 60 A0 0B 93 68 0A 0B 70 45  ..pEC10`...h..pE
   10090: 43 31 31 60 A0 0B 93 68 0A 0C 70 45 43 31 32 60  C11`...h..pEC12`
   100A0: A0 0B 93 68 0A 0D 70 45 43 31 33 60 A0 0B 93 68  ...h..pEC13`...h
   100B0: 0A 0E 70 45 43 31 34 60 A0 0B 93 68 0A 0F 70 45  ..pEC14`...h..pE
   100C0: 43 31 35 60 A0 0B 93 68 0A 10 70 45 43 31 36 60  C15`...h..pEC16`
   100D0: A0 0B 93 68 0A 11 70 45 43 31 37 60 A0 0B 93 68  ...h..pEC17`...h
   100E0: 0A 12 70 45 43 31 38 60 A0 0B 93 68 0A 13 70 45  ..pEC18`...h..pE
   100F0: 43 31 39 60 A0 0B 93 68 0A 14 70 45 43 32 30 60  C19`...h..pEC20`
   10100: A0 0B 93 68 0A 15 70 45 43 32 31 60 A0 0B 93 68  ...h..pEC21`...h
   10110: 0A 16 70 45 43 32 32 60 A0 0B 93 68 0A 17 70 45  ..pEC22`...h..pE
   10120: 43 32 33 60 A0 0B 93 68 0A 18 70 45 43 32 34 60  C23`...h..pEC24`
   10130: A0 0B 93 68 0A 19 70 45 43 32 35 60 A0 0B 93 68  ...h..pEC25`...h
   10140: 0A 1A 70 45 43 32 36 60 A0 0B 93 68 0A 1B 70 45  ..pEC26`...h..pE
   10150: 43 32 37 60 A0 0B 93 68 0A 1C 70 45 43 32 38 60  C27`...h..pEC28`
   10160: A0 0B 93 68 0A 1D 70 45 43 32 39 60 A0 0B 93 68  ...h..pEC29`...h
   10170: 0A 1E 70 45 43 33 30 60 A0 0B 93 68 0A 1F 70 45  ..pEC30`...h..pE
   10180: 43 33 31 60 A0 0B 93 68 0A 20 70 45 43 33 32 60  C31`...h. pEC32`
   10190: A0 0B 93 68 0A 21 70 45 43 33 33 60 A0 0B 93 68  ...h.!pEC33`...h
   101A0: 0A 22 70 45 43 33 34 60 A0 0B 93 68 0A 23 70 45  ."pEC34`...h.#pE
   101B0: 43 33 35 60 A0 0B 93 68 0A 24 70 45 43 33 36 60  C35`...h.$pEC36`
   101C0: A0 0B 93 68 0A 25 70 45 43 33 37 60 A0 0B 93 68  ...h.%pEC37`...h
   101D0: 0A 26 70 45 43 33 38 60 A0 0B 93 68 0A 27 70 45  .&pEC38`...h.'pE
   101E0: 43 33 39 60 A0 0B 93 68 0A 28 70 45 43 34 30 60  C39`...h.(pEC40`
   101F0: A0 0B 93 68 0A 29 70 45 43 34 31 60 A0 0B 93 68  ...h.)pEC41`...h
   10200: 0A 2A 70 45 43 34 32 60 A0 0B 93 68 0A 2B 70 45  .*pEC42`...h.+pE
   10210: 43 34 33 60 A0 0B 93 68 0A 2C 70 45 43 34 34 60  C43`...h.,pEC44`
   10220: A0 0B 93 68 0A 2D 70 45 43 34 35 60 A0 0B 93 68  ...h.-pEC45`...h
   10230: 0A 2E 70 45 43 34 36 60 A0 0B 93 68 0A 2F 70 45  ..pEC46`...h./pE
   10240: 43 34 37 60 A0 0B 93 68 0A 30 70 45 43 34 38 60  C47`...h.0pEC48`
   10250: A0 0B 93 68 0A 31 70 45 43 34 39 60 5B 27 45 43  ...h.1pEC49`['EC
   10260: 4D 58 A4 60 14 1E 45 43 52 32 01 70 45 43 52 31  MX.`..ECR2.pECR1
   10270: 68 60 75 68 79 45 43 52 31 68 0A 08 61 72 61 60  h`uhyECR1h..ara`
   10280: 60 A4 60 14 4B 0D 45 43 57 31 02 A0 11 93 45 43  `.`.K.ECW1....EC
   10290: 52 44 00 45 49 53 43 0A 81 68 69 A4 00 5B 23 45  RD.EISC..hi..[#E
   102A0: 43 4D 58 FF FF A0 0A 93 68 00 70 69 45 43 30 30  CMX.....h.piEC00
   102B0: A0 0A 93 68 01 70 69 45 43 30 31 A0 0B 93 68 0A  ...h.piEC01...h.
   102C0: 02 70 69 45 43 30 32 A0 0B 93 68 0A 03 70 69 45  .piEC02...h..piE
   102D0: 43 30 33 A0 0B 93 68 0A 04 70 69 45 43 30 34 A0  C03...h..piEC04.
   102E0: 0B 93 68 0A 05 70 69 45 43 30 35 A0 0B 93 68 0A  ..h..piEC05...h.
   102F0: 06 70 69 45 43 30 36 A0 0B 93 68 0A 07 70 69 45  .piEC06...h..piE
   10300: 43 30 37 A0 0B 93 68 0A 08 70 69 45 43 30 38 A0  C07...h..piEC08.
   10310: 0B 93 68 0A 09 70 69 45 43 30 39 A0 0B 93 68 0A  ..h..piEC09...h.
   10320: 0A 70 69 45 43 31 30 A0 0B 93 68 0A 0B 70 69 45  .piEC10...h..piE
   10330: 43 31 31 A0 0B 93 68 0A 0C 70 69 45 43 31 32 A0  C11...h..piEC12.
   10340: 0B 93 68 0A 10 70 69 45 43 31 36 A0 0B 93 68 0A  ..h..piEC16...h.
   10350: 11 70 69 45 43 31 37 5B 27 45 43 4D 58 A4 00 10  .piEC17['ECMX...
   10360: 46 53 5C 00 08 45 43 52 44 00 5B 01 45 43 4D 58  FS\..ECRD.[.ECMX
   10370: 01 5B 01 45 43 53 58 01 14 4B 06 45 49 53 43 03  .[.ECSX..K.EISC.
   10380: 5B 23 45 43 53 58 FF FF 08 45 43 49 42 11 03 0A  [#ECSX...ECIB...
   10390: 04 8C 45 43 49 42 00 45 43 49 43 8C 45 43 49 42  ..ECIB.ECIC.ECIB
   103A0: 01 45 43 50 31 8C 45 43 49 42 0A 02 45 43 50 32  .ECP1.ECIB..ECP2
   103B0: 70 68 45 43 49 43 70 69 45 43 50 31 70 6A 45 43  phECICpiECP1pjEC
   103C0: 50 32 70 47 45 4E 53 0A 08 45 43 49 42 87 45 43  P2pGENS..ECIB.EC
   103D0: 49 42 45 43 49 42 70 45 43 49 43 60 5B 27 45 43  IBECIBpECIC`['EC
   103E0: 53 58 A4 60 14 2B 45 43 42 54 02 70 5C 2F 05 5F  SX.`.+ECBT.p\/._
   103F0: 53 42 5F 50 43 49 30 4C 50 43 42 45 43 44 56 45  SB_PCI0LPCBECDVE
   10400: 43 52 31 68 60 7B 60 69 60 A0 04 60 A4 01 A4 00  CR1h`{`i`..`....
   10410: 14 15 45 43 42 31 02 70 45 43 42 54 68 69 60 A0  ..ECB1.pECBThi`.
   10420: 04 60 A4 00 A4 01 14 1F 45 43 52 42 01 A4 5C 2F  .`......ECRB..\/
   10430: 05 5F 53 42 5F 50 43 49 30 4C 50 43 42 45 43 44  ._SB_PCI0LPCBECD
   10440: 56 45 43 52 31 68 14 1F 45 43 52 57 01 A4 5C 2F  VECR1h..ECRW..\/
   10450: 05 5F 53 42 5F 50 43 49 30 4C 50 43 42 45 43 44  ._SB_PCI0LPCBECD
   10460: 56 45 43 52 32 68 14 1F 45 43 57 42 02 5C 2F 05  VECR2h..ECWB.\/.
   10470: 5F 53 42 5F 50 43 49 30 4C 50 43 42 45 43 44 56  _SB_PCI0LPCBECDV
   10480: 45 43 57 31 68 69 14 0D 45 43 47 31 00 A4 45 43  ECW1hi..ECG1..EC
   10490: 52 57 0A 07 14 0D 45 43 47 44 00 A4 45 43 52 57  RW....ECGD..ECRW
   104A0: 0A 0B 14 0D 45 43 47 32 00 A4 45 43 42 54 00 01  ....ECG2..ECBT..
   104B0: 14 0E 45 43 47 33 00 A4 45 43 42 54 00 0A 10 14  ..ECG3..ECBT....
   104C0: 0F 45 43 47 34 00 A4 45 43 42 54 0A 05 0A 04 14  .ECG4..ECBT.....
   104D0: 0E 45 43 47 43 00 A4 45 43 42 54 0A 05 01 14 10  .ECGC..ECBT.....
   104E0: 45 43 47 35 00 70 45 43 52 42 0A 06 60 A4 60 14  ECG5.pECRB..`.`.
   104F0: 10 45 43 47 37 00 70 45 43 52 42 0A 09 60 A4 60  .ECG7.pECRB..`.`
   10500: 5B 01 45 43 4D 31 01 14 4C 08 45 43 47 36 02 5B  [.ECM1..L.ECG6.[
   10510: 23 45 43 4D 31 FF FF 70 45 43 47 32 62 45 43 57  #ECM1..pECG2bECW
   10520: 42 0A 03 68 70 45 43 52 42 0A 10 88 69 00 00 70  B..hpECRB...i..p
   10530: 45 43 52 57 0A 12 60 A0 06 93 60 00 75 60 A1 2B  ECRW..`...`.u`.+
   10540: A0 10 92 93 62 00 A0 0A 7B 60 0B 00 80 00 70 FF  ....b...{`....p.
   10550: 60 A1 18 A0 11 7B 60 0B 00 80 00 74 00 60 60 7B  `....{`....t.``{
   10560: 60 0B FF FF 60 A1 04 70 FF 60 70 60 88 69 01 00  `...`..p.`p`.i..
   10570: 70 45 43 52 57 0A 16 60 70 60 88 69 0A 02 00 70  pECRW..`p`.i...p
   10580: 45 43 52 57 0A 14 60 70 60 88 69 0A 03 00 5B 27  ECRW..`p`.i...['
   10590: 45 43 4D 31 14 42 06 45 43 4D 38 01 45 43 57 42  ECM1.B.ECM8.ECWB
   105A0: 0A 04 68 08 4C 42 55 46 11 03 0A 21 70 00 60 A2  ..h.LBUF...!p.`.
   105B0: 1E 95 60 0A 20 70 45 43 52 42 0A 2A 61 70 61 88  ..`. pECRB.*apa.
   105C0: 4C 42 55 46 60 00 A0 05 93 61 00 A5 75 60 A0 10  LBUF`....a..u`..
   105D0: 92 93 61 00 70 00 88 4C 42 55 46 60 00 75 60 75  ..a.p..LBUF`.u`u
   105E0: 60 08 4F 42 55 46 11 02 60 70 4C 42 55 46 4F 42  `.OBUF..`pLBUFOB
   105F0: 55 46 A4 4F 42 55 46 08 42 53 30 31 12 0E 03 01  UF.OBUF.BS01....
   10600: 0A FF 0D 55 6E 6B 6E 6F 77 6E 00 08 42 53 30 32  ...Unknown..BS02
   10610: 12 40 05 0F 0A 03 0A 02 0D 53 6F 6E 79 00 0A 03  .@.......Sony...
   10620: 0D 53 61 6E 79 6F 00 0A 04 0D 50 61 6E 61 73 6F  .Sanyo....Panaso
   10630: 6E 69 63 00 0A 07 0D 53 4D 50 00 0A 08 0D 4D 6F  nic....SMP....Mo
   10640: 74 6F 72 6F 6C 61 00 0A 06 0D 53 61 6D 73 75 6E  torola....Samsun
   10650: 67 20 53 44 49 00 0A FF 0D 55 6E 6B 6E 6F 77 6E  g SDI....Unknown
   10660: 00 08 42 53 30 33 12 4D 04 13 0A 02 01 0D 50 62  ..BS03.M......Pb
   10670: 41 63 00 0A 02 0D 4C 49 4F 4E 00 0A 03 0D 4E 69  Ac....LION....Ni
   10680: 43 64 00 0A 04 0D 4E 69 4D 48 00 0A 05 0D 4E 69  Cd....NiMH....Ni
   10690: 5A 6E 00 0A 06 0D 52 41 4D 00 0A 07 0D 5A 6E 41  Zn....RAM....ZnA
   106A0: 52 00 0A 08 0D 4C 69 50 00 0A FF 0D 55 6E 6B 6E  R....LiP....Unkn
   106B0: 6F 77 6E 00 14 47 04 45 43 55 30 02 70 01 60 70  own..G.ECU0.p.`p
   106C0: 00 61 A2 29 92 93 61 0A FF 70 83 88 68 60 00 61  .a.)..a..p..h`.a
   106D0: A0 16 93 69 61 75 60 70 83 88 68 60 00 62 70 58  ...iau`p..h`.bpX
   106E0: 50 54 42 62 62 A4 62 72 60 0A 02 60 70 83 88 68  PTBbb.br`..`p..h
   106F0: 00 00 62 70 45 43 4D 38 62 62 A4 62 14 4F 0D 45  ..bpECM8bb.b.O.E
   10700: 43 47 39 02 5B 23 45 43 4D 31 FF FF 45 43 57 42  CG9.[#ECM1..ECWB
   10710: 0A 03 68 70 01 88 69 00 00 70 45 43 52 57 0A 20  ..hp..i..pECRW. 
   10720: 60 70 60 88 69 01 00 70 45 43 52 57 0A 1E 61 70  `p`.i..pECRW..ap
   10730: 61 88 69 0A 02 00 70 01 88 69 0A 03 00 70 45 43  a.i...p..i...pEC
   10740: 52 57 0A 22 62 70 62 88 69 0A 04 00 78 60 0A 0A  RW."bpb.i...x`..
   10750: 65 63 70 63 88 69 0A 05 00 78 60 0A 21 65 63 70  ecpc.i...x`.!ecp
   10760: 63 88 69 0A 06 00 78 60 0A 64 65 63 70 63 88 69  c.i...x`.decpc.i
   10770: 0A 07 00 70 63 88 69 0A 08 00 70 45 43 55 30 42  ...pc.i...pECU0B
   10780: 53 30 31 00 63 70 63 88 69 0A 09 00 70 45 43 52  S01.cpc.i...pECR
   10790: 57 0A 26 63 70 58 50 54 53 63 63 70 63 88 69 0A  W.&cpXPTSccpc.i.
   107A0: 0A 00 70 45 43 52 42 0A 29 63 70 45 43 55 30 42  ..pECRB.)cpECU0B
   107B0: 53 30 33 63 63 70 63 88 69 0A 0B 00 70 45 43 52  S03ccpc.i...pECR
   107C0: 42 0A 28 63 70 45 43 55 30 42 53 30 32 63 63 70  B.(cpECU0BS02ccp
   107D0: 63 88 69 0A 0C 00 5B 27 45 43 4D 31 14 10 45 43  c.i...['ECM1..EC
   107E0: 47 41 00 70 45 43 52 42 0A 2F 60 A4 60 14 10 45  GA.pECRB./`.`..E
   107F0: 43 47 42 00 70 45 43 52 42 0A 31 60 A4 60 14 0D  CGB.pECRB.1`.`..
   10800: 45 43 53 31 02 45 43 57 42 0A 02 68 14 0C 45 43  ECS1.ECWB..h..EC
   10810: 53 32 01 45 43 57 42 01 68 14 0D 45 43 53 36 01  S2.ECWB.h..ECS6.
   10820: 45 43 57 42 0A 06 68 14 0D 45 43 53 33 00 45 43  ECWB..h..ECS3.EC
   10830: 57 42 0A 05 01 5B 01 51 53 45 56 01 14 3D 45 43  WB...[.QSEV..=EC
   10840: 30 41 01 5B 23 51 53 45 56 FF FF 70 45 43 52 42  0A.[#QSEV..pECRB
   10850: 0A 2B 61 70 00 60 A2 1B 95 60 61 70 45 43 52 42  .+ap.`...`apECRB
   10860: 0A 2C 62 A0 0C 95 60 87 68 42 42 57 52 68 60 62  .,b...`.hBBWRh`b
   10870: 75 60 5B 27 51 53 45 56 A4 68 14 0D 45 43 53 34  u`['QSEV.h..ECS4
   10880: 01 45 43 57 42 0A 11 68 14 0D 45 43 53 35 01 45  .ECWB..h..ECS5.E
   10890: 43 57 42 0A 10 68 14 44 13 4E 45 56 54 00 70 45  CWB..h.D.NEVT.pE
   108A0: 43 47 31 60 70 45 43 47 44 61 A0 1A 7B 61 01 00  CG1`pECGDa..{a..
   108B0: A0 14 92 95 5C 2E 5F 53 42 5F 4F 49 44 45 01 45  ....\._SB_OIDE.E
   108C0: 56 31 33 00 00 A0 18 7B 61 0A 04 00 86 5C 2F 03  V13....{a....\/.
   108D0: 5F 53 42 5F 50 43 49 30 53 41 54 30 0A 81 A0 0B  _SB_PCI0SAT0....
   108E0: 7B 60 01 00 45 56 36 5F 01 00 A0 0D 7B 60 0A 40  {`..EV6_....{`.@
   108F0: 00 45 56 36 5F 0A 02 00 A0 13 7B 60 0A 04 00 70  .EV6_.....{`...p
   10900: 45 43 47 33 61 45 56 36 5F 0A 03 61 A0 1D 7B 60  ECG3aEV6_..a..{`
   10910: 0A 10 00 70 45 43 42 54 00 0A 80 61 70 45 43 52  ...pECBT...apECR
   10920: 42 0A 2D 62 45 56 31 34 61 62 A0 27 7B 60 0B 00  B.-bEV14ab.'{`..
   10930: 01 00 45 56 34 5F 0B 00 01 00 A0 0D 45 43 47 34  ..EV4_......ECG4
   10940: 47 45 4E 53 0A 1C 01 00 A1 09 47 45 4E 53 0A 1C  GENS......GENS..
   10950: 00 00 A0 0F 7B 60 0B 00 02 00 45 56 34 5F 0B 00  ....{`....EV4_..
   10960: 02 00 A0 0F 7B 60 0B 00 04 00 45 56 34 5F 0B 00  ....{`....EV4_..
   10970: 04 00 A0 0F 7B 60 0B 00 08 00 45 56 34 5F 0B 00  ....{`....EV4_..
   10980: 08 00 A0 1A 7B 60 0B 00 40 00 70 45 43 52 42 0A  ....{`..@.pECRB.
   10990: 30 61 A0 0A 61 45 56 31 31 0B 00 40 00 A0 17 7B  0a..aEV11..@...{
   109A0: 60 0B 00 80 00 70 45 43 52 42 0A 2E 61 45 56 31  `....pECRB..aEV1
   109B0: 30 0B 00 80 61 A0 0A 7B 60 0A 08 00 50 57 43 48  0...a..{`...PWCH
   109C0: A0 0A 7B 60 0A 80 00 53 4D 49 45 14 41 0C 50 57  ..{`...SMIE.A.PW
   109D0: 43 48 00 70 45 43 47 35 60 7F 60 41 50 52 45 61  CH.pECG5`.`APREa
   109E0: 7B 60 0A 2B 41 50 52 45 A0 0B 7B 61 01 00 45 56  {`.+APRE..{a..EV
   109F0: 31 35 00 00 7B 41 50 52 45 0A 02 62 A0 18 7B 61  15..{APRE..b..{a
   10A00: 0A 02 00 A0 08 62 45 56 31 36 01 00 A1 08 45 56  .....bEV16....EV
   10A10: 31 36 0A 02 00 A0 10 7B 61 0A 04 00 A0 09 62 45  16.....{a.....bE
   10A20: 56 31 36 0A 03 00 7B 41 50 52 45 0A 08 62 A0 18  V16...{APRE..b..
   10A30: 7B 61 0A 08 00 A0 08 62 45 56 31 36 01 01 A1 08  {a.....bEV16....
   10A40: 45 56 31 36 0A 02 01 A0 10 7B 61 0A 10 00 A0 09  EV16.....{a.....
   10A50: 62 45 56 31 36 0A 03 01 7B 41 50 52 45 0A 20 62  bEV16...{APRE. b
   10A60: A0 1A 7B 61 0A 20 00 A0 09 62 45 56 31 36 01 0A  ..{a. ...bEV16..
   10A70: 02 A1 09 45 56 31 36 0A 02 0A 02 A0 11 7B 61 0A  ...EV16......{a.
   10A80: 40 00 A0 0A 62 45 56 31 36 0A 03 0A 02 14 46 05  @...bEV16.....F.
   10A90: 53 4D 45 45 01 70 68 60 70 47 45 4E 53 0A 11 00  SMEE.ph`pGENS...
   10AA0: 00 60 A0 2A 92 95 5C 2E 5F 53 42 5F 4F 53 49 44  .`.*..\._SB_OSID
   10AB0: 0A 20 A0 0C 7B 60 0A 04 00 45 56 35 5F 01 00 A0  . ..{`...EV5_...
   10AC0: 0D 7B 60 0A 02 00 45 56 35 5F 0A 02 00 A0 16 7B  .{`...EV5_.....{
   10AD0: 60 0A 08 00 70 47 45 4E 53 0A 1D 00 00 60 45 56  `...pGENS....`EV
   10AE0: 39 5F 60 00 14 42 05 53 4D 49 45 00 70 47 45 4E  9_`..B.SMIE.pGEN
   10AF0: 53 0A 10 00 00 60 A0 0B 7B 60 0A 04 00 53 4D 45  S....`..{`...SME
   10B00: 45 60 A0 0C 7B 60 0A 02 00 45 56 37 5F 00 00 A0  E`..{`...EV7_...
   10B10: 0C 7B 60 0A 08 00 45 56 31 32 00 00 A0 0C 7B 60  .{`...EV12....{`
   10B20: 0A 40 00 45 56 38 5F 00 00 A0 06 7B 60 0A 80 00  .@.EV8_....{`...
   10B30: A0 06 7B 60 0A 10 00 10 30 2F 03 5F 53 42 5F 50  ..{`....0/._SB_P
   10B40: 43 49 30 4C 50 43 42 14 20 45 49 4E 49 02 A0 19  CI0LPCB. EINI...
   10B50: 93 68 0A 02 70 45 43 47 35 41 50 52 45 7B 41 50  .h..pECG5APRE{AP
   10B60: 52 45 0A 2B 41 50 52 45 10 4E 04 5F 47 50 45 14  RE.+APRE.N._GPE.
   10B70: 47 04 5F 4C 31 38 00 70 45 43 47 37 60 A0 13 7B  G._L18.pECG7`..{
   10B80: 60 0A 02 00 70 45 43 47 33 61 45 56 36 5F 0A 03  `...pECG3aEV6_..
   10B90: 61 70 00 61 A0 07 93 60 00 70 01 61 A0 08 7B 60  ap.a...`.p.a..{`
   10BA0: 01 00 70 01 61 A0 08 93 60 0A 04 70 01 61 A0 08  ..p.a...`..p.a..
   10BB0: 61 45 56 36 5F 01 01 10 41 41 5F 53 42 5F 5B 01  aEV6_...AA_SB_[.
   10BC0: 45 43 41 58 01 14 4B 05 45 45 41 43 0A 5B 23 45  ECAX..K.EEAC.[#E
   10BD0: 43 41 58 FF FF 08 45 41 42 46 11 03 0A 08 8A 45  CAX...EABF.....E
   10BE0: 41 42 46 00 45 43 53 54 8A 45 41 42 46 0A 04 45  ABF.ECST.EABF..E
   10BF0: 43 50 41 70 68 45 43 53 54 70 69 45 43 50 41 70  CPAphECSTpiECPAp
   10C00: 47 45 4E 53 0A 07 45 41 42 46 87 45 41 42 46 45  GENS..EABF.EABFE
   10C10: 41 42 46 70 45 43 53 54 60 5B 27 45 43 41 58 A4  ABFpECST`['ECAX.
   10C20: 60 10 43 0E 5C 5F 53 42 5F 14 28 50 50 52 57 08  `.C.\_SB_.(PPRW.
   10C30: 08 45 50 52 57 12 05 02 00 0A 03 70 45 45 41 43  .EPRW......pEEAC
   10C40: 0A 03 00 60 70 60 88 45 50 52 57 00 00 A4 45 50  ...`p`.EPRW...EP
   10C50: 52 57 5B 82 38 4C 49 44 30 08 5F 48 49 44 0C 41  RW[.8LID0._HID.A
   10C60: D0 0C 0D 14 0E 5F 4C 49 44 00 70 45 43 47 33 60  ....._LID.pECG3`
   10C70: A4 60 14 0B 5F 50 52 57 00 A4 50 50 52 57 14 0D  .`.._PRW..PPRW..
   10C80: 5F 50 53 57 01 45 45 41 43 0A 02 68 5B 82 28 50  _PSW.EEAC..h[.(P
   10C90: 42 54 4E 08 5F 48 49 44 0C 41 D0 0C 0C 14 0B 5F  BTN._HID.A....._
   10CA0: 50 52 57 00 A4 50 50 52 57 14 0C 5F 50 53 57 01  PRW..PPRW.._PSW.
   10CB0: 45 45 41 43 01 68 5B 82 0F 53 42 54 4E 08 5F 48  EEAC.h[..SBTN._H
   10CC0: 49 44 0C 41 D0 0C 0E 14 3D 42 54 4E 56 02 A0 1C  ID.A....=BTNV...
   10CD0: 93 68 01 A0 0B 93 69 00 86 50 42 54 4E 0A 80 A0  .h....i..PBTN...
   10CE0: 0B 93 69 01 86 50 42 54 4E 0A 02 A0 0C 93 68 0A  ..i..PBTN.....h.
   10CF0: 02 86 53 42 54 4E 0A 80 A0 0C 93 68 0A 03 86 4C  ..SBTN.....h...L
   10D00: 49 44 30 0A 80 5B 82 40 06 41 43 5F 5F 08 5F 48  ID0..[.@.AC__._H
   10D10: 49 44 0D 41 43 50 49 30 30 30 33 00 14 1A 5F 50  ID.ACPI0003..._P
   10D20: 43 4C 00 A4 12 12 04 5F 53 42 5F 42 41 54 30 42  CL....._SB_BAT0B
   10D30: 41 54 31 42 41 54 32 14 25 5F 50 53 52 00 70 45  AT1BAT2.%_PSR.pE
   10D40: 43 47 35 60 7B 60 01 60 A0 12 92 93 60 50 57 52  CG5`{`.`....`PWR
   10D50: 53 70 60 50 57 52 53 50 4E 4F 54 A4 60 14 09 5F  Sp`PWRSPNOT.`.._
   10D60: 53 54 41 00 A4 0A 0F 14 0D 41 43 45 56 02 86 41  STA......ACEV..A
   10D70: 43 5F 5F 0A 80 5B 82 47 07 42 41 54 30 08 5F 48  C__..[.G.BAT0._H
   10D80: 49 44 0C 41 D0 0C 0A 08 5F 55 49 44 01 08 5F 50  ID.A...._UID.._P
   10D90: 43 4C 12 06 01 5F 53 42 5F 14 1A 5F 53 54 41 00  CL..._SB_.._STA.
   10DA0: 70 45 43 47 35 60 7B 60 0A 02 60 A0 05 60 A4 0A  pECG5`{`..`..`..
   10DB0: 1F A4 0A 0F 14 1C 5F 42 49 46 00 08 42 49 46 30  ......_BIF..BIF0
   10DC0: 12 02 0D 45 43 47 39 01 42 49 46 30 A4 42 49 46  ...ECG9.BIF0.BIF
   10DD0: 30 14 1C 5F 42 53 54 00 08 42 53 54 30 12 02 04  0.._BST..BST0...
   10DE0: 45 43 47 36 01 42 53 54 30 A4 42 53 54 30 5B 82  ECG6.BST0.BST0[.
   10DF0: 4B 08 42 41 54 31 08 5F 48 49 44 0C 41 D0 0C 0A  K.BAT1._HID.A...
   10E00: 08 5F 55 49 44 0A 02 08 5F 50 43 4C 12 06 01 5F  ._UID..._PCL..._
   10E10: 53 42 5F 14 2B 5F 53 54 41 00 70 45 45 41 43 0A  SB_.+_STA.pEEAC.
   10E20: 05 00 60 A0 07 95 60 0A 02 A4 00 70 45 43 47 35  ..`...`....pECG5
   10E30: 60 7B 60 0A 08 60 A0 05 60 A4 0A 1F A4 0A 0F 14  `{`..`..`.......
   10E40: 1D 5F 42 49 46 00 08 42 49 46 31 12 02 0D 45 43  ._BIF..BIF1...EC
   10E50: 47 39 0A 02 42 49 46 31 A4 42 49 46 31 14 1D 5F  G9..BIF1.BIF1.._
   10E60: 42 53 54 00 08 42 53 54 31 12 02 04 45 43 47 36  BST..BST1...ECG6
   10E70: 0A 02 42 53 54 31 A4 42 53 54 31 5B 82 4A 08 42  ..BST1.BST1[.J.B
   10E80: 41 54 32 08 5F 48 49 44 0C 41 D0 0C 0A 08 5F 55  AT2._HID.A...._U
   10E90: 49 44 0A 03 08 5F 50 43 4C 12 06 01 5F 53 42 5F  ID..._PCL..._SB_
   10EA0: 14 2A 5F 53 54 41 00 70 45 45 41 43 0A 05 00 60  .*_STA.pEEAC...`
   10EB0: A0 07 95 60 0A 03 A4 00 70 45 43 47 35 60 7B 60  ...`....pECG5`{`
   10EC0: 0A 20 60 A0 05 60 A4 0A 1F A4 00 14 1D 5F 42 49  . `..`......._BI
   10ED0: 46 00 08 42 49 46 31 12 02 0D 45 43 47 39 0A 03  F..BIF1...ECG9..
   10EE0: 42 49 46 31 A4 42 49 46 31 14 1D 5F 42 53 54 00  BIF1.BIF1.._BST.
   10EF0: 08 42 53 54 31 12 02 04 45 43 47 36 0A 03 42 53  .BST1...ECG6..BS
   10F00: 54 31 A4 42 53 54 31 14 40 09 42 54 45 56 02 A0  T1.BST1.@.BTEV..
   10F10: 25 93 68 01 A0 0B 93 69 00 86 42 41 54 30 0A 81  %.h....i..BAT0..
   10F20: A0 0B 93 69 01 86 42 41 54 31 0A 81 A1 08 86 42  ...i..BAT1.....B
   10F30: 41 54 32 0A 81 A0 3B 93 68 0A 02 A0 12 93 69 00  AT2...;.h.....i.
   10F40: 86 42 41 54 30 0A 80 86 42 41 54 30 0A 81 A0 12  .BAT0...BAT0....
   10F50: 93 69 01 86 42 41 54 31 0A 80 86 42 41 54 31 0A  .i..BAT1...BAT1.
   10F60: 81 A1 0F 86 42 41 54 32 0A 80 86 42 41 54 32 0A  ....BAT2...BAT2.
   10F70: 81 A0 26 93 68 0A 03 A0 0B 93 69 00 86 42 41 54  ..&.h.....i..BAT
   10F80: 30 0A 80 A0 0B 93 69 01 86 42 41 54 31 0A 80 A1  0.....i..BAT1...
   10F90: 08 86 42 41 54 32 0A 80 10 30 5C 5F 53 42 5F 14  ..BAT2...0\_SB_.
   10FA0: 29 43 42 41 54 02 86 42 41 54 30 0A 81 86 42 41  )CBAT..BAT0...BA
   10FB0: 54 31 0A 81 86 42 41 54 32 0A 81 70 45 43 47 35  T1...BAT2..pECG5
   10FC0: 60 7B 60 0A 2B 41 50 52 45 10 4E 0A 2F 03 5F 53  `{`.+APRE.N./._S
   10FD0: 42 5F 50 43 49 30 4C 50 43 42 5B 82 41 06 50 53  B_PCI0LPCB[.A.PS
   10FE0: 32 4B 08 5F 48 49 44 0D 44 4C 4C 4B 30 35 43 43  2K._HID.DLLK05CC
   10FF0: 00 08 5F 43 49 44 0C 41 D0 03 03 14 09 5F 53 54  .._CID.A....._ST
   11000: 41 00 A4 0A 0F 08 5F 43 52 53 11 19 0A 16 47 01  A....._CRS....G.
   11010: 60 00 60 00 00 01 47 01 64 00 64 00 00 01 23 02  `.`...G.d.d...#.
   11020: 00 01 79 00 08 5F 50 52 53 11 13 0A 10 31 00 4B  ..y.._PRS....1.K
   11030: 60 00 01 4B 64 00 01 22 02 00 38 79 00 5B 82 39  `..Kd.."..8y.[.9
   11040: 50 53 32 4D 08 5F 48 49 44 0C 11 8C 05 CC 08 5F  PS2M._HID......_
   11050: 43 49 44 0C 41 D0 0F 13 08 5F 43 52 53 11 09 0A  CID.A...._CRS...
   11060: 06 23 00 10 01 79 00 08 5F 50 52 53 11 0B 0A 08  .#...y.._PRS....
   11070: 31 00 22 00 10 38 79 00 10 44 04 5F 54 5A 5F 5B  1."..8y..D._TZ_[
   11080: 85 3C 54 48 4D 5F 14 17 5F 43 52 54 00 70 0A 6B  .<THM_.._CRT.p.k
   11090: 60 77 60 0A 0A 60 72 60 0B AC 0A 60 A4 60 14 1E  `w`..`r`...`.`..
   110A0: 5F 54 4D 50 00 70 47 45 4E 53 0A 16 00 00 60 A0  _TMP.pGENS....`.
   110B0: 0B 95 60 0B A6 0B 70 0B A6 0B 60 A4 60 10 47 08  ..`...p...`.`.G.
   110C0: 5F 53 42 5F 5B 82 4F 07 52 42 54 4E 08 5F 48 49  _SB_[.O.RBTN._HI
   110D0: 44 0D 44 45 4C 4C 41 42 43 45 00 14 16 5F 49 4E  D.DELLABCE..._IN
   110E0: 49 00 A0 0F 92 95 4F 49 44 45 01 86 52 42 54 4E  I.....OIDE..RBTN
   110F0: 0A 80 14 13 5F 53 54 41 00 A0 09 95 4F 49 44 45  ...._STA....OIDE
   11100: 01 A4 00 A4 0A 0F 14 0E 47 52 42 54 00 70 45 43  ........GRBT.pEC
   11110: 47 43 60 A4 60 14 06 41 52 42 54 01 14 0C 43 52  GC`.`..ARBT...CR
   11120: 42 54 00 70 0A 02 60 A4 60 14 1B 4E 52 42 54 02  BT.p..`.`..NRBT.
   11130: A0 14 92 95 4F 49 44 45 01 5B 22 0B F4 01 86 52  ....OIDE.["....R
   11140: 42 54 4E 0A 80 10 2B 2F 03 5F 53 42 5F 50 43 49  BTN...+/._SB_PCI
   11150: 30 47 4C 41 4E 14 1B 5F 50 53 57 01 A0 0A 68 47  0GLAN.._PSW...hG
   11160: 45 4E 53 0A 1B 01 00 A1 09 47 45 4E 53 0A 1B 00  ENS......GENS...
   11170: 00 08 53 50 32 4F 0A 4E 10 10 5C 00 08 44 43 4B  ..SP2O.N..\..DCK
   11180: 53 0A FF 08 44 43 4B 54 00 10 47 08 2F 03 5F 53  S...DCKT..G./._S
   11190: 42 5F 50 43 49 30 4C 50 43 42 14 43 04 44 43 4B  B_PCI0LPCB.C.DCK
   111A0: 33 00 A0 1D 5B 12 5C 2F 04 5F 53 42 5F 50 43 49  3...[.\/._SB_PCI
   111B0: 30 4C 50 43 42 4C 50 54 45 00 86 4C 50 54 45 01  0LPCBLPTE..LPTE.
   111C0: A0 1D 5B 12 5C 2F 04 5F 53 42 5F 50 43 49 30 4C  ..[.\/._SB_PCI0L
   111D0: 50 43 42 55 41 52 31 00 86 55 41 52 31 01 14 16  PCBUAR1..UAR1...
   111E0: 44 43 4B 34 02 70 68 44 43 4B 53 70 69 44 43 4B  DCK4.phDCKSpiDCK
   111F0: 54 44 43 4B 33 14 1B 44 43 4B 35 02 70 45 43 52  TDCK3..DCK5.pECR
   11200: 42 0A 2D 60 A0 0C 92 93 60 44 43 4B 54 44 43 4B  B.-`....`DCKTDCK
   11210: 33 10 44 66 2F 03 5F 53 42 5F 50 43 49 30 4C 50  3.Df/._SB_PCI0LP
   11220: 43 42 5B 80 4C 50 43 42 01 53 50 32 4F 0A 02 5B  CB[.LPCB.SP2O..[
   11230: 81 10 4C 50 43 42 11 49 4E 44 58 08 44 41 54 41  ..LPCB.INDX.DATA
   11240: 08 5B 86 45 05 49 4E 44 58 44 41 54 41 11 00 08  .[.E.INDXDATA...
   11250: 43 52 30 31 08 43 52 30 32 08 00 48 04 43 52 30  CR01.CR02..H.CR0
   11260: 43 08 00 48 0A 43 52 32 32 08 43 52 32 33 08 43  C..H.CR22.CR23.C
   11270: 52 32 34 08 43 52 32 35 08 43 52 32 36 08 43 52  R24.CR25.CR26.CR
   11280: 32 37 08 43 52 32 38 08 00 40 16 43 52 35 35 08  27.CR28..@.CR55.
   11290: 00 40 2A 43 52 41 41 08 5B 82 4D 2D 55 41 52 31  .@*CRAA.[.M-UAR1
   112A0: 08 5F 48 49 44 0C 41 D0 05 01 08 5F 55 49 44 00  ._HID.A...._UID.
   112B0: 08 5F 50 52 57 12 06 02 0A 08 0A 03 14 4B 07 5F  ._PRW........K._
   112C0: 53 54 41 08 08 44 43 4B 39 11 03 0A 04 8C 44 43  STA..DCK9.....DC
   112D0: 4B 39 00 44 43 4B 38 8C 44 43 4B 39 01 44 43 4B  K9.DCK8.DCK9.DCK
   112E0: 36 8C 44 43 4B 39 0A 02 44 43 4B 32 8C 44 43 4B  6.DCK9..DCK2.DCK
   112F0: 39 0A 03 44 43 4B 37 70 01 44 43 4B 38 70 47 45  9..DCK7p.DCK8pGE
   11300: 4E 53 0A 13 44 43 4B 39 87 44 43 4B 39 60 70 60  NS..DCK9.DCK9`p`
   11310: 44 43 4B 39 A0 21 90 93 44 43 4B 36 01 93 44 43  DCK9.!..DCK6..DC
   11320: 4B 37 01 A0 12 91 93 44 43 4B 32 01 93 44 43 4B  K7.....DCK2..DCK
   11330: 32 0A 04 A4 0A 0F A4 00 14 1F 5F 44 49 53 08 70  2........._DIS.p
   11340: 00 43 52 35 35 70 7B 43 52 30 32 0A F0 00 43 52  .CR55p{CR02...CR
   11350: 30 32 70 00 43 52 41 41 14 45 0B 5F 43 52 53 08  02p.CRAA.E._CRS.
   11360: 08 42 55 46 30 11 10 0A 0D 47 01 F8 03 F8 03 01  .BUF0....G......
   11370: 08 22 10 00 79 00 8C 42 55 46 30 0A 02 49 4F 4C  ."..y..BUF0..IOL
   11380: 30 8C 42 55 46 30 0A 03 49 4F 48 30 8C 42 55 46  0.BUF0..IOH0.BUF
   11390: 30 0A 04 49 4F 4C 31 8C 42 55 46 30 0A 05 49 4F  0..IOL1.BUF0..IO
   113A0: 48 31 8C 42 55 46 30 0A 07 4C 45 4E 30 8B 42 55  H1.BUF0..LEN0.BU
   113B0: 46 30 0A 09 49 52 51 57 70 00 43 52 35 35 79 43  F0..IRQWp.CR55yC
   113C0: 52 32 34 0A 02 49 4F 4C 30 79 43 52 32 34 0A 02  R24..IOL0yCR24..
   113D0: 49 4F 4C 31 7A 43 52 32 34 0A 06 49 4F 48 30 7A  IOL1zCR24..IOH0z
   113E0: 43 52 32 34 0A 06 49 4F 48 31 70 0A 08 4C 45 4E  CR24..IOH1p..LEN
   113F0: 30 79 01 7A 7B 43 52 32 38 0A F0 00 0A 04 00 49  0y.z{CR28......I
   11400: 52 51 57 70 00 43 52 41 41 A4 42 55 46 30 08 5F  RQWp.CRAA.BUF0._
   11410: 50 52 53 11 48 04 0A 44 31 08 47 01 F8 03 F8 03  PRS.H..D1.G.....
   11420: 01 08 22 10 00 31 08 47 01 F8 03 F8 03 01 08 22  .."..1.G......."
   11430: F0 1C 31 08 47 01 F8 02 F8 02 01 08 22 F0 1C 31  ..1.G......."..1
   11440: 08 47 01 E8 03 E8 03 01 08 22 F0 1C 31 08 47 01  .G......."..1.G.
   11450: E8 02 E8 02 01 08 22 F0 1C 38 79 00 14 4A 0D 5F  ......"..8y..J._
   11460: 53 52 53 09 8C 68 0A 02 49 4F 4C 4F 8C 68 0A 03  SRS..h..IOLO.h..
   11470: 49 4F 48 49 8B 68 0A 09 49 52 51 57 70 00 43 52  IOHI.h..IRQWp.CR
   11480: 35 35 70 7B 43 52 30 32 0A F0 00 43 52 30 32 70  55p{CR02...CR02p
   11490: 7A 49 4F 4C 4F 0A 02 00 43 52 32 34 7D 43 52 32  zIOLO...CR24}CR2
   114A0: 34 79 49 4F 48 49 0A 06 00 43 52 32 34 7B 43 52  4yIOHI...CR24{CR
   114B0: 32 38 0A 0F 43 52 32 38 7D 43 52 32 38 79 74 82  28..CR28}CR28yt.
   114C0: 49 52 51 57 00 01 00 0A 04 00 43 52 32 38 7B 49  IRQW......CR28{I
   114D0: 4F 44 30 0A F8 49 4F 44 30 A0 28 93 49 4F 48 49  OD0..IOD0.(.IOHI
   114E0: 0A 03 A0 12 93 49 4F 4C 4F 0A F8 7D 49 4F 44 30  .....IOLO..}IOD0
   114F0: 00 49 4F 44 30 A1 0C 7D 49 4F 44 30 0A 07 49 4F  .IOD0..}IOD0..IO
   11500: 44 30 A1 21 A0 12 93 49 4F 4C 4F 0A F8 7D 49 4F  D0.!...IOLO..}IO
   11510: 44 30 01 49 4F 44 30 A1 0C 7D 49 4F 44 30 0A 05  D0.IOD0..}IOD0..
   11520: 49 4F 44 30 70 7D 43 52 30 32 0A 08 00 43 52 30  IOD0p}CR02...CR0
   11530: 32 70 00 43 52 41 41 14 1F 5F 50 53 30 08 70 00  2p.CRAA.._PS0.p.
   11540: 43 52 35 35 70 7D 43 52 30 32 0A 08 00 43 52 30  CR55p}CR02...CR0
   11550: 32 70 00 43 52 41 41 14 1F 5F 50 53 33 08 70 00  2p.CRAA.._PS3.p.
   11560: 43 52 35 35 70 7B 43 52 30 32 0A F0 00 43 52 30  CR55p{CR02...CR0
   11570: 32 70 00 43 52 41 41 5B 82 4D 2F 4C 50 54 45 08  2p.CRAA[.M/LPTE.
   11580: 5F 48 49 44 0C 41 D0 04 01 08 5F 55 49 44 0A 05  _HID.A...._UID..
   11590: 14 4B 07 43 4C 50 53 00 08 44 43 4B 39 11 03 0A  .K.CLPS..DCK9...
   115A0: 04 8C 44 43 4B 39 00 44 43 4B 38 8C 44 43 4B 39  ..DCK9.DCK8.DCK9
   115B0: 01 44 43 4B 36 8C 44 43 4B 39 0A 02 44 43 4B 32  .DCK6.DCK9..DCK2
   115C0: 8C 44 43 4B 39 0A 03 44 43 4B 37 70 0A 02 44 43  .DCK9..DCK7p..DC
   115D0: 4B 38 70 47 45 4E 53 0A 13 44 43 4B 39 87 44 43  K8pGENS..DCK9.DC
   115E0: 4B 39 60 70 60 44 43 4B 39 A0 20 90 93 44 43 4B  K9`p`DCK9. ..DCK
   115F0: 36 01 93 44 43 4B 37 01 A0 11 91 93 44 43 4B 32  6..DCK7.....DCK2
   11600: 01 93 44 43 4B 32 0A 04 A4 01 A4 00 14 2E 5F 53  ..DCK2........_S
   11610: 54 41 08 A0 24 43 4C 50 53 70 00 43 52 35 35 70  TA..$CLPSp.CR55p
   11620: 43 52 30 31 60 70 00 43 52 41 41 A0 09 7B 60 0A  CR01`p.CRAA..{`.
   11630: 04 00 A4 0A 0F A4 0A 0D A4 0A 0D 14 1F 5F 44 49  ............._DI
   11640: 53 08 70 00 43 52 35 35 70 7B 43 52 30 31 0A FB  S.p.CR55p{CR01..
   11650: 00 43 52 30 31 70 00 43 52 41 41 14 4C 0B 5F 43  .CR01p.CRAA.L._C
   11660: 52 53 08 08 42 55 46 30 11 10 0A 0D 47 01 00 00  RS..BUF0....G...
   11670: 00 00 01 08 22 01 00 79 00 A0 49 09 43 4C 50 53  ...."..y..I.CLPS
   11680: 8C 42 55 46 30 0A 02 49 4F 4C 30 8C 42 55 46 30  .BUF0..IOL0.BUF0
   11690: 0A 03 49 4F 48 30 8C 42 55 46 30 0A 04 49 4F 4C  ..IOH0.BUF0..IOL
   116A0: 31 8C 42 55 46 30 0A 05 49 4F 48 31 8C 42 55 46  1.BUF0..IOH1.BUF
   116B0: 30 0A 07 4C 45 4E 30 8B 42 55 46 30 0A 09 49 52  0..LEN0.BUF0..IR
   116C0: 51 57 70 00 43 52 35 35 79 43 52 32 33 0A 02 49  QWp.CR55yCR23..I
   116D0: 4F 4C 30 79 43 52 32 33 0A 02 49 4F 4C 31 7A 43  OL0yCR23..IOL1zC
   116E0: 52 32 33 0A 06 49 4F 48 30 7A 43 52 32 33 0A 06  R23..IOH0zCR23..
   116F0: 49 4F 48 31 70 0A 04 4C 45 4E 30 70 00 61 7B 43  IOH1p..LEN0p.a{C
   11700: 52 32 37 0A 0F 61 79 01 61 49 52 51 57 70 00 43  R27..ay.aIRQWp.C
   11710: 52 41 41 A4 42 55 46 30 08 5F 50 52 53 11 45 05  RAA.BUF0._PRS.E.
   11720: 0A 51 31 08 47 01 78 03 78 03 01 04 22 20 00 31  .Q1.G.x.x..." .1
   11730: 08 47 01 78 02 78 02 01 04 22 20 00 31 08 47 01  .G.x.x..." .1.G.
   11740: BC 03 BC 03 01 04 22 20 00 31 08 47 01 78 03 78  ......" .1.G.x.x
   11750: 03 01 04 22 80 00 31 08 47 01 78 02 78 02 01 04  ..."..1.G.x.x...
   11760: 22 80 00 31 08 47 01 BC 03 BC 03 01 04 22 80 00  "..1.G......."..
   11770: 38 79 00 14 42 0C 5F 53 52 53 09 A0 09 93 43 4C  8y..B._SRS....CL
   11780: 50 53 00 A4 00 8C 68 0A 02 49 4F 4C 30 8C 68 0A  PS....h..IOL0.h.
   11790: 03 49 4F 48 30 8B 68 0A 09 49 52 51 57 70 00 43  .IOH0.h..IRQWp.C
   117A0: 52 35 35 70 7B 43 52 30 31 0A FB 00 43 52 30 31  R55p{CR01...CR01
   117B0: 70 7A 49 4F 4C 30 0A 02 00 43 52 32 33 7D 43 52  pzIOL0...CR23}CR
   117C0: 32 33 79 49 4F 48 30 0A 06 00 43 52 32 33 82 49  23yIOH0...CR23.I
   117D0: 52 51 57 60 A0 0A 92 93 49 52 51 57 00 76 60 70  RQW`....IRQW.v`p
   117E0: 60 43 52 32 37 7B 49 4F 44 31 0A FC 49 4F 44 31  `CR27{IOD1..IOD1
   117F0: A0 28 93 49 4F 48 30 0A 03 A0 12 93 49 4F 4C 30  .(.IOH0.....IOL0
   11800: 0A 78 7D 49 4F 44 31 00 49 4F 44 31 A1 0C 7D 49  .x}IOD1.IOD1..}I
   11810: 4F 44 31 0A 02 49 4F 44 31 A1 0B 7D 49 4F 44 31  OD1..IOD1..}IOD1
   11820: 01 49 4F 44 31 7D 43 52 30 31 0A 04 43 52 30 31  .IOD1}CR01..CR01
   11830: 70 00 43 52 41 41 14 1F 5F 50 53 30 08 70 00 43  p.CRAA.._PS0.p.C
   11840: 52 35 35 70 7D 43 52 30 31 0A 04 00 43 52 30 31  R55p}CR01...CR01
   11850: 70 00 43 52 41 41 14 1F 5F 50 53 33 08 70 00 43  p.CRAA.._PS3.p.C
   11860: 52 35 35 70 7B 43 52 30 31 0A FB 00 43 52 30 31  R55p{CR01...CR01
   11870: 70 00 43 52 41 41 10 0C 5F 53 42 5F 14 06 5F 49  p.CRAA.._SB_.._I
   11880: 4E 49 00 10 4D 05 2E 5F 53 42 5F 50 43 49 30 5B  NI..M.._SB_PCI0[
   11890: 82 40 05 41 5F 43 43 08 5F 48 49 44 0D 53 4D 4F  .@.A_CC._HID.SMO
   118A0: 38 38 31 30 00 14 09 5F 53 54 41 00 A4 0A 0F 08  8810..._STA.....
   118B0: 5F 55 49 44 01 08 42 55 46 32 11 0E 0A 0B 89 06  _UID..BUF2......
   118C0: 00 03 01 17 00 00 00 79 00 14 0B 5F 43 52 53 08  .......y..._CRS.
   118D0: A4 42 55 46 32 14 0B 5F 53 52 53 09 A4 42 55 46  .BUF2.._SRS..BUF
   118E0: 32 10 43 04 5F 47 50 45 14 3C 5F 4C 30 44 00 86  2.C._GPE.<_L0D..
   118F0: 5C 2F 03 5F 53 42 5F 50 43 49 30 45 48 43 31 0A  \/._SB_PCI0EHC1.
   11900: 02 86 5C 2F 03 5F 53 42 5F 50 43 49 30 45 48 43  ..\/._SB_PCI0EHC
   11910: 32 0A 02 86 5C 2F 03 5F 53 42 5F 50 43 49 30 58  2...\/._SB_PCI0X
   11920: 48 43 5F 0A 02 10 1D 2E 5F 53 42 5F 50 43 49 30  HC_....._SB_PCI0
   11930: 14 12 55 50 52 57 00 70 47 45 4E 53 0A 18 01 00  ..UPRW.pGENS....
   11940: 60 A4 60 10 3D 2F 03 5F 53 42 5F 50 43 49 30 45  `.`.=/._SB_PCI0E
   11950: 48 43 31 14 2D 5F 50 52 57 00 70 55 50 52 57 60  HC1.-_PRW.pUPRW`
   11960: A0 0D 93 60 0A 03 A4 12 06 02 0A 0D 0A 03 A0 0B  ...`............
   11970: 93 60 01 A4 12 05 02 0A 0D 01 A4 12 05 02 0A 0D  .`..............
   11980: 00 10 3D 2F 03 5F 53 42 5F 50 43 49 30 45 48 43  ..=/._SB_PCI0EHC
   11990: 32 14 2D 5F 50 52 57 00 70 55 50 52 57 60 A0 0D  2.-_PRW.pUPRW`..
   119A0: 93 60 0A 03 A4 12 06 02 0A 0D 0A 03 A0 0B 93 60  .`.............`
   119B0: 01 A4 12 05 02 0A 0D 01 A4 12 05 02 0A 0D 00 10  ................
   119C0: 3D 2F 03 5F 53 42 5F 50 43 49 30 58 48 43 5F 14  =/._SB_PCI0XHC_.
   119D0: 2D 5F 50 52 57 00 70 55 50 52 57 60 A0 0D 93 60  -_PRW.pUPRW`...`
   119E0: 0A 03 A4 12 06 02 0A 0D 0A 04 A0 0B 93 60 01 A4  .............`..
   119F0: 12 05 02 0A 0D 01 A4 12 05 02 0A 0D 00 10 13 2F  .............../
   11A00: 04 5F 53 42 5F 50 43 49 30 53 41 54 30 50 52 54  ._SB_PCI0SAT0PRT
   11A10: 31 10 46 12 2F 04 5F 53 42 5F 50 43 49 30 4C 50  1.F./._SB_PCI0LP
   11A20: 43 42 45 43 44 56 14 41 11 43 4D 46 43 0C 08 5F  CBECDV.A.CMFC.._
   11A30: 54 5F 32 00 08 5F 54 5F 31 00 08 5F 54 5F 30 00  T_2.._T_1.._T_0.
   11A40: 08 52 54 56 4C 12 06 04 00 00 00 00 A2 46 0E 01  .RTVL........F..
   11A50: 70 99 68 00 5F 54 5F 30 A0 4C 0C 93 5F 54 5F 30  p.h._T_0.L.._T_0
   11A60: 0B 00 FE A2 41 0C 01 70 99 69 00 5F 54 5F 31 A0  ....A..p.i._T_1.
   11A70: 47 0A 93 5F 54 5F 31 01 A2 4E 09 01 70 99 6A 00  G.._T_1..N..p.j.
   11A80: 5F 54 5F 32 A0 3E 93 5F 54 5F 32 00 A0 12 92 93  _T_2.>._T_2.....
   11A90: 99 6B 00 00 70 0B 00 83 88 52 54 56 4C 00 00 A1  .k..p....RTVL...
   11AA0: 23 70 00 88 52 54 56 4C 00 00 70 49 44 4D 4E 88  #p..RTVL..pIDMN.
   11AB0: 52 54 56 4C 01 00 70 49 44 50 43 88 52 54 56 4C  RTVL..pIDPC.RTVL
   11AC0: 0A 02 00 A1 42 05 A0 42 04 93 5F 54 5F 32 0A 02  ....B..B.._T_2..
   11AD0: 70 00 88 52 54 56 4C 00 00 70 7A 44 4C 50 4E 0A  p..RTVL..pzDLPN.
   11AE0: 08 00 88 52 54 56 4C 01 00 70 7B 44 4C 50 4E 0A  ...RTVL..p{DLPN.
   11AF0: FF 00 88 52 54 56 4C 0A 02 00 70 00 88 52 54 56  ...RTVL...p..RTV
   11B00: 4C 0A 03 00 A4 52 54 56 4C A1 0C 70 0B 00 83 88  L....RTVL..p....
   11B10: 52 54 56 4C 00 00 A5 A1 0C 70 0B 00 80 88 52 54  RTVL.....p....RT
   11B20: 56 4C 00 00 A5 A1 0C 70 0B 00 80 88 52 54 56 4C  VL.....p....RTVL
   11B30: 00 00 A5 A4 52 54 56 4C 08 5F 53 30 5F 12 06 04  ....RTVL._S0_...
   11B40: 00 00 00 00 A0 12 53 53 33 5F 08 5F 53 33 5F 12  ......SS3_._S3_.
   11B50: 07 04 0A 05 00 00 00 A0 12 53 53 34 5F 08 5F 53  .........SS4_._S
   11B60: 34 5F 12 07 04 0A 06 00 00 00 08 5F 53 35 5F 12  4_........._S5_.
   11B70: 07 04 0A 07 00 00 00 14 2D 50 54 53 5F 01 A0 26  ........-PTS_..&
   11B80: 68 5C 2F 04 5F 53 42 5F 50 43 49 30 4C 50 43 42  h\/._SB_PCI0LPCB
   11B90: 53 50 54 53 68 5C 2F 03 5F 53 42 5F 50 43 49 30  SPTSh\/._SB_PCI0
   11BA0: 4E 50 54 53 68 14 2A 57 41 4B 5F 01 5C 2F 04 5F  NPTSh.*WAK_.\/._
   11BB0: 53 42 5F 50 43 49 30 4C 50 43 42 53 57 41 4B 68  SB_PCI0LPCBSWAKh
   11BC0: 5C 2F 03 5F 53 42 5F 50 43 49 30 4E 57 41 4B 68  \/._SB_PCI0NWAKh
   11BD0: 14 08 4F 53 43 4D 04 A4 00 14 06 50 49 4E 49 00  ..OSCM.....PINI.
   11BE0: 14 17 45 56 31 33 02 5C 2F 03 5F 53 42 5F 52 42  ..EV13.\/._SB_RB
   11BF0: 54 4E 4E 52 42 54 68 69 14 1B 45 56 39 5F 02 5C  TNNRBThi..EV9_.\
   11C00: 2F 04 5F 53 42 5F 50 43 49 30 47 46 58 30 49 42  /._SB_PCI0GFX0IB
   11C10: 4C 31 68 69 14 1F 45 56 31 30 02 5C 2F 05 5F 53  L1hi..EV10.\/._S
   11C20: 42 5F 50 43 49 30 50 45 47 30 50 45 47 50 45 56  B_PCI0PEG0PEGPEV
   11C30: 44 32 68 69 14 34 45 56 35 5F 02 5C 2F 04 5F 53  D2hi.4EV5_.\/._S
   11C40: 42 5F 50 43 49 30 47 46 58 30 42 52 54 36 68 69  B_PCI0GFX0BRT6hi
   11C50: 5C 2F 05 5F 53 42 5F 50 43 49 30 50 45 47 30 50  \/._SB_PCI0PEG0P
   11C60: 45 47 50 42 52 54 36 68 69 14 1B 45 56 38 5F 02  EGPBRT6hi..EV8_.
   11C70: 5C 2F 04 5F 53 42 5F 50 43 49 30 47 46 58 30 49  \/._SB_PCI0GFX0I
   11C80: 56 44 32 68 69 14 34 45 56 37 5F 02 5C 2F 04 5F  VD2hi.4EV7_.\/._
   11C90: 53 42 5F 50 43 49 30 47 46 58 30 49 56 44 31 68  SB_PCI0GFX0IVD1h
   11CA0: 69 5C 2F 05 5F 53 42 5F 50 43 49 30 50 45 47 30  i\/._SB_PCI0PEG0
   11CB0: 50 45 47 50 45 56 44 31 68 69 14 0C 45 56 34 5F  PEGPEVD1hi..EV4_
   11CC0: 02 57 4D 4E 46 68 69 14 44 08 45 56 33 5F 02 5C  .WMNFhi.D.EV3_.\
   11CD0: 2F 04 5F 53 42 5F 50 43 49 30 47 46 58 30 44 49  /._SB_PCI0GFX0DI
   11CE0: 4E 49 68 69 5C 2F 04 5F 53 42 5F 50 43 49 30 47  NIhi\/._SB_PCI0G
   11CF0: 46 58 30 56 49 4E 49 68 69 5C 2F 04 5F 53 42 5F  FX0VINIhi\/._SB_
   11D00: 50 43 49 30 4C 50 43 42 45 49 4E 49 68 69 5C 2F  PCI0LPCBEINIhi\/
   11D10: 05 5F 53 42 5F 50 43 49 30 50 45 47 30 50 45 47  ._SB_PCI0PEG0PEG
   11D20: 50 44 49 4E 49 68 69 5C 2F 05 5F 53 42 5F 50 43  PDINIhi\/._SB_PC
   11D30: 49 30 50 45 47 30 50 45 47 50 56 49 4E 49 68 69  I0PEG0PEGPVINIhi
   11D40: 5C 2E 5F 53 42 5F 53 4F 53 30 68 69 14 12 45 56  \._SB_SOS0hi..EV
   11D50: 31 32 02 5C 2E 5F 50 52 5F 50 50 43 45 68 69 14  12.\._PR_PPCEhi.
   11D60: 12 45 56 31 36 02 5C 2E 5F 53 42 5F 42 54 45 56  .EV16.\._SB_BTEV
   11D70: 68 69 14 21 45 56 31 5F 02 45 43 53 31 68 69 5C  hi.!EV1_.ECS1hi\
   11D80: 2F 04 5F 53 42 5F 50 43 49 30 47 46 58 30 49 56  /._SB_PCI0GFX0IV
   11D90: 44 34 68 69 14 1B 45 56 31 34 02 5C 2F 04 5F 53  D4hi..EV14.\/._S
   11DA0: 42 5F 50 43 49 30 4C 50 43 42 44 43 4B 34 68 69  B_PCI0LPCBDCK4hi
   11DB0: 14 1F 45 56 31 31 02 5C 2F 05 5F 53 42 5F 50 43  ..EV11.\/._SB_PC
   11DC0: 49 30 50 45 47 30 50 45 47 50 45 56 44 36 68 69  I0PEG0PEGPEVD6hi
   11DD0: 14 41 04 45 56 36 5F 02 5C 2E 5F 53 42 5F 42 54  .A.EV6_.\._SB_BT
   11DE0: 4E 56 68 69 5C 2F 04 5F 53 42 5F 50 43 49 30 47  NVhi\/._SB_PCI0G
   11DF0: 46 58 30 49 4C 44 45 68 69 5C 2F 05 5F 53 42 5F  FX0ILDEhi\/._SB_
   11E00: 50 43 49 30 50 45 47 30 50 45 47 50 45 56 44 33  PCI0PEG0PEGPEVD3
   11E10: 68 69 14 12 45 56 31 35 02 5C 2E 5F 53 42 5F 41  hi..EV15.\._SB_A
   11E20: 43 45 56 68 69 14 4B 08 45 56 32 5F 02 5C 2E 5F  CEVhi.K.EV2_.\._
   11E30: 47 50 45 4E 57 41 4B 68 69 5C 2E 5F 53 42 5F 43  GPENWAKhi\._SB_C
   11E40: 42 41 54 68 69 5C 2F 04 5F 53 42 5F 50 43 49 30  BAThi\/._SB_PCI0
   11E50: 47 46 58 30 49 56 44 33 68 69 5C 2F 04 5F 53 42  GFX0IVD3hi\/._SB
   11E60: 5F 50 43 49 30 4C 50 43 42 44 43 4B 35 68 69 5C  _PCI0LPCBDCK5hi\
   11E70: 2F 05 5F 53 42 5F 50 43 49 30 4C 50 43 42 45 43  /._SB_PCI0LPCBEC
   11E80: 44 56 45 43 4D 39 68 69 5C 2F 03 5F 53 42 5F 52  DVECM9hi\/._SB_R
   11E90: 42 54 4E 4E 52 42 54 68 69 5C 2E 5F 53 42 5F 53  BTNNRBThi\._SB_S
   11EA0: 4F 53 33 68 69 5C 2E 5F 53 42 5F 53 4F 53 34 68  OS3hi\._SB_SOS4h
   11EB0: 69                                               i

LPIT @ 0x0000000000000000
    0000: 4C 50 49 54 5C 00 00 00 01 16 44 45 4C 4C 20 20  LPIT\.....DELL  
    0010: 43 42 58 33 20 20 20 00 00 00 00 00 41 4D 49 2E  CBX3   .....AMI.
    0020: 05 00 00 00 00 00 00 00 38 00 00 00 00 00 00 00  ........8.......
    0030: 00 00 00 00 7F 01 02 00 60 00 00 00 00 00 00 00  ........`.......
    0040: 30 75 00 00 B8 0B 00 00 7F 40 00 00 32 06 00 00  0u.......@..2...
    0050: 00 00 00 00 00 00 00 00 00 00 00 00              ............

SSDT @ 0x0000000000000000
    0000: 53 53 44 54 47 04 00 00 01 14 53 61 74 61 52 65  SSDTG.....SataRe
    0010: 53 61 74 61 54 61 62 6C 00 10 00 00 49 4E 54 4C  SataTabl....INTL
    0020: 11 07 12 20 10 46 0A 5C 00 08 53 54 46 45 11 0A  ... .F.\..STFE..
    0030: 0A 07 10 06 00 00 00 00 EF 08 53 54 46 44 11 0A  ..........STFD..
    0040: 0A 07 90 06 00 00 00 00 EF 08 46 5A 54 46 11 0A  ..........FZTF..
    0050: 0A 07 00 00 00 00 00 00 F5 08 44 43 46 4C 11 0A  ..........DCFL..
    0060: 0A 07 C1 00 00 00 00 00 B1 08 53 54 46 46 11 0A  ..........STFF..
    0070: 0A 07 00 00 00 00 00 A0 00 08 53 43 42 46 11 03  ..........SCBF..
    0080: 0A 1C 08 43 4D 44 43 00 14 42 04 47 54 46 42 0A  ...CMDC..B.GTFB.
    0090: 77 43 4D 44 43 0A 38 60 5B 13 53 43 42 46 60 0A  wCMDC.8`[.SCBF`.
    00A0: 38 43 4D 44 58 77 43 4D 44 43 0A 07 60 8C 53 43  8CMDXwCMDC..`.SC
    00B0: 42 46 72 60 01 00 41 30 30 31 70 68 43 4D 44 58  BFr`..A001phCMDX
    00C0: 70 69 41 30 30 31 75 43 4D 44 43 10 4B 37 5C 2F  piA001uCMDC.K7\/
    00D0: 03 5F 53 42 5F 50 43 49 30 53 41 54 30 08 52 45  ._SB_PCI0SAT0.RE
    00E0: 47 46 01 14 12 5F 52 45 47 02 A0 0B 93 68 0A 02  GF..._REG....h..
    00F0: 70 69 52 45 47 46 08 54 4D 44 30 11 03 0A 14 8A  piREGF.TMD0.....
    0100: 54 4D 44 30 00 50 49 4F 30 8A 54 4D 44 30 0A 04  TMD0.PIO0.TMD0..
    0110: 44 4D 41 30 8A 54 4D 44 30 0A 08 50 49 4F 31 8A  DMA0.TMD0..PIO1.
    0120: 54 4D 44 30 0A 0C 44 4D 41 31 8A 54 4D 44 30 0A  TMD0..DMA1.TMD0.
    0130: 10 43 48 4E 46 14 32 5F 47 54 4D 00 70 0A 78 50  .CHNF.2_GTM.p.xP
    0140: 49 4F 30 70 0A 14 44 4D 41 30 70 0A 78 50 49 4F  IO0p..DMA0p.xPIO
    0150: 31 70 0A 14 44 4D 41 31 7D 43 48 4E 46 0A 05 43  1p..DMA1}CHNF..C
    0160: 48 4E 46 A4 54 4D 44 30 14 06 5F 53 54 4D 03 5B  HNF.TMD0.._STM.[
    0170: 82 4C 0E 53 50 54 30 08 5F 41 44 52 0B FF FF 14  .L.SPT0._ADR....
    0180: 4E 08 5F 53 44 44 01 08 46 46 53 30 11 0A 0A 07  N._SDD..FFS0....
    0190: 00 00 00 00 00 A0 00 8C 46 46 53 30 00 46 46 30  ........FFS0.FF0
    01A0: 30 8C 46 46 53 30 0A 06 46 46 30 36 A0 48 05 93  0.FFS0..FF06.H..
    01B0: 87 68 0B 00 02 A0 4F 04 92 93 48 46 53 45 00 8B  .h....O...HFSE..
    01C0: 68 0B 34 01 57 31 35 34 8B 68 0B 38 01 57 31 35  h.4.W154.h.8.W15
    01D0: 36 A0 33 7B 93 57 31 35 34 0B 28 10 93 7B 57 31  6.3{.W154.(..{W1
    01E0: 35 36 0B 00 40 00 0B 00 40 00 A0 1A 93 7B 57 31  56..@...@....{W1
    01F0: 35 36 0B 00 80 00 00 70 0A 5A 46 46 30 30 70 0A  56.....p.ZFF00p.
    0200: EF 46 46 30 36 70 46 46 53 30 53 54 46 46 14 4E  .FF06pFFS0STFF.N
    0210: 04 5F 47 54 46 00 70 00 43 4D 44 43 A0 14 91 44  ._GTF.p.CMDC...D
    0220: 53 53 50 46 48 50 50 47 54 46 42 53 54 46 44 0A  SSPFHPPGTFBSTFD.
    0230: 06 A1 0B 47 54 46 42 53 54 46 45 0A 06 47 54 46  ...GTFBSTFE..GTF
    0240: 42 46 5A 54 46 00 47 54 46 42 44 43 46 4C 00 47  BFZTF.GTFBDCFL.G
    0250: 54 46 42 53 54 46 46 00 A4 53 43 42 46 5B 82 40  TFBSTFF..SCBF[.@
    0260: 0E 53 50 54 31 08 5F 41 44 52 0C FF FF 01 00 14  .SPT1._ADR......
    0270: 40 08 5F 53 44 44 01 08 46 46 53 30 11 0A 0A 07  @._SDD..FFS0....
    0280: 00 00 00 00 00 A0 00 8C 46 46 53 30 00 46 46 30  ........FFS0.FF0
    0290: 30 8C 46 46 53 30 0A 06 46 46 30 36 A0 4A 04 93  0.FFS0..FF06.J..
    02A0: 87 68 0B 00 02 A0 41 04 92 93 48 46 53 45 00 8B  .h....A...HFSE..
    02B0: 68 0B 34 01 57 31 35 34 8B 68 0B 38 01 57 31 35  h.4.W154.h.8.W15
    02C0: 36 A0 25 7B 93 57 31 35 34 0B 28 10 93 7B 57 31  6.%{.W154.(..{W1
    02D0: 35 36 0B 00 40 00 0B 00 40 00 A0 0C 93 7B 57 31  56..@...@....{W1
    02E0: 35 36 0B 00 80 00 00 70 46 46 53 30 53 54 46 46  56.....pFFS0STFF
    02F0: 14 4E 04 5F 47 54 46 00 70 00 43 4D 44 43 A0 14  .N._GTF.p.CMDC..
    0300: 91 44 53 53 50 46 48 50 50 47 54 46 42 53 54 46  .DSSPFHPPGTFBSTF
    0310: 44 0A 06 A1 0B 47 54 46 42 53 54 46 45 0A 06 47  D....GTFBSTFE..G
    0320: 54 46 42 46 5A 54 46 00 47 54 46 42 44 43 46 4C  TFBFZTF.GTFBDCFL
    0330: 00 47 54 46 42 53 54 46 46 00 A4 53 43 42 46 5B  .GTFBSTFF..SCBF[
    0340: 82 46 05 53 50 54 33 08 5F 41 44 52 0C FF FF 03  .F.SPT3._ADR....
    0350: 00 14 45 04 5F 47 54 46 00 70 00 43 4D 44 43 A0  ..E._GTF.p.CMDC.
    0360: 14 91 44 53 53 50 46 48 50 50 47 54 46 42 53 54  ..DSSPFHPPGTFBST
    0370: 46 44 0A 06 A1 0B 47 54 46 42 53 54 46 45 0A 06  FD....GTFBSTFE..
    0380: 47 54 46 42 46 5A 54 46 00 47 54 46 42 44 43 46  GTFBFZTF.GTFBDCF
    0390: 4C 00 A4 53 43 42 46 5B 82 46 05 53 50 54 34 08  L..SCBF[.F.SPT4.
    03A0: 5F 41 44 52 0C FF FF 04 00 14 45 04 5F 47 54 46  _ADR......E._GTF
    03B0: 00 70 00 43 4D 44 43 A0 14 91 44 53 53 50 46 48  .p.CMDC...DSSPFH
    03C0: 50 50 47 54 46 42 53 54 46 44 0A 06 A1 0B 47 54  PPGTFBSTFD....GT
    03D0: 46 42 53 54 46 45 0A 06 47 54 46 42 46 5A 54 46  FBSTFE..GTFBFZTF
    03E0: 00 47 54 46 42 44 43 46 4C 00 A4 53 43 42 46 5B  .GTFBDCFL..SCBF[
    03F0: 82 46 05 53 50 54 35 08 5F 41 44 52 0C FF FF 05  .F.SPT5._ADR....
    0400: 00 14 45 04 5F 47 54 46 00 70 00 43 4D 44 43 A0  ..E._GTF.p.CMDC.
    0410: 14 91 44 53 53 50 46 48 50 50 47 54 46 42 53 54  ..DSSPFHPPGTFBST
    0420: 46 44 0A 06 A1 0B 47 54 46 42 53 54 46 45 0A 06  FD....GTFBSTFE..
    0430: 47 54 46 42 46 5A 54 46 00 47 54 46 42 44 43 46  GTFBFZTF.GTFBDCF
    0440: 4C 00 A4 53 43 42 46                             L..SCBF

SSDT @ 0x0000000000000000
    0000: 53 53 44 54 1F 05 00 00 01 B7 50 6D 52 65 66 00  SSDT......PmRef.
    0010: 43 70 75 30 49 73 74 00 00 30 00 00 49 4E 54 4C  Cpu0Ist..0..INTL
    0020: 11 07 12 20 10 4A 4F 5C 2E 5F 50 52 5F 43 50 55  ... .JO\._PR_CPU
    0030: 30 08 5F 50 50 43 00 14 46 04 5F 50 43 54 00 A0  0._PPC..F._PCT..
    0040: 3E 90 7B 43 46 47 44 01 00 7B 50 44 43 30 01 00  >.{CFGD..{PDC0..
    0050: A4 12 2C 02 11 14 0A 11 82 0C 00 7F 00 00 00 00  ..,.............
    0060: 00 00 00 00 00 00 00 79 00 11 14 0A 11 82 0C 00  .......y........
    0070: 7F 00 00 00 00 00 00 00 00 00 00 00 79 00 08 5F  ............y.._
    0080: 50 53 53 12 43 21 10 12 20 06 0C 81 0C 00 00 0C  PSS.C!.. .......
    0090: A8 DE 00 00 0C 0A 00 00 00 0C 0A 00 00 00 0C 00  ................
    00A0: FF 00 00 0C 00 FF 00 00 12 20 06 0C 80 0C 00 00  ......... ......
    00B0: 0C A8 DE 00 00 0C 0A 00 00 00 0C 0A 00 00 00 0C  ................
    00C0: 00 20 00 00 0C 00 20 00 00 12 20 06 0C B8 0B 00  . .... ... .....
    00D0: 00 0C 60 CA 00 00 0C 0A 00 00 00 0C 0A 00 00 00  ..`.............
    00E0: 0C 00 1E 00 00 0C 00 1E 00 00 12 20 06 0C 54 0B  ........... ..T.
    00F0: 00 00 0C 98 C1 00 00 0C 0A 00 00 00 0C 0A 00 00  ................
    0100: 00 0C 00 1D 00 00 0C 00 1D 00 00 12 20 06 0C 8C  ............ ...
    0110: 0A 00 00 0C 85 B0 00 00 0C 0A 00 00 00 0C 0A 00  ................
    0120: 00 00 0C 00 1B 00 00 0C 00 1B 00 00 12 20 06 0C  ............. ..
    0130: C4 09 00 00 0C 1F A0 00 00 0C 0A 00 00 00 0C 0A  ................
    0140: 00 00 00 0C 00 19 00 00 0C 00 19 00 00 12 20 06  .............. .
    0150: 0C FC 08 00 00 0C 4F 8E 00 00 0C 0A 00 00 00 0C  ......O.........
    0160: 0A 00 00 00 0C 00 17 00 00 0C 00 17 00 00 12 20  ............... 
    0170: 06 0C D0 07 00 00 0C DB 77 00 00 0C 0A 00 00 00  ........w.......
    0180: 0C 0A 00 00 00 0C 00 14 00 00 0C 00 14 00 00 12  ................
    0190: 20 06 0C 6C 07 00 00 0C AB 70 00 00 0C 0A 00 00   ..l.....p......
    01A0: 00 0C 0A 00 00 00 0C 00 13 00 00 0C 00 13 00 00  ................
    01B0: 12 20 06 0C 08 07 00 00 0C A0 69 00 00 0C 0A 00  . ........i.....
    01C0: 00 00 0C 0A 00 00 00 0C 00 12 00 00 0C 00 12 00  ................
    01D0: 00 12 20 06 0C A4 06 00 00 0C BB 62 00 00 0C 0A  .. ........b....
    01E0: 00 00 00 0C 0A 00 00 00 0C 00 11 00 00 0C 00 11  ................
    01F0: 00 00 12 20 06 0C DC 05 00 00 0C 96 53 00 00 0C  ... ........S...
    0200: 0A 00 00 00 0C 0A 00 00 00 0C 00 0F 00 00 0C 00  ................
    0210: 0F 00 00 12 20 06 0C 14 05 00 00 0C DD 46 00 00  .... ........F..
    0220: 0C 0A 00 00 00 0C 0A 00 00 00 0C 00 0D 00 00 0C  ................
    0230: 00 0D 00 00 12 20 06 0C 4C 04 00 00 0C B4 3A 00  ..... ..L.....:.
    0240: 00 0C 0A 00 00 00 0C 0A 00 00 00 0C 00 0B 00 00  ................
    0250: 0C 00 0B 00 00 12 20 06 0C E8 03 00 00 0C D8 34  ...... ........4
    0260: 00 00 0C 0A 00 00 00 0C 0A 00 00 00 0C 00 0A 00  ................
    0270: 00 0C 00 0A 00 00 12 20 06 0C 20 03 00 00 0C 83  ....... .. .....
    0280: 29 00 00 0C 0A 00 00 00 0C 0A 00 00 00 0C 00 08  )...............
    0290: 00 00 0C 00 08 00 00 12 20 06 0C 00 00 00 80 0C  ........ .......
    02A0: 00 00 00 80 0C 00 00 00 80 0C 00 00 00 80 0C 00  ................
    02B0: 00 00 80 0C 00 00 00 80 12 20 06 0C 00 00 00 80  ......... ......
    02C0: 0C 00 00 00 80 0C 00 00 00 80 0C 00 00 00 80 0C  ................
    02D0: 00 00 00 80 0C 00 00 00 80 12 20 06 0C 00 00 00  .......... .....
    02E0: 80 0C 00 00 00 80 0C 00 00 00 80 0C 00 00 00 80  ................
    02F0: 0C 00 00 00 80 0C 00 00 00 80 12 20 06 0C 00 00  ........... ....
    0300: 00 80 0C 00 00 00 80 0C 00 00 00 80 0C 00 00 00  ................
    0310: 80 0C 00 00 00 80 0C 00 00 00 80 12 20 06 0C 00  ............ ...
    0320: 00 00 80 0C 00 00 00 80 0C 00 00 00 80 0C 00 00  ................
    0330: 00 80 0C 00 00 00 80 0C 00 00 00 80 12 20 06 0C  ............. ..
    0340: 00 00 00 80 0C 00 00 00 80 0C 00 00 00 80 0C 00  ................
    0350: 00 00 80 0C 00 00 00 80 0C 00 00 00 80 12 20 06  .............. .
    0360: 0C 00 00 00 80 0C 00 00 00 80 0C 00 00 00 80 0C  ................
    0370: 00 00 00 80 0C 00 00 00 80 0C 00 00 00 80 12 20  ............... 
    0380: 06 0C 00 00 00 80 0C 00 00 00 80 0C 00 00 00 80  ................
    0390: 0C 00 00 00 80 0C 00 00 00 80 0C 00 00 00 80 12  ................
    03A0: 20 06 0C 00 00 00 80 0C 00 00 00 80 0C 00 00 00   ...............
    03B0: 80 0C 00 00 00 80 0C 00 00 00 80 0C 00 00 00 80  ................
    03C0: 12 20 06 0C 00 00 00 80 0C 00 00 00 80 0C 00 00  . ..............
    03D0: 00 80 0C 00 00 00 80 0C 00 00 00 80 0C 00 00 00  ................
    03E0: 80 12 20 06 0C 00 00 00 80 0C 00 00 00 80 0C 00  .. .............
    03F0: 00 00 80 0C 00 00 00 80 0C 00 00 00 80 0C 00 00  ................
    0400: 00 80 12 20 06 0C 00 00 00 80 0C 00 00 00 80 0C  ... ............
    0410: 00 00 00 80 0C 00 00 00 80 0C 00 00 00 80 0C 00  ................
    0420: 00 00 80 12 20 06 0C 00 00 00 80 0C 00 00 00 80  .... ...........
    0430: 0C 00 00 00 80 0C 00 00 00 80 0C 00 00 00 80 0C  ................
    0440: 00 00 00 80 12 20 06 0C 00 00 00 80 0C 00 00 00  ..... ..........
    0450: 80 0C 00 00 00 80 0C 00 00 00 80 0C 00 00 00 80  ................
    0460: 0C 00 00 00 80 12 20 06 0C 00 00 00 80 0C 00 00  ...... .........
    0470: 00 80 0C 00 00 00 80 0C 00 00 00 80 0C 00 00 00  ................
    0480: 80 0C 00 00 00 80 12 20 06 0C 00 00 00 80 0C 00  ....... ........
    0490: 00 00 80 0C 00 00 00 80 0C 00 00 00 80 0C 00 00  ................
    04A0: 00 80 0C 00 00 00 80 08 50 53 44 46 00 14 4B 04  ........PSDF..K.
    04B0: 5F 50 53 44 00 A0 2E 92 50 53 44 46 70 54 43 4E  _PSD....PSDFpTCN
    04C0: 54 88 83 88 48 50 53 44 00 00 0A 04 00 70 54 43  T...HPSD.....pTC
    04D0: 4E 54 88 83 88 53 50 53 44 00 00 0A 04 00 70 FF  NT...SPSD.....p.
    04E0: 50 53 44 46 A0 0F 7B 50 44 43 30 0B 00 08 00 A4  PSDF..{PDC0.....
    04F0: 48 50 53 44 A4 53 50 53 44 08 48 50 53 44 12 0D  HPSD.SPSD.HPSD..
    0500: 01 12 0A 05 0A 05 00 00 0A FE 0A 80 08 53 50 53  .............SPS
    0510: 44 12 0D 01 12 0A 05 0A 05 00 00 0A FC 0A 80     D..............

DMAR @ 0x0000000000000000
    0000: 44 4D 41 52 B8 00 00 00 01 EB 49 4E 54 45 4C 20  DMAR......INTEL 
    0010: 48 53 57 20 00 00 00 00 01 00 00 00 49 4E 54 4C  HSW ........INTL
    0020: 01 00 00 00 26 01 00 00 00 00 00 00 00 00 00 00  ....&...........
    0030: 00 00 18 00 00 00 00 00 00 00 D9 FE 00 00 00 00  ................
    0040: 01 08 00 00 00 00 02 00 00 00 20 00 01 00 00 00  .......... .....
    0050: 00 10 D9 FE 00 00 00 00 03 08 00 00 08 F0 1F 00  ................
    0060: 04 08 00 00 00 F0 0F 00 01 00 30 00 00 00 00 00  ..........0.....
    0070: 00 90 F1 C7 00 00 00 00 FF 7F F2 C7 00 00 00 00  ................
    0080: 01 08 00 00 00 00 1D 00 01 08 00 00 00 00 1A 00  ................
    0090: 01 08 00 00 00 00 14 00 01 00 20 00 00 00 00 00  .......... .....
    00A0: 00 00 00 CD 00 00 00 00 FF FF 1F CF 00 00 00 00  ................
    00B0: 01 08 00 00 00 00 02 00                          ........

FACP @ 0x0000000000000000
    0000: 46 41 43 50 0C 01 00 00 05 36 44 45 4C 4C 20 20  FACP.....6DELL  
    0010: 43 42 58 33 20 20 20 00 09 20 07 01 41 4D 49 20  CBX3   .. ..AMI 
    0020: 13 00 01 00 80 E0 7F CA C8 31 FD C8 01 02 09 00  .........1......
    0030: B2 00 00 00 D5 D6 00 00 00 18 00 00 00 00 00 00  ................
    0040: 04 18 00 00 00 00 00 00 50 18 00 00 08 18 00 00  ........P.......
    0050: 20 18 00 00 00 00 00 00 04 02 01 04 10 00 00 00   ...............
    0060: 65 00 E9 03 00 04 10 00 00 00 0D 00 32 12 00 00  e...........2...
    0070: A5 86 03 00 01 08 00 00 B2 00 00 00 00 00 00 00  ................
    0080: 73 00 00 00 00 00 00 00 00 00 00 00 C8 31 FD C8  s............1..
    0090: 00 00 00 00 01 20 00 02 00 18 00 00 00 00 00 00  ..... ..........
    00A0: 01 00 00 02 00 00 00 00 00 00 00 00 01 10 00 02  ................
    00B0: 04 18 00 00 00 00 00 00 01 00 00 02 00 00 00 00  ................
    00C0: 00 00 00 00 01 08 00 01 50 18 00 00 00 00 00 00  ........P.......
    00D0: 01 20 00 03 08 18 00 00 00 00 00 00 01 80 00 01  . ..............
    00E0: 20 18 00 00 00 00 00 00 01 00 00 01 00 00 00 00   ...............
    00F0: 00 00 00 00 00 00 00 00 00 00 00 00 00 00 00 00  ................
    0100: 00 00 00 00 00 00 00 00 00 00 00 00              ............

FPDT @ 0x0000000000000000
    0000: 46 50 44 54 44 00 00 00 01 B5 44 45 4C 4C 20 20  FPDTD.....DELL  
    0010: 43 42 58 33 20 20 20 00 09 20 07 01 41 4D 49 20  CBX3   .. ..AMI 
    0020: 13 00 01 00 01 00 10 01 00 00 00 00 18 F0 F5 C7  ................
    0030: 00 00 00 00 00 00 10 01 00 00 00 00 38 F0 F5 C7  ............8...
    0040: 00 00 00 00                                      ....

SSDT @ 0x0000000000000000
    0000: 53 53 44 54 28 02 00 00 01 AF 49 4E 54 45 4C 00  SSDT(.....INTEL.
    0010: 73 65 6E 73 72 68 75 62 00 00 00 00 49 4E 54 4C  sensrhub....INTL
    0020: 11 07 12 20 10 43 20 5C 00 5B 82 4D 1F 53 48 41  ... .C \.[.M.SHA
    0030: 44 08 5F 48 49 44 0C 25 D4 33 D0 08 5F 43 49 44  D._HID.%.3.._CID
    0040: 0C 41 D0 0C 02 14 1C 5F 53 54 41 08 A0 13 91 7B  .A....._STA....{
    0050: 53 44 53 30 01 00 7B 55 53 42 48 01 00 A4 0A 0F  SDS0..{USBH.....
    0060: A4 00 14 45 1C 5F 44 53 4D 0C 08 5F 54 5F 30 00  ...E._DSM.._T_0.
    0070: 08 50 47 43 45 00 08 50 47 43 44 00 08 44 46 55  .PGCE..PGCD..DFU
    0080: 45 00 08 44 46 55 44 00 08 4F 4C 44 56 00 08 50  E..DFUD..OLDV..P
    0090: 47 43 56 00 08 44 46 55 56 00 A0 4B 18 93 68 11  GCV..DFUV..K..h.
    00A0: 13 0A 10 D5 68 C8 03 3F 56 A8 42 9F 57 9A 18 D9  ....h..?V.B.W...
    00B0: 49 B7 CB A0 40 17 93 01 99 69 00 A2 46 16 01 70  I...@....i..F..p
    00C0: 99 6A 00 5F 54 5F 30 A0 0C 93 5F 54 5F 30 00 A4  .j._T_0..._T_0..
    00D0: 11 03 01 0F A1 4C 14 A0 4E 0A 93 5F 54 5F 30 01  .....L..N.._T_0.
    00E0: 70 83 88 6B 00 00 50 47 43 45 70 83 88 6B 01 00  p..k..PGCEp..k..
    00F0: 50 47 43 44 70 5C 2E 5F 53 42 5F 52 44 47 50 0A  PGCDp\._SB_RDGP.
    0100: 2E 4F 4C 44 56 5C 2E 5F 53 42 5F 57 54 47 50 0A  .OLDV\._SB_WTGP.
    0110: 2E 50 47 43 45 A0 1D 94 50 47 43 44 00 5B 22 50  .PGCE...PGCD.["P
    0120: 47 43 44 5C 2E 5F 53 42 5F 57 54 47 50 0A 2E 4F  GCD\._SB_WTGP..O
    0130: 4C 44 56 A0 40 05 93 5C 2E 5F 53 42 5F 52 44 47  LDV.@..\._SB_RDG
    0140: 50 0A 2E 01 5B 22 0A 96 A0 24 93 5C 2E 5F 53 42  P...["...$.\._SB
    0150: 5F 52 44 47 50 0A 2C 01 86 5C 2F 04 5F 53 42 5F  _RDGP.,..\/._SB_
    0160: 50 43 49 30 49 32 43 30 53 48 55 42 01 A1 16 86  PCI0I2C0SHUB....
    0170: 5C 2F 04 5F 53 42 5F 50 43 49 30 49 32 43 30 44  \/._SB_PCI0I2C0D
    0180: 46 55 44 01 A4 00 A1 4A 09 A0 4E 05 93 5F 54 5F  FUD....J..N.._T_
    0190: 30 0A 02 70 83 88 6B 00 00 44 46 55 45 70 83 88  0..p..k..DFUEp..
    01A0: 6B 01 00 44 46 55 44 70 5C 2E 5F 53 42 5F 52 44  k..DFUDp\._SB_RD
    01B0: 47 50 0A 2C 4F 4C 44 56 5C 2E 5F 53 42 5F 57 54  GP.,OLDV\._SB_WT
    01C0: 47 50 0A 2C 44 46 55 45 A0 1D 94 44 46 55 44 00  GP.,DFUE...DFUD.
    01D0: 5B 22 44 46 55 44 5C 2E 5F 53 42 5F 57 54 47 50  ["DFUD\._SB_WTGP
    01E0: 0A 2C 4F 4C 44 56 A4 00 A1 38 A0 36 93 5F 54 5F  .,OLDV...8.6._T_
    01F0: 30 0A 03 70 5C 2E 5F 53 42 5F 52 44 47 50 0A 2C  0..p\._SB_RDGP.,
    0200: 44 46 55 56 70 5C 2E 5F 53 42 5F 52 44 47 50 0A  DFUVp\._SB_RDGP.
    0210: 2E 50 47 43 56 A4 12 0A 02 50 47 43 56 44 46 55  .PGCV....PGCVDFU
    0220: 56 A5 A4 00 A4 00 A4 00                          V.......

HPET @ 0x0000000000000000
    0000: 48 50 45 54 38 00 00 00 01 A9 44 45 4C 4C 20 20  HPET8.....DELL  
    0010: 43 42 58 33 20 20 20 00 09 20 07 01 41 4D 49 2E  CBX3   .. ..AMI.
    0020: 05 00 00 00 01 A7 86 80 00 40 00 00 00 00 D0 FE  .........@......
    0030: 00 00 00 00 00 EE 37 00                          ......7.

SSDT @ 0x0000000000000000
    0000: 53 53 44 54 79 1E 00 00 01 88 4E 76 64 52 65 66  SSDTy.....NvdRef
    0010: 4E 76 64 54 61 62 6C 00 00 10 00 00 49 4E 54 4C  NvdTabl.....INTL
    0020: 11 07 12 20 10 49 17 5C 2F 04 5F 53 42 5F 50 43  ... .I.\/._SB_PC
    0030: 49 30 50 45 47 30 50 45 47 50 5B 80 4E 56 48 4D  I0PEG0PEGP[.NVHM
    0040: 00 4E 56 48 41 0C 00 04 02 00 5B 81 42 12 4E 56  .NVHA.....[.B.NV
    0050: 48 4D 00 4E 56 53 47 40 08 4E 56 53 5A 20 4E 56  HM.NVSG@.NVSZ NV
    0060: 56 52 20 00 40 74 4E 56 48 4F 20 52 56 42 53 20  VR .@tNVHO RVBS 
    0070: 00 40 3C 54 4E 44 49 08 44 47 4E 44 08 49 47 4E  .@<TNDI.DGND.IGN
    0080: 44 08 00 48 06 00 40 10 44 44 49 31 20 44 44 49  D..H..@.DDI1 DDI
    0090: 32 20 44 44 49 33 20 44 44 49 34 20 44 44 49 35  2 DDI3 DDI4 DDI5
    00A0: 20 44 44 49 36 20 44 44 49 37 20 44 44 49 38 20   DDI6 DDI7 DDI8 
    00B0: 00 40 18 47 41 43 44 10 47 41 54 44 10 00 40 2E  .@.GACD.GATD..@.
    00C0: 44 43 50 31 20 44 43 50 32 20 44 43 50 33 20 44  DCP1 DCP2 DCP3 D
    00D0: 43 50 34 20 44 43 50 35 20 44 43 50 36 20 44 43  CP4 DCP5 DCP6 DC
    00E0: 50 37 20 44 43 50 38 20 44 43 41 31 20 44 43 41  P7 DCP8 DCA1 DCA
    00F0: 32 20 44 43 41 33 20 44 43 41 34 20 44 43 41 35  2 DCA3 DCA4 DCA5
    0100: 20 44 43 41 36 20 44 43 41 37 20 44 43 41 38 20   DCA6 DCA7 DCA8 
    0110: 44 4E 41 31 20 44 4E 41 32 20 44 4E 41 33 20 44  DNA1 DNA2 DNA3 D
    0120: 4E 41 34 20 44 4E 41 35 20 44 4E 41 36 20 44 4E  NA4 DNA5 DNA6 DN
    0130: 41 37 20 44 4E 41 38 20 00 40 80 52 41 50 4D 08  A7 DNA8 .@.RAPM.
    0140: 45 41 50 4D 08 54 53 4C 43 10 44 4E 44 49 08 00  EAPM.TSLC.DNDI..
    0150: 48 1D 52 42 46 31 80 00 40 52 42 46 32 80 00 40  H.RBF1..@RBF2..@
    0160: 52 42 46 33 80 00 40 52 42 46 34 80 00 40 5B 80  RBF3..@RBF4..@[.
    0170: 44 47 50 56 02 0A 00 0A 04 5B 81 0B 44 47 50 56  DGPV.....[..DGPV
    0180: 00 56 45 4E 44 20 5B 80 44 47 50 53 02 0A 2C 0A  .VEND [.DGPS..,.
    0190: 04 5B 81 0B 44 47 50 53 00 53 56 49 44 20 10 2E  .[..DGPS.SVID ..
    01A0: 5C 2E 5F 53 42 5F 50 43 49 30 08 4F 54 4D 5F 0D  \._SB_PCI0.OTM_.
    01B0: 4F 54 4D 41 43 50 49 20 32 30 31 30 2D 4D 61 72  OTMACPI 2010-Mar
    01C0: 2D 30 39 20 31 32 3A 30 38 3A 32 36 00 10 1A 5C  -09 12:08:26...\
    01D0: 2F 03 5F 53 42 5F 50 43 49 30 50 45 47 30 14 09  /._SB_PCI0PEG0..
    01E0: 5F 53 54 41 00 A4 0A 0F 10 80 C9 01 5C 2F 04 5F  _STA........\/._
    01F0: 53 42 5F 50 43 49 30 50 45 47 30 50 45 47 50 5B  SB_PCI0PEG0PEGP[
    0200: 80 4E 50 43 49 02 0A 80 0A 80 5B 81 10 4E 50 43  .NPCI.....[..NPC
    0210: 49 00 00 40 04 00 05 4C 4E 4B 44 01 5B 80 52 50  I..@...LNKD.[.RP
    0220: 43 49 00 0C 00 80 00 F8 0B 00 10 5B 81 4D 0F 52  CI.........[.M.R
    0230: 50 43 49 13 00 40 58 41 53 50 4D 02 00 02 4C 4E  PCI..@XASPM...LN
    0240: 4B 4D 01 00 01 52 43 43 43 01 00 49 A5 00 09 53  KM...RCCC..I...S
    0250: 47 4C 31 01 00 46 0B 00 10 4C 4E 4B 53 04 00 4C  GL1..F...LNKS..L
    0260: 06 00 08 44 51 44 41 01 00 87 01 05 48 43 4C 51  ...DQDA.....HCLQ
    0270: 01 00 4F 05 00 1E 50 45 44 51 01 50 49 44 51 01  ..O...PEDQ.PIDQ.
    0280: 00 40 E2 00 01 50 45 50 4F 03 00 4C 05 00 1F 52  .@...PEPO..L...R
    0290: 4F 45 30 01 00 40 0E 00 1F 52 4F 45 31 01 00 40  OE0..@...ROE1..@
    02A0: 0E 00 1F 52 4F 45 32 01 00 40 0E 00 1F 52 4F 45  ...ROE2..@...ROE
    02B0: 33 01 00 40 0E 00 1F 52 4F 45 34 01 00 40 0E 00  3..@...ROE4..@..
    02C0: 1F 52 4F 45 35 01 00 40 0E 00 1F 52 4F 45 36 01  .ROE5..@...ROE6.
    02D0: 00 40 0E 00 1F 52 4F 45 37 01 00 40 0E 00 1F 52  .@...ROE7..@...R
    02E0: 4F 45 38 01 00 40 0E 00 1F 52 4F 45 39 01 00 40  OE8..@...ROE9..@
    02F0: 0E 00 1F 52 4F 45 41 01 00 40 0E 00 1F 52 4F 45  ...ROEA..@...ROE
    0300: 42 01 00 40 0E 00 1F 52 4F 45 43 01 00 40 0E 00  B..@...ROEC..@..
    0310: 1F 52 4F 45 44 01 00 40 0E 00 1F 52 4F 45 45 01  .ROED..@...ROEE.
    0320: 00 40 0E 00 1F 52 4F 45 46 01 5B 80 44 4D 49 42  .@...ROEF.[.DMIB
    0330: 00 0C 00 80 D1 FE 0B 00 10 5B 81 1D 44 4D 49 42  .........[..DMIB
    0340: 13 00 80 1A 06 4C 4C 47 45 01 00 1C 50 43 47 45  .....LLGE...PCGE
    0350: 01 00 01 4C 47 47 45 01 5B 80 50 45 47 52 00 0C  ...LGGE.[.PEGR..
    0360: 00 80 00 F8 0B 00 01 5B 81 0C 50 45 47 52 03 50  .......[..PEGR.P
    0370: 52 45 47 40 80 5B 80 56 47 41 52 00 0C 00 00 10  REG@.[.VGAR.....
    0380: F8 0B 00 01 5B 81 0C 56 47 41 52 03 56 52 45 47  ....[..VGAR.VREG
    0390: 40 80 08 50 45 47 42 11 45 0A 0B 00 01 00 FF FF  @..PEGB.E.......
    03A0: FF FF FF FF 00 00 FF FF FF FF FF FF 00 00 FF FF  ................
    03B0: FF FF FF FF 00 00 FF FF FF FF FF FF 00 00 FF FF  ................
    03C0: FF FF FF FF 00 00 FF FF FF FF FF FF 00 00 FF FF  ................
    03D0: FF FF FF FF 00 00 FF FF FF FF FF FF 00 00 FF FF  ................
    03E0: FF FF FF FF 00 00 FF FF FF FF FF FF 00 00 FF FF  ................
    03F0: FF FF FF FF 00 00 FF FF FF FF FF FF 00 00 FF FF  ................
    0400: FF FF FF FF 00 00 FF FF FF FF FF FF 00 00 FF FF  ................
    0410: FF FF FF FF 00 00 FF FF FF FF FF FF 00 00 FF FF  ................
    0420: FF FF FF FF 00 00 FF FF FF FF FF FF 00 00 FF FF  ................
    0430: FF FF FF FF 00 00 FF FF FF FF FF FF 00 08 56 47  ..............VG
    0440: 41 42 11 45 0A 0B 00 01 00 FF FF FF FF FF FF 00  AB.E............
    0450: 00 FF FF FF FF FF FF 00 00 FF FF FF FF FF FF 00  ................
    0460: 00 FF FF FF FF FF FF 00 00 FF FF FF FF FF FF 00  ................
    0470: 00 FF FF FF FF FF FF 00 00 FF FF FF FF FF FF 00  ................
    0480: 00 FF FF FF FF FF FF 00 00 FF FF FF FF FF FF 00  ................
    0490: 00 FF FF FF FF FF FF 00 00 FF FF FF FF FF FF 00  ................
    04A0: 00 FF FF FF FF FF FF 00 00 FF FF FF FF FF FF 00  ................
    04B0: 00 FF FF FF FF FF FF 00 00 FF FF FF FF FF FF 00  ................
    04C0: 00 FF FF FF FF FF FF 00 00 FF FF FF FF FF FF 00  ................
    04D0: 00 FF FF FF FF FF FF 00 00 FF FF FF FF FF FF 00  ................
    04E0: 00 FF FF FF FF FF FF 00 08 4C 33 44 54 12 22 10  .........L3DT.".
    04F0: 0A 25 0A 1B 0A A2 0A 44 0A 17 0A 62 0A 17 0A 46  .%.....D...b...F
    0500: 0A BF 0A B7 0A 41 0A 51 0A 4C 0A EA 0A C2 0A 41  .....A.Q.L.....A
    0510: 08 4C 33 44 30 12 22 10 0A 93 0A 3B 0A 54 0A 4D  .L3D0."....;.T.M
    0520: 0A 54 0A D0 0A 7D 0A 51 0A 8E 0A EB 0A 78 0A 20  .T...}.Q.....x. 
    0530: 0A 3A 0A E4 0A D2 0A 59 08 4C 33 44 31 12 22 10  .:.....Y.L3D1.".
    0540: 0A 92 0A 01 0A 4C 0A 8B 0A 4E 0A F3 0A D0 0A 2B  .....L...N.....+
    0550: 0A 18 0A E7 0A 97 0A 87 0A A2 0A DD 0A 2D 0A A8  .............-..
    0560: 08 4C 33 44 32 12 22 10 0A 6D 0A 7A 0A F4 0A C2  .L3D2."..m.z....
    0570: 0A 52 0A 1B 0A 56 0A F1 0A 99 0A B5 0A 84 0A 9F  .R...V..........
    0580: 0A E2 0A 4B 0A 29 0A D8 08 43 53 43 30 12 22 10  ...K.)...CSC0.".
    0590: 0A 76 0A 31 0A 84 0A 07 0A 15 0A D8 0A B9 0A 83  .v.1............
    05A0: 0A F9 0A 2A 0A AC 0A BF 0A 1D 0A C0 0A 8E 0A 51  ...*...........Q
    05B0: 08 43 53 43 31 12 22 10 0A FD 0A A6 0A FF 0A E4  .CSC1.".........
    05C0: 0A EB 0A D7 0A F7 0A CD 0A AE 0A EF 0A BF 0A FD  ................
    05D0: 0A A4 0A 2B 0A 13 0A 83 08 43 53 43 32 12 22 10  ...+.....CSC2.".
    05E0: 0A 89 0A 42 0A 07 0A A9 0A F9 0A AA 0A 03 0A 9C  ...B............
    05F0: 0A 60 0A A6 0A CB 0A 7E 0A D0 0A 0D 0A 18 0A 5B  .`.....~.......[
    0600: 08 43 53 43 33 12 22 10 0A 05 0A 8B 0A 74 0A 57  .CSC3."......t.W
    0610: 0A 63 0A EC 0A 94 0A 54 0A 6C 0A BD 0A B4 0A 4A  .c.....T.l.....J
    0620: 0A F8 0A 4D 0A 5D 0A DF 08 43 53 43 34 12 22 10  ...M.]...CSC4.".
    0630: 0A F5 0A B6 0A 02 0A F3 0A EC 0A 3D 0A A6 0A 24  ...........=...$
    0640: 0A D4 0A AE 0A B4 0A 04 0A E8 0A 81 0A 5F 0A 74  ............._.t
    0650: 08 43 53 43 35 12 22 10 0A 78 0A 5F 0A 9D 0A 11  .CSC5."..x._....
    0660: 0A 81 0A 68 0A E9 0A 27 0A 55 0A 23 0A 6E 0A 25  ...h...'.U.#.n.%
    0670: 0A 02 0A 1E 0A 09 0A 80 08 43 53 43 36 12 22 10  .........CSC6.".
    0680: 0A 5F 0A 2C 0A D9 0A 5C 0A FF 0A 77 0A 8B 0A 15  ._.,...\...w....
    0690: 0A 18 0A 70 0A 7A 0A 1E 0A 7D 0A 9C 0A 10 0A 62  ...p.z...}.....b
    06A0: 08 43 53 43 37 12 22 10 0A EB 0A 1D 0A 9F 0A A5  .CSC7.".........
    06B0: 0A B7 0A 1F 0A 9A 0A 0A 0A 9F 0A 56 0A 1F 0A B6  ...........V....
    06C0: 0A 9B 0A FA 0A 7A 0A 41 08 43 53 43 38 12 22 10  .....z.A.CSC8.".
    06D0: 0A AE 0A C3 0A 88 0A 1D 0A 36 0A 74 0A 39 0A 71  .........6.t.9.q
    06E0: 0A 60 0A 37 0A B0 0A E4 0A B3 0A 24 0A F4 0A 49  .`.7.......$...I
    06F0: 08 43 53 43 39 12 22 10 0A F8 0A 2E 0A B7 0A 1C  .CSC9.".........
    0700: 0A 24 0A CF 0A F6 0A 6B 0A 7B 0A 1A 0A 8C 0A 35  .$.....k.{.....5
    0710: 0A A9 0A E8 0A 95 0A 48 14 16 5F 44 4F 53 01 70  .......H.._DOS.p
    0720: 68 56 44 50 38 56 44 50 31 0A 01 56 44 50 38 14  hVDP8VDP1..VDP8.
    0730: 4A 06 5F 44 4F 44 00 A0 34 93 45 43 47 42 0A 01  J._DOD..4.ECGB..
    0740: A4 12 2A 08 0C 00 01 00 80 0C 00 04 00 80 0C 02  ..*.............
    0750: 73 00 80 0C 03 73 00 80 0C 00 63 00 80 0C 01 63  s....s....c....c
    0760: 00 80 0C 04 73 00 80 0C 05 63 00 80 A1 2D A4 12  ....s....c...-..
    0770: 2A 08 0C 00 01 00 80 0C 50 A4 00 80 0C 02 73 00  *.......P.....s.
    0780: 80 0C 03 73 00 80 0C 00 63 00 80 0C 01 63 00 80  ...s....c....c..
    0790: 0C 04 73 00 80 0C 05 63 00 80 5B 82 4B 05 43 52  ..s....c..[.K.CR
    07A0: 54 5F 14 20 5F 41 44 52 00 A0 13 95 4F 53 49 44  T_. _ADR....OSID
    07B0: 0A 20 A4 7B 0C 00 01 00 80 0B FF FF 00 A4 0C 00  . .{............
    07C0: 01 00 80 14 12 5F 44 43 53 00 70 56 44 50 31 0A  ....._DCS.pVDP1.
    07D0: 02 0A 02 60 A4 60 14 12 5F 44 47 53 00 70 56 44  ...`.`.._DGS.pVD
    07E0: 50 31 0A 03 0A 02 60 A4 60 14 0D 5F 44 53 53 01  P1....`.`.._DSS.
    07F0: 56 44 50 32 0A 02 68 5B 82 43 45 4C 43 44 5F 14  VDP2..h[.CELCD_.
    0800: 46 04 5F 41 44 52 00 A0 22 93 45 43 47 42 0A 01  F._ADR..".ECGB..
    0810: A0 13 95 4F 53 49 44 0A 20 A4 7B 0C 00 04 00 80  ...OSID. .{.....
    0820: 0B FF FF 00 A4 0C 00 04 00 80 A1 1B A0 13 95 4F  ...............O
    0830: 53 49 44 0A 20 A4 7B 0C 50 A4 00 80 0B FF FF 00  SID. .{.P.......
    0840: A4 0C 50 A4 00 80 14 12 5F 44 43 53 00 70 56 44  ..P....._DCS.pVD
    0850: 50 31 0A 02 0A 01 60 A4 60 14 12 5F 44 47 53 00  P1....`.`.._DGS.
    0860: 70 56 44 50 31 0A 03 0A 01 60 A4 60 14 0D 5F 44  pVDP1....`.`.._D
    0870: 53 53 01 56 44 50 32 0A 01 68 08 42 52 54 30 0A  SS.VDP2..h.BRT0.
    0880: 64 08 44 42 43 4C 12 02 12 14 41 31 5F 42 43 4C  d.DBCL....A1_BCL
    0890: 08 A0 48 1D 93 4F 49 44 45 0A 01 5B 80 4E 56 49  ..H..OIDE..[.NVI
    08A0: 44 00 0C 00 00 10 F8 0A 02 5B 81 0B 4E 56 49 44  D........[..NVID
    08B0: 01 56 56 49 44 10 A0 4D 0D 93 56 56 49 44 0B DE  .VVID..M..VVID..
    08C0: 10 A4 12 41 0D 67 0A 50 0A 32 0A 00 0A 01 0A 02  ...A.g.P.2......
    08D0: 0A 03 0A 04 0A 05 0A 06 0A 07 0A 08 0A 09 0A 0A  ................
    08E0: 0A 0B 0A 0C 0A 0D 0A 0E 0A 0F 0A 10 0A 11 0A 12  ................
    08F0: 0A 13 0A 14 0A 15 0A 16 0A 17 0A 18 0A 19 0A 1A  ................
    0900: 0A 1B 0A 1C 0A 1D 0A 1E 0A 1F 0A 20 0A 21 0A 22  ........... .!."
    0910: 0A 23 0A 24 0A 25 0A 26 0A 27 0A 28 0A 29 0A 2A  .#.$.%.&.'.(.).*
    0920: 0A 2B 0A 2C 0A 2D 0A 2E 0A 2F 0A 30 0A 31 0A 32  .+.,.-.../.0.1.2
    0930: 0A 33 0A 34 0A 35 0A 36 0A 37 0A 38 0A 39 0A 3A  .3.4.5.6.7.8.9.:
    0940: 0A 3B 0A 3C 0A 3D 0A 3E 0A 3F 0A 40 0A 41 0A 42  .;.<.=.>.?.@.A.B
    0950: 0A 43 0A 44 0A 45 0A 46 0A 47 0A 48 0A 49 0A 4A  .C.D.E.F.G.H.I.J
    0960: 0A 4B 0A 4C 0A 4D 0A 4E 0A 4F 0A 50 0A 51 0A 52  .K.L.M.N.O.P.Q.R
    0970: 0A 53 0A 54 0A 55 0A 56 0A 57 0A 58 0A 59 0A 5A  .S.T.U.V.W.X.Y.Z
    0980: 0A 5B 0A 5C 0A 5D 0A 5E 0A 5F 0A 60 0A 61 0A 62  .[.\.].^._.`.a.b
    0990: 0A 63 0A 64 A1 45 0D A4 12 41 0D 67 0A 50 0A 32  .c.d.E...A.g.P.2
    09A0: 0A 05 0A 05 0A 05 0A 05 0A 05 0A 05 0A 06 0A 07  ................
    09B0: 0A 08 0A 09 0A 0A 0A 0B 0A 0C 0A 0D 0A 0E 0A 0F  ................
    09C0: 0A 10 0A 11 0A 12 0A 13 0A 14 0A 15 0A 16 0A 17  ................
    09D0: 0A 18 0A 19 0A 1A 0A 1B 0A 1C 0A 1D 0A 1E 0A 1F  ................
    09E0: 0A 20 0A 21 0A 22 0A 23 0A 24 0A 25 0A 26 0A 27  . .!.".#.$.%.&.'
    09F0: 0A 28 0A 29 0A 2A 0A 2B 0A 2C 0A 2D 0A 2E 0A 2F  .(.).*.+.,.-.../
    0A00: 0A 30 0A 31 0A 32 0A 33 0A 34 0A 35 0A 36 0A 37  .0.1.2.3.4.5.6.7
    0A10: 0A 38 0A 39 0A 3A 0A 3B 0A 3C 0A 3D 0A 3E 0A 3F  .8.9.:.;.<.=.>.?
    0A20: 0A 40 0A 41 0A 42 0A 43 0A 44 0A 45 0A 46 0A 47  .@.A.B.C.D.E.F.G
    0A30: 0A 48 0A 49 0A 4A 0A 4B 0A 4C 0A 4D 0A 4E 0A 4F  .H.I.J.K.L.M.N.O
    0A40: 0A 50 0A 51 0A 52 0A 53 0A 54 0A 55 0A 56 0A 57  .P.Q.R.S.T.U.V.W
    0A50: 0A 58 0A 59 0A 5A 0A 5B 0A 5C 0A 5D 0A 5E 0A 5F  .X.Y.Z.[.\.].^._
    0A60: 0A 60 0A 61 0A 62 0A 63 0A 64 A1 40 13 A0 4C 0D  .`.a.b.c.d.@..L.
    0A70: 93 4F 53 49 44 0A 40 A4 12 41 0D 67 0A 50 0A 32  .OSID.@..A.g.P.2
    0A80: 0A 05 0A 05 0A 05 0A 05 0A 05 0A 05 0A 06 0A 07  ................
    0A90: 0A 08 0A 09 0A 0A 0A 0B 0A 0C 0A 0D 0A 0E 0A 0F  ................
    0AA0: 0A 10 0A 11 0A 12 0A 13 0A 14 0A 15 0A 16 0A 17  ................
    0AB0: 0A 18 0A 19 0A 1A 0A 1B 0A 1C 0A 1D 0A 1E 0A 1F  ................
    0AC0: 0A 20 0A 21 0A 22 0A 23 0A 24 0A 25 0A 26 0A 27  . .!.".#.$.%.&.'
    0AD0: 0A 28 0A 29 0A 2A 0A 2B 0A 2C 0A 2D 0A 2E 0A 2F  .(.).*.+.,.-.../
    0AE0: 0A 30 0A 31 0A 32 0A 33 0A 34 0A 35 0A 36 0A 37  .0.1.2.3.4.5.6.7
    0AF0: 0A 38 0A 39 0A 3A 0A 3B 0A 3C 0A 3D 0A 3E 0A 3F  .8.9.:.;.<.=.>.?
    0B00: 0A 40 0A 41 0A 42 0A 43 0A 44 0A 45 0A 46 0A 47  .@.A.B.C.D.E.F.G
    0B10: 0A 48 0A 49 0A 4A 0A 4B 0A 4C 0A 4D 0A 4E 0A 4F  .H.I.J.K.L.M.N.O
    0B20: 0A 50 0A 51 0A 52 0A 53 0A 54 0A 55 0A 56 0A 57  .P.Q.R.S.T.U.V.W
    0B30: 0A 58 0A 59 0A 5A 0A 5B 0A 5C 0A 5D 0A 5E 0A 5F  .X.Y.Z.[.\.].^._
    0B40: 0A 60 0A 61 0A 62 0A 63 0A 64 08 42 52 54 31 11  .`.a.b.c.d.BRT1.
    0B50: 03 0A 12 8C 42 52 54 31 0A 00 42 52 54 32 70 0A  ....BRT1..BRT2p.
    0B60: 01 42 52 54 32 70 47 45 4E 53 0A 09 42 52 54 31  .BRT2pGENS..BRT1
    0B70: 87 42 52 54 31 62 70 0A 00 60 70 0A 12 61 A2 17  .BRT1bp..`p..a..
    0B80: 95 60 61 70 42 42 52 44 62 60 63 70 63 88 44 42  .`apBBRDb`cpc.DB
    0B90: 43 4C 60 00 75 60 A4 44 42 43 4C 14 45 09 5F 42  CL`.u`.DBCL.E._B
    0BA0: 43 4D 09 A0 4C 04 94 4F 53 49 44 0A 10 5B 80 41  CM..L..OSID..[.A
    0BB0: 54 49 44 00 0C 00 00 10 F8 0A 02 5B 81 0B 41 54  TID........[..AT
    0BC0: 49 44 01 56 56 49 44 10 A0 27 93 56 56 49 44 0B  ID.VVID..'.VVID.
    0BD0: 02 10 70 68 42 52 54 4C 5C 2F 05 5F 53 42 5F 50  ..phBRTL\/._SB_P
    0BE0: 43 49 30 50 45 47 30 50 45 47 50 41 46 4E 37 68  CI0PEG0PEGPAFN7h
    0BF0: 08 42 52 54 33 11 03 0A 02 8C 42 52 54 33 0A 00  .BRT3.....BRT3..
    0C00: 42 52 54 34 8C 42 52 54 33 0A 01 42 52 54 35 70  BRT4.BRT3..BRT5p
    0C10: 0A 02 42 52 54 34 70 68 42 52 54 35 70 68 42 52  ..BRT4phBRT5phBR
    0C20: 54 30 47 45 4E 53 0A 09 42 52 54 33 87 42 52 54  T0GENS..BRT3.BRT
    0C30: 33 14 1A 5F 42 51 43 08 70 47 45 4E 53 0A 09 0A  3.._BQC.pGENS...
    0C40: 03 0A 00 60 70 60 42 52 54 30 A4 60 5B 82 4B 05  ...`p`BRT0.`[.K.
    0C50: 44 56 49 5F 14 20 5F 41 44 52 00 A0 13 95 4F 53  DVI_. _ADR....OS
    0C60: 49 44 0A 20 A4 7B 0C 02 73 00 80 0B FF FF 00 A4  ID. .{..s.......
    0C70: 0C 02 73 00 80 14 12 5F 44 43 53 00 70 56 44 50  ..s...._DCS.pVDP
    0C80: 31 0A 02 0A 08 60 A4 60 14 12 5F 44 47 53 00 70  1....`.`.._DGS.p
    0C90: 56 44 50 31 0A 03 0A 08 60 A4 60 14 0D 5F 44 53  VDP1....`.`.._DS
    0CA0: 53 01 56 44 50 32 0A 08 68 5B 82 4B 05 44 56 49  S.VDP2..h[.K.DVI
    0CB0: 32 14 20 5F 41 44 52 00 A0 13 95 4F 53 49 44 0A  2. _ADR....OSID.
    0CC0: 20 A4 7B 0C 03 73 00 80 0B FF FF 00 A4 0C 03 73   .{..s.........s
    0CD0: 00 80 14 12 5F 44 43 53 00 70 56 44 50 31 0A 02  ...._DCS.pVDP1..
    0CE0: 0A 10 60 A4 60 14 12 5F 44 47 53 00 70 56 44 50  ..`.`.._DGS.pVDP
    0CF0: 31 0A 03 0A 10 60 A4 60 14 0D 5F 44 53 53 01 56  1....`.`.._DSS.V
    0D00: 44 50 32 0A 10 68 5B 82 4B 05 44 56 49 33 14 20  DP2..h[.K.DVI3. 
    0D10: 5F 41 44 52 00 A0 13 95 4F 53 49 44 0A 20 A4 7B  _ADR....OSID. .{
    0D20: 0C 04 73 00 80 0B FF FF 00 A4 0C 04 73 00 80 14  ..s.........s...
    0D30: 12 5F 44 43 53 00 70 56 44 50 31 0A 02 0A 80 60  ._DCS.pVDP1....`
    0D40: A4 60 14 12 5F 44 47 53 00 70 56 44 50 31 0A 03  .`.._DGS.pVDP1..
    0D50: 0A 80 60 A4 60 14 0D 5F 44 53 53 01 56 44 50 32  ..`.`.._DSS.VDP2
    0D60: 0A 80 68 5B 82 4B 05 44 50 5F 5F 14 20 5F 41 44  ..h[.K.DP__. _AD
    0D70: 52 00 A0 13 95 4F 53 49 44 0A 20 A4 7B 0C 00 63  R....OSID. .{..c
    0D80: 00 80 0B FF FF 00 A4 0C 00 63 00 80 14 12 5F 44  .........c...._D
    0D90: 43 53 00 70 56 44 50 31 0A 02 0A 20 60 A4 60 14  CS.pVDP1... `.`.
    0DA0: 12 5F 44 47 53 00 70 56 44 50 31 0A 03 0A 20 60  ._DGS.pVDP1... `
    0DB0: A4 60 14 0D 5F 44 53 53 01 56 44 50 32 0A 20 68  .`.._DSS.VDP2. h
    0DC0: 5B 82 4B 05 44 50 32 5F 14 20 5F 41 44 52 00 A0  [.K.DP2_. _ADR..
    0DD0: 13 95 4F 53 49 44 0A 20 A4 7B 0C 01 63 00 80 0B  ..OSID. .{..c...
    0DE0: FF FF 00 A4 0C 01 63 00 80 14 12 5F 44 43 53 00  ......c...._DCS.
    0DF0: 70 56 44 50 31 0A 02 0A 40 60 A4 60 14 12 5F 44  pVDP1...@`.`.._D
    0E00: 47 53 00 70 56 44 50 31 0A 03 0A 40 60 A4 60 14  GS.pVDP1...@`.`.
    0E10: 0D 5F 44 53 53 01 56 44 50 32 0A 40 68 5B 82 4A  ._DSS.VDP2.@h[.J
    0E20: 06 44 50 33 5F 14 20 5F 41 44 52 00 A0 13 95 4F  .DP3_. _ADR....O
    0E30: 53 49 44 0A 20 A4 7B 0C 05 63 00 80 0B FF FF 00  SID. .{..c......
    0E40: A4 0C 05 63 00 80 14 19 5F 44 43 53 00 70 56 44  ...c...._DCS.pVD
    0E50: 50 31 0A 02 0B 00 01 60 7B 60 0B FF FF 60 A4 60  P1.....`{`...`.`
    0E60: 14 19 5F 44 47 53 00 70 56 44 50 31 0A 03 0B 00  .._DGS.pVDP1....
    0E70: 01 60 7B 60 0B FF FF 60 A4 60 14 0E 5F 44 53 53  .`{`...`.`.._DSS
    0E80: 01 56 44 50 32 0B 00 01 68 14 26 4F 50 54 46 02  .VDP2...h.&OPTF.
    0E90: A0 0F 93 68 0A 00 70 56 44 50 31 0A 0A 0A 00 61  ...h..pVDP1....a
    0EA0: A1 0D 70 69 61 70 56 44 50 31 0A 09 61 61 A4 61  ..piapVDP1..aa.a
    0EB0: 14 4F 0C 5F 52 4F 4D 02 70 68 60 70 69 61 A0 0B  .O._ROM.ph`pia..
    0EC0: 94 61 0B 00 10 70 0B 00 10 61 A0 0D 94 60 0C 00  .a...p...a...`..
    0ED0: 00 01 00 A4 11 03 61 00 A0 0C 94 60 52 56 42 53  ......a....`RVBS
    0EE0: A4 11 03 61 00 77 61 0A 08 63 08 52 4F 4D 31 11  ...a.wa..c.ROM1.
    0EF0: 05 0B 00 80 00 08 52 4F 4D 32 11 03 61 00 A0 0F  ......ROM2..a...
    0F00: 95 60 0B 00 80 70 52 42 46 31 52 4F 4D 31 A1 42  .`...pRBF1ROM1.B
    0F10: 05 A0 17 95 60 0C 00 00 01 00 74 60 0B 00 80 60  ....`.....t`...`
    0F20: 70 52 42 46 32 52 4F 4D 31 A1 37 A0 19 95 60 0C  pRBF2ROM1.7...`.
    0F30: 00 80 01 00 74 60 0C 00 00 01 00 60 70 52 42 46  ....t`.....`pRBF
    0F40: 33 52 4F 4D 31 A1 1B A0 19 95 60 0C 00 00 02 00  3ROM1.....`.....
    0F50: 74 60 0C 00 80 01 00 60 70 52 42 46 34 52 4F 4D  t`.....`pRBF4ROM
    0F60: 31 77 60 0A 08 62 5B 13 52 4F 4D 31 62 63 54 4D  1w`..b[.ROM1bcTM
    0F70: 50 42 70 54 4D 50 42 52 4F 4D 32 A4 52 4F 4D 32  PBpTMPBROM2.ROM2
    0F80: 14 45 62 47 4F 42 54 09 08 5F 54 5F 30 00 08 4F  .EbGOBT.._T_0..O
    0F90: 50 56 4B 11 4A 0E 0A E6 F6 98 1F 12 CE 93 64 00  PVK.J.........d.
    0FA0: 4B 56 E6 00 00 00 01 00 31 34 38 35 39 37 34 35  KV......14859745
    0FB0: 36 39 38 35 47 65 6E 75 69 6E 65 20 4E 56 49 44  6985Genuine NVID
    0FC0: 49 41 20 43 65 72 74 69 66 69 65 64 20 4F 70 74  IA Certified Opt
    0FD0: 69 6D 75 73 20 52 65 61 64 79 20 4D 6F 74 68 65  imus Ready Mothe
    0FE0: 72 62 6F 61 72 64 20 66 6F 72 20 36 39 31 32 37  rboard for 69127
    0FF0: 37 31 31 39 65 73 63 20 20 20 20 20 20 20 20 20  7119esc         
    1000: 2D 20 2E 27 4B 5A 4E 5E 30 58 4B 5B 49 48 37 30  - .'KZN^0XK[IH70
    1010: 51 42 5C 4D 3B 42 20 2B 22 40 3A 22 3F 40 2A 5A  QB\M;B +"@:"?@*Z
    1020: 43 48 47 58 52 39 50 31 57 3A 2A 48 28 44 54 25  CHGXR9P1W:*H(DT%
    1030: 3C 4E 31 3B 51 47 20 2D 20 43 6F 70 79 72 69 67  <N1;QG - Copyrig
    1040: 68 74 20 32 30 31 30 20 4E 56 49 44 49 41 20 43  ht 2010 NVIDIA C
    1050: 6F 72 70 6F 72 61 74 69 6F 6E 20 41 6C 6C 20 52  orporation All R
    1060: 69 67 68 74 73 20 52 65 73 65 72 76 65 64 2D 31  ights Reserved-1
    1070: 34 38 35 39 37 34 35 36 39 38 35 28 52 29 08 4B  48597456985(R).K
    1080: 45 51 35 11 46 0E 0A E2 00 00 00 00 00 00 00 00  EQ5.F...........
    1090: 00 00 00 00 00 00 00 00 00 00 00 00 00 00 00 00  ................
    10A0: 00 00 00 00 00 00 00 00 00 00 00 00 00 00 00 00  ................
    10B0: 00 00 00 00 00 00 00 00 00 00 00 00 00 00 00 00  ................
    10C0: 00 00 00 00 00 00 00 00 00 00 00 00 00 00 00 00  ................
    10D0: 00 00 00 00 00 00 00 00 00 00 00 00 00 00 00 00  ................
    10E0: 00 00 00 00 00 00 00 00 00 00 00 00 00 00 00 00  ................
    10F0: 00 00 00 00 00 00 00 00 00 00 00 00 00 00 00 00  ................
    1100: 00 00 00 00 00 00 00 00 00 00 00 00 00 00 00 00  ................
    1110: 00 00 00 00 00 00 00 00 00 00 00 00 00 00 00 00  ................
    1120: 00 00 00 00 00 00 00 00 00 00 00 00 00 00 00 00  ................
    1130: 00 00 00 00 00 00 00 00 00 00 00 00 00 00 00 00  ................
    1140: 00 00 00 00 00 00 00 00 00 00 00 00 00 00 00 00  ................
    1150: 00 00 00 00 00 00 00 00 00 00 00 00 00 00 00 00  ................
    1160: 00 00 00 00 00 00 00 00 00 00 08 4B 45 51 33 11  ...........KEQ3.
    1170: 4A 0E 0A E6 0A 3E AA 33 F1 60 B0 D2 4B 56 E6 00  J....>.3.`..KV..
    1180: 00 00 01 00 31 34 38 35 39 37 34 35 36 39 38 35  ....148597456985
    1190: 47 65 6E 75 69 6E 65 20 4E 56 49 44 49 41 20 43  Genuine NVIDIA C
    11A0: 65 72 74 69 66 69 65 64 20 4F 70 74 69 6D 75 73  ertified Optimus
    11B0: 20 52 65 61 64 79 20 4D 6F 74 68 65 72 62 6F 61   Ready Motherboa
    11C0: 72 64 20 66 6F 72 20 37 30 31 33 35 36 5F 42 33  rd for 701356_B3
    11D0: 63 20 20 20 20 20 20 20 20 20 20 20 2D 20 57 47  c           - WG
    11E0: 23 2D 44 5D 34 43 3C 35 2E 20 45 4D 24 41 57 20  #-D]4C<5. EM$AW 
    11F0: 24 23 47 38 37 45 3E 2D 2D 2A 4A 22 28 45 42 5C  $#G87E>--*J"(EB\
    1200: 25 4A 4A 24 3B 29 20 45 2C 30 46 5E 24 51 5F 31  %JJ$;) E,0F^$Q_1
    1210: 2E 43 20 2D 20 43 6F 70 79 72 69 67 68 74 20 32  .C - Copyright 2
    1220: 30 31 30 20 4E 56 49 44 49 41 20 43 6F 72 70 6F  010 NVIDIA Corpo
    1230: 72 61 74 69 6F 6E 20 41 6C 6C 20 52 69 67 68 74  ration All Right
    1240: 73 20 52 65 73 65 72 76 65 64 2D 31 34 38 35 39  s Reserved-14859
    1250: 37 34 35 36 39 38 35 28 52 29 08 4B 45 51 31 11  7456985(R).KEQ1.
    1260: 4A 0E 0A E6 96 11 1D 0F 09 3D 42 13 4B 56 E6 00  J........=B.KV..
    1270: 00 00 01 00 31 34 38 35 39 37 34 35 36 39 38 35  ....148597456985
    1280: 47 65 6E 75 69 6E 65 20 4E 56 49 44 49 41 20 43  Genuine NVIDIA C
    1290: 65 72 74 69 66 69 65 64 20 4F 70 74 69 6D 75 73  ertified Optimus
    12A0: 20 52 65 61 64 79 20 4D 6F 74 68 65 72 62 6F 61   Ready Motherboa
    12B0: 72 64 20 66 6F 72 20 37 30 31 33 35 36 5F 30 45  rd for 701356_0E
    12C0: 33 41 5F 31 34 41 34 63 20 20 20 20 2D 20 43 32  3A_14A4c    - C2
    12D0: 5B 57 48 5F 34 41 38 4E 26 36 59 5F 54 57 23 49  [WH_4A8N&6Y_TW#I
    12E0: 3C 4C 2B 5B 54 27 5B 46 44 5F 3E 53 39 4A 4F 45  <L+[T'[FD_>S9JOE
    12F0: 2C 51 4D 27 34 29 3D 5E 27 44 5B 2F 55 26 2A 59  ,QM'4)=^'D[/U&*Y
    1300: 35 2F 20 2D 20 43 6F 70 79 72 69 67 68 74 20 32  5/ - Copyright 2
    1310: 30 31 30 20 4E 56 49 44 49 41 20 43 6F 72 70 6F  010 NVIDIA Corpo
    1320: 72 61 74 69 6F 6E 20 41 6C 6C 20 52 69 67 68 74  ration All Right
    1330: 73 20 52 65 73 65 72 76 65 64 2D 31 34 38 35 39  s Reserved-14859
    1340: 37 34 35 36 39 38 35 28 52 29 08 4B 50 51 33 11  7456985(R).KPQ3.
    1350: 4A 0E 0A E6 E8 D2 A6 4F D4 C1 2C BF 4B 56 E6 00  J......O..,.KV..
    1360: 00 00 01 00 31 34 38 35 39 37 34 35 36 39 38 35  ....148597456985
    1370: 47 65 6E 75 69 6E 65 20 4E 56 49 44 49 41 20 43  Genuine NVIDIA C
    1380: 65 72 74 69 66 69 65 64 20 4F 70 74 69 6D 75 73  ertified Optimus
    1390: 20 52 65 61 64 79 20 4D 6F 74 68 65 72 62 6F 61   Ready Motherboa
    13A0: 72 64 20 66 6F 72 20 37 30 31 33 35 36 5F 31 31  rd for 701356_11
    13B0: 2E 38 5F 30 44 44 41 63 20 20 20 20 2D 20 41 30  .8_0DDAc    - A0
    13C0: 59 29 46 5D 32 47 36 4C 20 34 57 5D 52 52 21 47  Y)F]2G6L 4W]RR!G
    13D0: 3A 4E 29 59 53 39 59 44 46 5D 3C 51 37 4F 4D 43  :N)YS9YDF]<Q7OMC
    13E0: 22 57 4B 24 41 27 3B 5C 21 42 59 2D 53 23 28 57  "WK$A';\!BY-S#(W
    13F0: 33 21 20 2D 20 43 6F 70 79 72 69 67 68 74 20 32  3! - Copyright 2
    1400: 30 31 30 20 4E 56 49 44 49 41 20 43 6F 72 70 6F  010 NVIDIA Corpo
    1410: 72 61 74 69 6F 6E 20 41 6C 6C 20 52 69 67 68 74  ration All Right
    1420: 73 20 52 65 73 65 72 76 65 64 2D 31 34 38 35 39  s Reserved-14859
    1430: 37 34 35 36 39 38 35 28 52 29 08 4B 50 51 31 11  7456985(R).KPQ1.
    1440: 4A 0E 0A E6 1C 4E A9 BE F9 38 7C 33 4B 56 E6 00  J....N...8|3KV..
    1450: 00 00 01 00 31 34 38 35 39 37 34 35 36 39 38 35  ....148597456985
    1460: 47 65 6E 75 69 6E 65 20 4E 56 49 44 49 41 20 43  Genuine NVIDIA C
    1470: 65 72 74 69 66 69 65 64 20 4F 70 74 69 6D 75 73  ertified Optimus
    1480: 20 52 65 61 64 79 20 4D 6F 74 68 65 72 62 6F 61   Ready Motherboa
    1490: 72 64 20 66 6F 72 20 37 30 31 33 35 36 5F 31 31  rd for 701356_11
    14A0: 2E 38 5F 30 44 46 41 63 20 20 20 20 2D 20 43 32  .8_0DFAc    - C2
    14B0: 5B 57 48 5F 34 41 38 4E 26 36 59 5F 54 50 23 49  [WH_4A8N&6Y_TP#I
    14C0: 3C 4C 2B 5B 55 27 5B 46 44 5F 3E 53 39 4D 4F 45  <L+[U'[FD_>S9MOE
    14D0: 2C 51 4D 26 41 29 3D 5E 27 44 5B 2F 55 21 2A 59  ,QM&A)=^'D[/U!*Y
    14E0: 35 2F 20 2D 20 43 6F 70 79 72 69 67 68 74 20 32  5/ - Copyright 2
    14F0: 30 31 30 20 4E 56 49 44 49 41 20 43 6F 72 70 6F  010 NVIDIA Corpo
    1500: 72 61 74 69 6F 6E 20 41 6C 6C 20 52 69 67 68 74  ration All Right
    1510: 73 20 52 65 73 65 72 76 65 64 2D 31 34 38 35 39  s Reserved-14859
    1520: 37 34 35 36 39 38 35 28 52 29 8B 68 0A 02 55 53  7456985(R).h..US
    1530: 52 47 A0 41 07 93 55 53 52 47 0B 4B 56 A2 41 06  RG.A..USRG.KV.A.
    1540: 01 70 56 44 49 44 5F 54 5F 30 A0 0E 93 5F 54 5F  .pVDID_T_0..._T_
    1550: 30 0B 9A 10 A4 4B 45 51 35 A1 44 04 A0 0E 93 5F  0....KEQ5.D...._
    1560: 54 5F 30 0B 3B 0E A4 4B 45 51 33 A1 32 A0 0E 93  T_0.;..KEQ3.2...
    1570: 5F 54 5F 30 0B 3A 0E A4 4B 45 51 31 A1 21 A0 0E  _T_0.:..KEQ1.!..
    1580: 93 5F 54 5F 30 0B DA 0D A4 4B 50 51 33 A1 10 A0  ._T_0....KPQ3...
    1590: 0E 93 5F 54 5F 30 0B FA 0D A4 4B 50 51 31 A5 A4  .._T_0....KPQ1..
    15A0: 4F 50 56 4B A4 00 08 4F 4D 50 52 0A 02 08 5C 4E  OPVK...OMPR...\N
    15B0: 48 44 41 0A 01 14 4F 1B 4E 56 4F 50 0C 08 5F 54  HDA...O.NVOP.._T
    15C0: 5F 30 00 A0 0D 92 93 69 0B 00 01 A4 0C 01 00 00  _0.....i........
    15D0: 80 A2 4D 19 01 70 99 6A 00 5F 54 5F 30 A0 41 07  ..M..p.j._T_0.A.
    15E0: 93 5F 54 5F 30 0A 00 70 11 07 0A 04 00 00 00 00  ._T_0..p........
    15F0: 60 78 0A 00 0A 08 62 61 79 0A 01 62 62 7D 83 88  `x....bay..bb}..
    1600: 60 61 00 62 88 60 61 00 78 0A 1A 0A 08 62 61 79  `a.b.`a.x....bay
    1610: 0A 01 62 62 7D 83 88 60 61 00 62 88 60 61 00 78  ..bb}..`a.b.`a.x
    1620: 0A 10 0A 08 62 61 79 0A 01 62 62 7D 83 88 60 61  ....bay..bb}..`a
    1630: 00 62 88 60 61 00 78 0A 1B 0A 08 62 61 79 0A 01  .b.`a.x....bay..
    1640: 62 62 7D 83 88 60 61 00 62 88 60 61 00 A4 60 A1  bb}..`a.b.`a..`.
    1650: 4E 11 A0 49 09 93 5F 54 5F 30 0A 1A 5B 13 6B 0A  N..I.._T_0..[.k.
    1660: 18 0A 02 4F 50 43 45 5B 13 6B 0A 00 0A 01 46 4C  ...OPCE[.k....FL
    1670: 43 48 A0 10 99 46 4C 43 48 00 70 4F 50 43 45 4F  CH...FLCH.pOPCEO
    1680: 4D 50 52 70 11 07 0A 04 00 00 00 00 60 5B 13 60  MPRp........`[.`
    1690: 0A 00 0A 01 4F 50 45 4E 5B 13 60 0A 03 0A 02 43  ....OPEN[.`....C
    16A0: 47 43 53 5B 13 60 0A 06 0A 01 53 48 50 43 5B 13  GCS[.`....SHPC[.
    16B0: 60 0A 18 0A 03 44 47 50 43 5B 13 60 0A 1B 0A 02  `....DGPC[.`....
    16C0: 48 44 41 43 70 01 4F 50 45 4E 70 01 53 48 50 43  HDACp.OPENp.SHPC
    16D0: 70 0A 02 48 44 41 43 70 01 44 47 50 43 A0 0C 5F  p..HDACp.DGPC.._
    16E0: 53 54 41 70 0A 03 43 47 43 53 A4 60 A1 41 08 A0  STAp..CGCS.`.A..
    16F0: 4A 05 93 5F 54 5F 30 0A 1B 70 6B 60 5B 13 60 0A  J.._T_0..pk`[.`.
    1700: 00 0A 01 4F 50 46 4C 5B 13 60 0A 01 0A 01 4F 50  ...OPFL[.`....OP
    1710: 56 4C A0 2B 99 4F 50 56 4C 00 4F 50 54 46 0A 01  VL.+.OPVL.OPTF..
    1720: 0A 00 70 00 4E 48 44 41 A0 15 99 4F 50 46 4C 00  ..p.NHDA...OPFL.
    1730: 4F 50 54 46 0A 01 0A 01 70 01 4E 48 44 41 70 4F  OPTF....p.NHDApO
    1740: 50 54 46 0A 00 0A 00 60 A4 60 A1 23 A0 21 93 5F  PTF....`.`.#.!._
    1750: 54 5F 30 0A 10 A4 5C 2F 05 5F 53 42 5F 50 43 49  T_0...\/._SB_PCI
    1760: 30 50 45 47 30 50 45 47 50 47 4F 42 54 6B A5 A4  0PEG0PEGPGOBTk..
    1770: 0C 02 00 00 80 5B 80 47 50 53 50 01 0B 00 1C 0A  .....[.GPSP.....
    1780: 40 5B 81 10 47 50 53 50 11 00 40 1C 00 12 50 4F  @[..GPSP..@...PO
    1790: 35 30 01 08 44 47 4F 53 0A 00 5B 80 50 43 4E 56  50..DGOS..[.PCNV
    17A0: 02 0B 88 04 0A 04 5B 81 0D 50 43 4E 56 00 00 19  ......[..PCNV...
    17B0: 4D 4C 54 46 01 5B 80 4E 53 4F 52 00 0C 60 06 10  MLTF.[.NSOR..`..
    17C0: F8 0A 04 5B 81 0B 4E 53 4F 52 03 53 4F 52 5F 20  ...[..NSOR.SOR_ 
    17D0: 14 4D 05 5F 4F 4E 5F 08 70 0A 00 50 4F 35 30 45  .M._ON_.p..PO50E
    17E0: 43 53 34 0A 01 5B 22 0B 2C 01 70 0A 01 50 4F 35  CS4..[".,.p..PO5
    17F0: 30 5B 22 0A 64 70 0A 00 4C 4E 4B 4D A2 0C 95 4C  0[".dp..LNKM...L
    1800: 4E 4B 53 0A 07 5B 22 0A 01 5B 22 0A 64 70 50 45  NKS..["..[".dpPE
    1810: 47 42 50 52 45 47 5B 22 0A 64 70 56 47 41 42 56  GBPREG[".dpVGABV
    1820: 52 45 47 5B 22 0A 64 70 0A 05 53 4F 52 5F 14 47  REG[".dp..SOR_.G
    1830: 04 5F 4F 46 46 08 5B 22 0A 64 70 50 52 45 47 50  ._OFF.[".dpPREGP
    1840: 45 47 42 5B 22 0A 64 70 56 52 45 47 56 47 41 42  EGB[".dpVREGVGAB
    1850: 5B 22 0A 64 70 0A 01 4C 4E 4B 4D A2 0D 92 93 4C  [".dp..LNKM....L
    1860: 4E 4B 53 0A 00 5B 22 0A 01 70 0A 00 50 4F 35 30  NKS..["..p..PO50
    1870: 45 43 53 34 0A 00 14 1C 5F 50 53 30 00 A0 15 44  ECS4...._PS0...D
    1880: 47 4F 53 5F 4F 4E 5F 70 00 44 47 4F 53 70 00 4D  GOS_ON_p.DGOSp.M
    1890: 4C 54 46 14 47 04 5F 50 53 33 00 A0 3F 93 5C 2F  LTF.G._PS3..?.\/
    18A0: 05 5F 53 42 5F 50 43 49 30 50 45 47 30 50 45 47  ._SB_PCI0PEG0PEG
    18B0: 50 4F 4D 50 52 0A 03 5F 4F 46 46 70 01 44 47 4F  POMPR.._OFFp.DGO
    18C0: 53 70 0A 02 5C 2F 05 5F 53 42 5F 50 43 49 30 50  Sp..\/._SB_PCI0P
    18D0: 45 47 30 50 45 47 50 4F 4D 50 52 14 09 5F 53 54  EG0PEGPOMPR.._ST
    18E0: 41 00 A4 0A 0F 14 33 43 4D 50 42 02 70 87 68 61  A.....3CMPB.p.ha
    18F0: A0 09 92 93 61 87 69 A4 0A 00 70 0A 00 60 A2 17  ....a.i...p..`..
    1900: 95 60 61 A0 10 92 93 83 88 68 60 00 83 88 69 60  .`a......h`...i`
    1910: 00 A4 0A 00 75 60 A4 0A 01 5B 80 4D 58 4F 52 00  ....u`...[.MXOR.
    1920: 0C 5B 81 0E 00 0A C8 5B 81 0C 4D 58 4F 52 00 4D  .[.....[..MXOR.M
    1930: 58 4D 33 40 64 14 37 55 43 4D 50 02 A0 09 92 93  XM3@d.7UCMP.....
    1940: 0A 10 87 68 A4 00 A0 09 92 93 0A 10 87 69 A4 00  ...h.........i..
    1950: 70 00 60 A2 17 95 60 0A 10 A0 0F 92 93 83 88 68  p.`...`........h
    1960: 60 00 83 88 69 60 00 A4 00 75 60 A4 01 14 36 43  `...i`...u`...6C
    1970: 53 43 46 00 A0 14 90 93 49 44 4D 4E 0B 30 E4 93  SCF.....IDMN.0..
    1980: 49 44 50 43 0B 08 03 A4 01 A1 1A A0 14 90 93 49  IDPC...........I
    1990: 44 4D 4E 0B 30 E4 93 49 44 50 43 0B 10 03 A4 01  DMN.0..IDPC.....
    19A0: A1 03 A4 00 14 44 4D 5F 44 53 4D 0C 08 5F 54 5F  .....DM_DSM.._T_
    19B0: 32 00 08 5F 54 5F 31 00 08 5F 54 5F 30 00 A0 4C  2.._T_1.._T_0..L
    19C0: 21 93 55 43 4D 50 68 11 13 0A 10 75 0B A5 D4 C7  !.UCMPh....u....
    19D0: 65 F7 46 BF B7 41 51 4C EA 02 44 01 A0 0D 92 93  e.F..AQL..D.....
    19E0: 69 0B 02 01 A4 0C 02 00 00 80 A2 4A 1E 01 70 6A  i..........J..pj
    19F0: 5F 54 5F 30 A0 19 93 5F 54 5F 30 0A 00 56 44 50  _T_0..._T_0..VDP
    1A00: 31 0A 06 0A 00 A4 11 07 0A 08 21 00 18 00 A1 45  1.........!....E
    1A10: 1C A0 4C 05 93 5F 54 5F 30 0A 05 8A 6B 0A 00 44  ..L.._T_0...k..D
    1A20: 53 54 53 A0 28 7B 44 53 54 53 0C 00 00 00 01 00  STS.({DSTS......
    1A30: 7B 44 53 54 53 0B FF 0F 47 41 54 44 7B 7A 44 53  {DSTS...GATD{zDS
    1A40: 54 53 0A 0C 00 0B FF 0F 47 41 43 44 A0 18 93 48  TS......GACD...H
    1A50: 50 45 56 0A 01 70 0A 00 48 50 45 56 A4 11 07 0A  PEV..p..HPEV....
    1A60: 04 00 00 30 00 A4 11 07 0A 04 00 00 00 00 A1 45  ...0...........E
    1A70: 16 A0 11 93 5F 54 5F 30 0A 13 A4 11 07 0A 04 00  ...._T_0........
    1A80: 06 00 00 A1 40 15 A0 40 0B 93 5F 54 5F 30 0A 14  ....@..@.._T_0..
    1A90: A0 46 05 93 45 43 47 42 0A 01 A0 29 93 4F 49 44  .F..ECGB...).OID
    1AA0: 45 0A 01 A4 12 1F 0C 0C 00 04 00 80 0B 00 02 0A  E...............
    1AB0: 00 0A 00 0A 00 0A 01 0A C8 0A 32 0B E8 03 0A 00  ..........2.....
    1AC0: 0A 00 0A 00 A1 22 A4 12 1F 0C 0C 00 04 00 80 0B  ....."..........
    1AD0: 00 01 0A 00 0A 00 0A 00 0A 01 0A C8 0A 00 0B E8  ................
    1AE0: 03 0A 00 0A 00 0A 00 A1 4F 04 A0 29 93 4F 49 44  ........O..).OID
    1AF0: 45 0A 01 A4 12 1F 0C 0C 50 A4 00 80 0B 00 02 0A  E.......P.......
    1B00: 00 0A 00 0A 00 0A 01 0A C8 0A 32 0B E8 03 0A 00  ..........2.....
    1B10: 0A 00 0A 00 A1 22 A4 12 1F 0C 0C 50 A4 00 80 0B  .....".....P....
    1B20: 00 01 0A 00 0A 00 0A 00 0A 01 0A C8 0A 00 0B E8  ................
    1B30: 03 0A 00 0A 00 0A 00 A1 4C 09 A0 49 09 93 5F 54  ........L..I.._T
    1B40: 5F 30 0A 16 8A 6B 0A 00 4C 4D 4F 44 A0 40 07 93  _0...k..LMOD.@..
    1B50: 4C 4D 4F 44 0A 01 70 56 45 4E 44 60 7A 60 0A 10  LMOD..pVEND`z`..
    1B60: 60 A0 4B 05 91 93 53 56 49 44 0C 28 10 3E 05 93  `.K...SVID.(.>..
    1B70: 53 56 49 44 0C 28 10 3F 05 A2 43 04 01 70 60 5F  SVID.(.?..C..p`_
    1B80: 54 5F 31 A0 0E 93 5F 54 5F 31 0B BC 11 A4 4C 33  T_1..._T_1....L3
    1B90: 44 30 A1 29 A0 0E 93 5F 54 5F 31 0B BD 11 A4 4C  D0.)..._T_1....L
    1BA0: 33 44 31 A1 18 A0 0E 93 5F 54 5F 31 0B BE 11 A4  3D1....._T_1....
    1BB0: 4C 33 44 32 A1 07 A4 0C 02 00 00 80 A5 A1 10 A0  L3D2............
    1BC0: 0E 93 4C 4D 4F 44 0A 02 A4 0C 02 00 00 80 A4 0C  ..LMOD..........
    1BD0: 02 00 00 80 A5 A4 0C 02 00 00 80 A0 4D 24 93 55  ............M$.U
    1BE0: 43 4D 50 68 11 13 0A 10 00 A4 04 40 7D 91 F2 4C  CMPh.......@}..L
    1BF0: B8 9C 79 B6 2F D5 56 65 01 A2 49 22 01 70 6A 5F  ..y./.Ve..I".pj_
    1C00: 54 5F 32 A0 24 93 5F 54 5F 32 0A 00 A0 11 93 4F  T_2.$._T_2.....O
    1C10: 53 49 44 0A 10 A4 11 07 0A 04 01 00 01 01 A1 09  SID.............
    1C20: A4 96 0C 01 00 01 01 00 A1 49 1F A0 0B 93 5F 54  .........I...._T
    1C30: 5F 32 0A 18 A4 0A 30 A1 4A 1E A0 47 1E 93 5F 54  _2....0.J..G.._T
    1C40: 5F 32 0A 10 70 0A C8 60 08 42 55 4D 41 11 02 60  _2..p..`.BUMA..`
    1C50: 70 4D 58 4D 33 42 55 4D 41 8B 42 55 4D 41 0A 06  pMXM3BUMA.BUMA..
    1C60: 4D 58 4C 4E 72 4D 58 4C 4E 0A 08 60 77 60 0A 08  MXLNrMXLN..`w`..
    1C70: 60 5B 13 42 55 4D 41 0A 00 60 4D 58 4D 5F 14 1A  `[.BUMA..`MXM_..
    1C80: 42 43 4C 52 01 70 0A 00 60 A2 0F 95 60 87 68 42  BCLR.p..`...`.hB
    1C90: 42 57 52 68 60 0A 00 75 60 14 13 42 42 57 52 03  BWRh`..u`..BBWR.
    1CA0: 8C 68 69 56 41 4C 5F 70 6A 56 41 4C 5F 14 12 42  .hiVAL_pjVAL_..B
    1CB0: 42 52 44 02 8C 68 69 56 41 4C 5F A4 56 41 4C 5F  BRD..hiVAL_.VAL_
    1CC0: 14 13 42 57 57 52 03 8B 68 69 56 41 4C 5F 70 6A  ..BWWR..hiVAL_pj
    1CD0: 56 41 4C 5F 14 12 42 57 52 44 02 8B 68 69 56 41  VAL_..BWRD..hiVA
    1CE0: 4C 5F A4 56 41 4C 5F 14 13 42 44 57 52 03 8A 68  L_.VAL_..BDWR..h
    1CF0: 69 56 41 4C 5F 70 6A 56 41 4C 5F 14 12 42 44 52  iVAL_pjVAL_..BDR
    1D00: 44 02 8A 68 69 56 41 4C 5F A4 56 41 4C 5F 14 40  D..hiVAL_.VAL_.@
    1D10: 05 53 54 52 45 02 08 53 54 52 31 11 03 0A 50 08  .STRE..STR1...P.
    1D20: 53 54 52 32 11 03 0A 50 70 68 53 54 52 31 70 69  STR2...PphSTR1pi
    1D30: 53 54 52 32 70 00 60 70 01 61 A2 22 61 70 42 42  STR2p.`p.a."apBB
    1D40: 52 44 53 54 52 31 60 61 70 42 42 52 44 53 54 52  RDSTR1`apBBRDSTR
    1D50: 32 60 62 A0 07 92 93 61 62 A4 00 75 60 A4 01 14  2`b....ab..u`...
    1D60: 39 58 50 54 42 01 70 87 68 60 A0 08 93 8E 68 0A  9XPTB.p.h`....h.
    1D70: 02 75 60 08 4F 42 55 46 11 02 60 70 68 4F 42 55  .u`.OBUF..`phOBU
    1D80: 46 A0 12 93 8E 68 0A 02 76 60 70 0A 00 88 4F 42  F....h..v`p...OB
    1D90: 55 46 60 00 A4 4F 42 55 46 14 2E 53 54 44 47 03  UF`..OBUF..STDG.
    1DA0: 70 68 60 A0 15 92 95 68 0A 0A 78 68 0A 0A 60 61  ph`....h..xh..`a
    1DB0: 70 53 54 44 47 61 69 6A 6A 72 60 0A 30 60 70 60  pSTDGaijjr`.0`p`
    1DC0: 88 69 6A 00 75 6A A4 6A 14 3E 58 50 54 53 01 08  .ij.uj.j.>XPTS..
    1DD0: 4C 42 55 46 11 03 0A 20 70 53 54 44 47 68 4C 42  LBUF... pSTDGhLB
    1DE0: 55 46 0A 00 60 70 0A 00 88 4C 42 55 46 60 00 75  UF..`p...LBUF`.u
    1DF0: 60 08 4F 42 55 46 11 02 60 70 4C 42 55 46 4F 42  `.OBUF..`pLBUFOB
    1E00: 55 46 A4 4F 42 55 46 A0 11 93 4F 53 49 44 0A 10  UF.OBUF...OSID..
    1E10: A4 58 50 54 42 4D 58 4D 5F A1 08 A4 96 4D 58 4D  .XPTBMXM_....MXM
    1E20: 5F 00 A5 A4 0C 02 00 00 80 A1 49 04 A0 46 04 43  _.........I..F.C
    1E30: 4D 50 42 68 11 13 0A 10 F8 D8 86 A4 DA 0B 1B 47  MPBh...........G
    1E40: A7 2B 60 42 A6 B5 BE E0 A0 0E 93 4E 4F 50 45 0A  .+`B.......NOPE.
    1E50: 00 A4 0C 02 00 00 80 A4 5C 2F 05 5F 53 42 5F 50  ........\/._SB_P
    1E60: 43 49 30 50 45 47 30 50 45 47 50 4E 56 4F 50 68  CI0PEG0PEGPNVOPh
    1E70: 69 6A 6B A4 0C 01 00 00 80                       ijk......

FACS @ 0x0000000000000000
    0000: 46 41 43 53 40 00 00 00 D6 01 00 00 00 00 00 00  FACS@...........
    0010: 00 00 00 00 00 00 00 00 00 00 00 00 00 00 00 00  ................
    0020: 02 00 00 00 00 00 00 00 00 00 00 00 00 00 00 00  ................
    0030: 00 00 00 00 00 00 00 00 00 00 00 00 00 00 00 00  ................

BGRT @ 0x0000000000000000
    0000: 42 47 52 54 38 00 00 00 00 70 F3 EE 00 00 00 00  BGRT8....p......
    0010: 00 00 00 00 00 00 00 00 09 20 07 01 41 4D 49 20  ......... ..AMI 
    0020: 13 00 01 00 01 00 00 00 18 90 D3 C0 00 00 00 00  ................
    0030: EA 02 00 00 E4 00 00 00                          ........

SSDT @ 0x0000000000000000
    0000: 53 53 44 54 19 01 00 00 01 EF 50 6D 52 65 66 00  SSDT......PmRef.
    0010: 41 70 43 73 74 00 00 00 00 30 00 00 49 4E 54 4C  ApCst....0..INTL
    0020: 11 07 12 20 10 22 5C 2E 5F 50 52 5F 43 50 55 31  ... ."\._PR_CPU1
    0030: 14 16 5F 43 53 54 00 A4 5C 2F 03 5F 50 52 5F 43  .._CST..\/._PR_C
    0040: 50 55 30 5F 43 53 54 10 22 5C 2E 5F 50 52 5F 43  PU0_CST."\._PR_C
    0050: 50 55 32 14 16 5F 43 53 54 00 A4 5C 2F 03 5F 50  PU2.._CST..\/._P
    0060: 52 5F 43 50 55 30 5F 43 53 54 10 22 5C 2E 5F 50  R_CPU0_CST."\._P
    0070: 52 5F 43 50 55 33 14 16 5F 43 53 54 00 A4 5C 2F  R_CPU3.._CST..\/
    0080: 03 5F 50 52 5F 43 50 55 30 5F 43 53 54 10 22 5C  ._PR_CPU0_CST."\
    0090: 2E 5F 50 52 5F 43 50 55 34 14 16 5F 43 53 54 00  ._PR_CPU4.._CST.
    00A0: A4 5C 2F 03 5F 50 52 5F 43 50 55 30 5F 43 53 54  .\/._PR_CPU0_CST
    00B0: 10 22 5C 2E 5F 50 52 5F 43 50 55 35 14 16 5F 43  ."\._PR_CPU5.._C
    00C0: 53 54 00 A4 5C 2F 03 5F 50 52 5F 43 50 55 30 5F  ST..\/._PR_CPU0_
    00D0: 43 53 54 10 22 5C 2E 5F 50 52 5F 43 50 55 36 14  CST."\._PR_CPU6.
    00E0: 16 5F 43 53 54 00 A4 5C 2F 03 5F 50 52 5F 43 50  ._CST..\/._PR_CP
    00F0: 55 30 5F 43 53 54 10 22 5C 2E 5F 50 52 5F 43 50  U0_CST."\._PR_CP
    0100: 55 37 14 16 5F 43 53 54 00 A4 5C 2F 03 5F 50 52  U7.._CST..\/._PR
    0110: 5F 43 50 55 30 5F 43 53 54                       _CPU0_CST

SSDT @ 0x0000000000000000
    0000: 53 53 44 54 D3 03 00 00 01 B3 50 6D 52 65 66 00  SSDT......PmRef.
    0010: 43 70 75 30 43 73 74 00 01 30 00 00 49 4E 54 4C  Cpu0Cst..0..INTL
    0020: 11 07 12 20 10 4E 3A 5C 2E 5F 50 52 5F 43 50 55  ... .N:\._PR_CPU
    0030: 30 08 43 31 54 4D 12 1C 04 11 14 0A 11 82 0C 00  0.C1TM..........
    0040: 7F 00 00 00 00 00 00 00 00 00 00 00 79 00 01 01  ............y...
    0050: 0B E8 03 08 43 33 54 4D 12 1D 04 11 14 0A 11 82  ....C3TM........
    0060: 0C 00 01 08 00 00 14 18 00 00 00 00 00 00 79 00  ..............y.
    0070: 0A 02 00 0B F4 01 08 43 36 54 4D 12 1D 04 11 14  .......C6TM.....
    0080: 0A 11 82 0C 00 01 08 00 00 15 18 00 00 00 00 00  ................
    0090: 00 79 00 0A 02 00 0B 5E 01 08 43 37 54 4D 12 1C  .y.....^..C7TM..
    00A0: 04 11 14 0A 11 82 0C 00 01 08 00 00 16 18 00 00  ................
    00B0: 00 00 00 00 79 00 0A 02 00 0A C8 08 43 44 54 4D  ....y.......CDTM
    00C0: 12 1B 04 11 14 0A 11 82 0C 00 01 08 00 00 16 18  ................
    00D0: 00 00 00 00 00 00 79 00 0A 03 00 00 08 4D 57 45  ......y......MWE
    00E0: 53 11 14 0A 11 82 0C 00 7F 01 02 01 00 00 00 00  S...............
    00F0: 00 00 00 00 79 00 08 41 43 32 56 00 08 41 43 33  ....y..AC2V..AC3
    0100: 56 00 08 43 33 53 54 12 0D 04 0A 03 12 02 00 12  V..C3ST.........
    0110: 02 00 12 02 00 08 43 32 53 54 12 0A 03 0A 02 12  ......C2ST......
    0120: 02 00 12 02 00 08 43 31 53 54 12 06 02 01 12 02  ......C1ST......
    0130: 00 08 43 53 54 46 00 08 47 45 41 52 00 14 45 29  ..CSTF..GEAR..E)
    0140: 5F 43 53 54 08 A0 48 11 92 43 53 54 46 70 43 33  _CST..H..CSTFpC3
    0150: 4C 54 88 43 33 54 4D 0A 02 00 70 43 36 4C 54 88  LT.C3TM...pC6LT.
    0160: 43 36 54 4D 0A 02 00 70 43 37 4C 54 88 43 37 54  C6TM...pC7LT.C7T
    0170: 4D 0A 02 00 70 43 44 4C 54 88 43 44 54 4D 0A 02  M...pCDLT.CDTM..
    0180: 00 70 43 44 50 57 88 43 44 54 4D 0A 03 00 70 43  .pCDPW.CDTM...pC
    0190: 44 4C 56 88 83 88 43 44 54 4D 00 00 0A 07 00 A0  DLV...CDTM......
    01A0: 45 09 90 7B 43 46 47 44 0B 00 08 00 7B 50 44 43  E..{CFGD....{PDC
    01B0: 30 0B 00 02 00 70 4D 57 45 53 88 43 31 54 4D 00  0....pMWES.C1TM.
    01C0: 00 70 4D 57 45 53 88 43 33 54 4D 00 00 70 4D 57  .pMWES.C3TM..pMW
    01D0: 45 53 88 43 36 54 4D 00 00 70 4D 57 45 53 88 43  ES.C6TM..pMWES.C
    01E0: 37 54 4D 00 00 70 4D 57 45 53 88 43 44 54 4D 00  7TM..pMWES.CDTM.
    01F0: 00 70 43 33 4D 57 88 83 88 43 33 54 4D 00 00 0A  .pC3MW...C3TM...
    0200: 07 00 70 43 36 4D 57 88 83 88 43 36 54 4D 00 00  ..pC6MW...C6TM..
    0210: 0A 07 00 70 43 37 4D 57 88 83 88 43 37 54 4D 00  ...pC7MW...C7TM.
    0220: 00 0A 07 00 70 43 44 4D 57 88 83 88 43 44 54 4D  ....pCDMW...CDTM
    0230: 00 00 0A 07 00 A1 22 A0 20 90 7B 43 46 47 44 0B  ......". .{CFGD.
    0240: 00 08 00 7B 50 44 43 30 0B 00 01 00 70 4D 57 45  ...{PDC0....pMWE
    0250: 53 88 43 31 54 4D 00 00 70 FF 43 53 54 46 70 00  S.C1TM..p.CSTFp.
    0260: 41 43 32 56 70 00 41 43 33 56 70 43 31 54 4D 88  AC2Vp.AC3VpC1TM.
    0270: 43 33 53 54 01 00 A0 1C 7B 43 46 47 44 0A 20 00  C3ST....{CFGD. .
    0280: 70 43 37 54 4D 88 43 33 53 54 0A 02 00 70 FF 41  pC7TM.C3ST...p.A
    0290: 43 32 56 A1 3D A0 1C 7B 43 46 47 44 0A 10 00 70  C2V.=..{CFGD...p
    02A0: 43 36 54 4D 88 43 33 53 54 0A 02 00 70 FF 41 43  C6TM.C3ST...p.AC
    02B0: 32 56 A1 1E A0 1C 7B 43 46 47 44 0A 08 00 70 43  2V....{CFGD...pC
    02C0: 33 54 4D 88 43 33 53 54 0A 02 00 70 FF 41 43 32  3TM.C3ST...p.AC2
    02D0: 56 A0 1D 7B 43 46 47 44 0B 00 40 00 70 43 44 54  V..{CFGD..@.pCDT
    02E0: 4D 88 43 33 53 54 0A 03 00 70 FF 41 43 33 56 A0  M.C3ST...p.AC3V.
    02F0: 38 93 47 45 41 52 01 A0 22 7B 43 46 47 44 0A 08  8.GEAR.."{CFGD..
    0300: 00 70 43 33 54 4D 88 43 33 53 54 0A 02 00 70 FF  .pC3TM.C3ST...p.
    0310: 41 43 32 56 70 00 41 43 33 56 A1 0D 70 00 41 43  AC2Vp.AC3V..p.AC
    0320: 32 56 70 00 41 43 33 56 A0 14 93 47 45 41 52 0A  2Vp.AC3V...GEAR.
    0330: 02 70 00 41 43 32 56 70 00 41 43 33 56 A0 0F 90  .p.AC2Vp.AC3V...
    0340: 41 43 32 56 41 43 33 56 A4 43 33 53 54 A1 45 08  AC2VAC3V.C3ST.E.
    0350: A0 2C 41 43 32 56 70 83 88 43 33 53 54 01 00 88  .,AC2Vp..C3ST...
    0360: 43 32 53 54 01 00 70 83 88 43 33 53 54 0A 02 00  C2ST..p..C3ST...
    0370: 88 43 32 53 54 0A 02 00 A4 43 32 53 54 A1 45 05  .C2ST....C2ST.E.
    0380: A0 3B 41 43 33 56 70 83 88 43 33 53 54 01 00 88  .;AC3Vp..C3ST...
    0390: 43 32 53 54 01 00 70 83 88 43 33 53 54 0A 03 00  C2ST..p..C3ST...
    03A0: 88 43 32 53 54 0A 02 00 70 0A 02 88 83 88 43 32  .C2ST...p.....C2
    03B0: 53 54 0A 02 00 01 00 A4 43 32 53 54 A1 16 70 83  ST......C2ST..p.
    03C0: 88 43 33 53 54 01 00 88 43 31 53 54 01 00 A4 43  .C3ST...C1ST...C
    03D0: 31 53 54                                         1ST

SSDT @ 0x0000000000000000
    0000: 53 53 44 54 AA 05 00 00 01 D3 50 6D 52 65 66 00  SSDT......PmRef.
    0010: 41 70 49 73 74 00 00 00 00 30 00 00 49 4E 54 4C  ApIst....0..INTL
    0020: 11 07 12 20 10 49 0C 5C 2E 5F 50 52 5F 43 50 55  ... .I.\._PR_CPU
    0030: 31 14 16 5F 50 50 43 00 A4 5C 2F 03 5F 50 52 5F  1.._PPC..\/._PR_
    0040: 43 50 55 30 5F 50 50 43 14 16 5F 50 43 54 00 A4  CPU0_PPC.._PCT..
    0050: 5C 2F 03 5F 50 52 5F 43 50 55 30 5F 50 43 54 14  \/._PR_CPU0_PCT.
    0060: 16 5F 50 53 53 00 A4 5C 2F 03 5F 50 52 5F 43 50  ._PSS..\/._PR_CP
    0070: 55 30 5F 50 53 53 08 50 53 44 46 00 14 4B 04 5F  U0_PSS.PSDF..K._
    0080: 50 53 44 00 A0 2E 92 50 53 44 46 70 54 43 4E 54  PSD....PSDFpTCNT
    0090: 88 83 88 48 50 53 44 00 00 0A 04 00 70 54 43 4E  ...HPSD.....pTCN
    00A0: 54 88 83 88 53 50 53 44 00 00 0A 04 00 70 FF 50  T...SPSD.....p.P
    00B0: 53 44 46 A0 0F 7B 50 44 43 30 0B 00 08 00 A4 48  SDF..{PDC0.....H
    00C0: 50 53 44 A4 53 50 53 44 08 48 50 53 44 12 0D 01  PSD.SPSD.HPSD...
    00D0: 12 0A 05 0A 05 00 00 0A FE 0A 80 08 53 50 53 44  ............SPSD
    00E0: 12 0D 01 12 0A 05 0A 05 00 00 0A FC 0A 80 10 49  ...............I
    00F0: 0C 5C 2E 5F 50 52 5F 43 50 55 32 14 16 5F 50 50  .\._PR_CPU2.._PP
    0100: 43 00 A4 5C 2F 03 5F 50 52 5F 43 50 55 30 5F 50  C..\/._PR_CPU0_P
    0110: 50 43 14 16 5F 50 43 54 00 A4 5C 2F 03 5F 50 52  PC.._PCT..\/._PR
    0120: 5F 43 50 55 30 5F 50 43 54 14 16 5F 50 53 53 00  _CPU0_PCT.._PSS.
    0130: A4 5C 2F 03 5F 50 52 5F 43 50 55 30 5F 50 53 53  .\/._PR_CPU0_PSS
    0140: 08 50 53 44 46 00 14 4B 04 5F 50 53 44 00 A0 2E  .PSDF..K._PSD...
    0150: 92 50 53 44 46 70 54 43 4E 54 88 83 88 48 50 53  .PSDFpTCNT...HPS
    0160: 44 00 00 0A 04 00 70 54 43 4E 54 88 83 88 53 50  D.....pTCNT...SP
    0170: 53 44 00 00 0A 04 00 70 FF 50 53 44 46 A0 0F 7B  SD.....p.PSDF..{
    0180: 50 44 43 30 0B 00 08 00 A4 48 50 53 44 A4 53 50  PDC0.....HPSD.SP
    0190: 53 44 08 48 50 53 44 12 0D 01 12 0A 05 0A 05 00  SD.HPSD.........
    01A0: 00 0A FE 0A 80 08 53 50 53 44 12 0D 01 12 0A 05  ......SPSD......
    01B0: 0A 05 00 00 0A FC 0A 80 10 49 0C 5C 2E 5F 50 52  .........I.\._PR
    01C0: 5F 43 50 55 33 14 16 5F 50 50 43 00 A4 5C 2F 03  _CPU3.._PPC..\/.
    01D0: 5F 50 52 5F 43 50 55 30 5F 50 50 43 14 16 5F 50  _PR_CPU0_PPC.._P
    01E0: 43 54 00 A4 5C 2F 03 5F 50 52 5F 43 50 55 30 5F  CT..\/._PR_CPU0_
    01F0: 50 43 54 14 16 5F 50 53 53 00 A4 5C 2F 03 5F 50  PCT.._PSS..\/._P
    0200: 52 5F 43 50 55 30 5F 50 53 53 08 50 53 44 46 00  R_CPU0_PSS.PSDF.
    0210: 14 4B 04 5F 50 53 44 00 A0 2E 92 50 53 44 46 70  .K._PSD....PSDFp
    0220: 54 43 4E 54 88 83 88 48 50 53 44 00 00 0A 04 00  TCNT...HPSD.....
    0230: 70 54 43 4E 54 88 83 88 53 50 53 44 00 00 0A 04  pTCNT...SPSD....
    0240: 00 70 FF 50 53 44 46 A0 0F 7B 50 44 43 30 0B 00  .p.PSDF..{PDC0..
    0250: 08 00 A4 48 50 53 44 A4 53 50 53 44 08 48 50 53  ...HPSD.SPSD.HPS
    0260: 44 12 0D 01 12 0A 05 0A 05 00 00 0A FE 0A 80 08  D...............
    0270: 53 50 53 44 12 0D 01 12 0A 05 0A 05 00 00 0A FC  SPSD............
    0280: 0A 80 10 49 0C 5C 2E 5F 50 52 5F 43 50 55 34 14  ...I.\._PR_CPU4.
    0290: 16 5F 50 50 43 00 A4 5C 2F 03 5F 50 52 5F 43 50  ._PPC..\/._PR_CP
    02A0: 55 30 5F 50 50 43 14 16 5F 50 43 54 00 A4 5C 2F  U0_PPC.._PCT..\/
    02B0: 03 5F 50 52 5F 43 50 55 30 5F 50 43 54 14 16 5F  ._PR_CPU0_PCT.._
    02C0: 50 53 53 00 A4 5C 2F 03 5F 50 52 5F 43 50 55 30  PSS..\/._PR_CPU0
    02D0: 5F 50 53 53 08 50 53 44 46 00 14 4B 04 5F 50 53  _PSS.PSDF..K._PS
    02E0: 44 00 A0 2E 92 50 53 44 46 70 54 43 4E 54 88 83  D....PSDFpTCNT..
    02F0: 88 48 50 53 44 00 00 0A 04 00 70 54 43 4E 54 88  .HPSD.....pTCNT.
    0300: 83 88 53 50 53 44 00 00 0A 04 00 70 FF 50 53 44  ..SPSD.....p.PSD
    0310: 46 A0 0F 7B 50 44 43 30 0B 00 08 00 A4 48 50 53  F..{PDC0.....HPS
    0320: 44 A4 53 50 53 44 08 48 50 53 44 12 0D 01 12 0A  D.SPSD.HPSD.....
    0330: 05 0A 05 00 00 0A FE 0A 80 08 53 50 53 44 12 0D  ..........SPSD..
    0340: 01 12 0A 05 0A 05 00 00 0A FC 0A 80 10 49 0C 5C  .............I.\
    0350: 2E 5F 50 52 5F 43 50 55 35 14 16 5F 50 50 43 00  ._PR_CPU5.._PPC.
    0360: A4 5C 2F 03 5F 50 52 5F 43 50 55 30 5F 50 50 43  .\/._PR_CPU0_PPC
    0370: 14 16 5F 50 43 54 00 A4 5C 2F 03 5F 50 52 5F 43  .._PCT..\/._PR_C
    0380: 50 55 30 5F 50 43 54 14 16 5F 50 53 53 00 A4 5C  PU0_PCT.._PSS..\
    0390: 2F 03 5F 50 52 5F 43 50 55 30 5F 50 53 53 08 50  /._PR_CPU0_PSS.P
    03A0: 53 44 46 00 14 4B 04 5F 50 53 44 00 A0 2E 92 50  SDF..K._PSD....P
    03B0: 53 44 46 70 54 43 4E 54 88 83 88 48 50 53 44 00  SDFpTCNT...HPSD.
    03C0: 00 0A 04 00 70 54 43 4E 54 88 83 88 53 50 53 44  ....pTCNT...SPSD
    03D0: 00 00 0A 04 00 70 FF 50 53 44 46 A0 0F 7B 50 44  .....p.PSDF..{PD
    03E0: 43 30 0B 00 08 00 A4 48 50 53 44 A4 53 50 53 44  C0.....HPSD.SPSD
    03F0: 08 48 50 53 44 12 0D 01 12 0A 05 0A 05 00 00 0A  .HPSD...........
    0400: FE 0A 80 08 53 50 53 44 12 0D 01 12 0A 05 0A 05  ....SPSD........
    0410: 00 00 0A FC 0A 80 10 49 0C 5C 2E 5F 50 52 5F 43  .......I.\._PR_C
    0420: 50 55 36 14 16 5F 50 50 43 00 A4 5C 2F 03 5F 50  PU6.._PPC..\/._P
    0430: 52 5F 43 50 55 30 5F 50 50 43 14 16 5F 50 43 54  R_CPU0_PPC.._PCT
    0440: 00 A4 5C 2F 03 5F 50 52 5F 43 50 55 30 5F 50 43  ..\/._PR_CPU0_PC
    0450: 54 14 16 5F 50 53 53 00 A4 5C 2F 03 5F 50 52 5F  T.._PSS..\/._PR_
    0460: 43 50 55 30 5F 50 53 53 08 50 53 44 46 00 14 4B  CPU0_PSS.PSDF..K
    0470: 04 5F 50 53 44 00 A0 2E 92 50 53 44 46 70 54 43  ._PSD....PSDFpTC
    0480: 4E 54 88 83 88 48 50 53 44 00 00 0A 04 00 70 54  NT...HPSD.....pT
    0490: 43 4E 54 88 83 88 53 50 53 44 00 00 0A 04 00 70  CNT...SPSD.....p
    04A0: FF 50 53 44 46 A0 0F 7B 50 44 43 30 0B 00 08 00  .PSDF..{PDC0....
    04B0: A4 48 50 53 44 A4 53 50 53 44 08 48 50 53 44 12  .HPSD.SPSD.HPSD.
    04C0: 0D 01 12 0A 05 0A 05 00 00 0A FE 0A 80 08 53 50  ..............SP
    04D0: 53 44 12 0D 01 12 0A 05 0A 05 00 00 0A FC 0A 80  SD..............
    04E0: 10 49 0C 5C 2E 5F 50 52 5F 43 50 55 37 14 16 5F  .I.\._PR_CPU7.._
    04F0: 50 50 43 00 A4 5C 2F 03 5F 50 52 5F 43 50 55 30  PPC..\/._PR_CPU0
    0500: 5F 50 50 43 14 16 5F 50 43 54 00 A4 5C 2F 03 5F  _PPC.._PCT..\/._
    0510: 50 52 5F 43 50 55 30 5F 50 43 54 14 16 5F 50 53  PR_CPU0_PCT.._PS
    0520: 53 00 A4 5C 2F 03 5F 50 52 5F 43 50 55 30 5F 50  S..\/._PR_CPU0_P
    0530: 53 53 08 50 53 44 46 00 14 4B 04 5F 50 53 44 00  SS.PSDF..K._PSD.
    0540: A0 2E 92 50 53 44 46 70 54 43 4E 54 88 83 88 48  ...PSDFpTCNT...H
    0550: 50 53 44 00 00 0A 04 00 70 54 43 4E 54 88 83 88  PSD.....pTCNT...
    0560: 53 50 53 44 00 00 0A 04 00 70 FF 50 53 44 46 A0  SPSD.....p.PSDF.
    0570: 0F 7B 50 44 43 30 0B 00 08 00 A4 48 50 53 44 A4  .{PDC0.....HPSD.
    0580: 53 50 53 44 08 48 50 53 44 12 0D 01 12 0A 05 0A  SPSD.HPSD.......
    0590: 05 00 00 0A FE 0A 80 08 53 50 53 44 12 0D 01 12  ........SPSD....
    05A0: 0A 05 0A 05 00 00 0A FC 0A 80                    ..........

